idx_orig,Author,Year of publication,DOI,Dry deposition,Wet deposition,Bulk deposition,Air concentration,Diameter (um),Length (um),Length average,Shape,Start date,End date,lon (east),lat (north),height (m asl),parts/m2/day (dry),parts/m2/day (wet),parts/m2/day (bulk),parts/m3 (air),mg/m2/day (dry),mg/m2/day (wet),mg/m2/day (bulk),mg/m3 (air),Aspect Ratio,film L,film I,film S,area,geogr_region,edits,comments
0,Cai,2017,https://doi.org/10.1007/s11356-017-0116-x,,,o,,12.24744871391589,"200-700, 700-1200",489.8979485566356,fiber,2016-10-01,2016-10-31,114.3166666666667,23.08333333333333,,,,67.0,,,,0.0046401284322528736,,40.0,,,,coastal,SAS,adjusted parts and mg to exclude non-plastic fibers,
1,Cai,2017,https://doi.org/10.1007/s11356-017-0116-x,,,o,,12.24744871391589,,489.8979485566356,fiber,2016-11-01,2016-11-30,114.3166666666667,23.08333333333333,,,,56.0,,,,0.00387831630158449,,40.0,,,,coastal,SAS,adjusted parts and mg to exclude non-plastic fibers,
2,Cai,2017,https://doi.org/10.1007/s11356-017-0116-x,,,o,,12.24744871391589,,489.8979485566356,fiber,2016-12-01,2016-12-31,114.3166666666667,23.08333333333333,,,,52.0,,,,0.00360129370861417,,40.0,,,,coastal,SAS,adjusted parts and mg to exclude non-plastic fibers,
3,Cai,2017,https://doi.org/10.1007/s11356-017-0116-x,,,o,,12.24744871391589,,489.8979485566356,fiber,2016-10-01,2016-10-31,114.2666666666667,23.1,,,,44.0,,,,0.003047248522673529,,40.0,,,,coastal,SAS,adjusted parts and mg to exclude non-plastic fibers,
4,Cai,2017,https://doi.org/10.1007/s11356-017-0116-x,,,o,,12.24744871391589,,489.8979485566356,fiber,2016-11-01,2016-11-30,114.2666666666667,23.1,,,,42.0,,,,0.002908737226188368,,40.0,,,,coastal,SAS,adjusted parts and mg to exclude non-plastic fibers,
5,Cai,2017,https://doi.org/10.1007/s11356-017-0116-x,,,o,,12.24744871391589,,489.8979485566356,fiber,2016-12-01,2016-12-31,114.2666666666667,23.1,,,,41.0,,,,0.002839481577945788,,40.0,,,,coastal,SAS,adjusted parts and mg to exclude non-plastic fibers,
6,Cai,2017,https://doi.org/10.1007/s11356-017-0116-x,,,o,,12.24744871391589,,489.8979485566356,fiber,2016-10-01,2016-10-31,114.25,23.05,,,,40.0,,,,0.0027702259297032084,,40.0,,,,coastal,SAS,adjusted parts and mg to exclude non-plastic fibers,
7,Cai,2017,https://doi.org/10.1007/s11356-017-0116-x,,,o,,12.24744871391589,,489.8979485566356,fiber,2016-11-01,2016-11-30,114.25,23.05,,,,39.0,,,,0.002700970281460627,,40.0,,,,coastal,SAS,adjusted parts and mg to exclude non-plastic fibers,
8,Cai,2017,https://doi.org/10.1007/s11356-017-0116-x,,,o,,12.24744871391589,,489.8979485566356,fiber,2016-12-01,2016-12-31,114.25,23.05,,,,45.0,,,,0.0031165041709161076,,40.0,,,,coastal,SAS,adjusted parts and mg to exclude non-plastic fibers,
9,Dris,2016,https://doi.org/10.1016/j.marpolbul.2016.01.006,,,o,,11.0,"200-400, 400-600",346.4101615137754,fiber,2014-02-19,2015-03-12,2.433333333333334,48.78333333333333,,,,110.0,,,,0.004345372356925333,,31.49183286488868,,,,land,EUR,,
10,Dris,2016,https://doi.org/10.1016/j.marpolbul.2016.01.006,,,o,,11.0,,346.4101615137754,fiber,2014-10-03,2015-03-12,2.583333333333333,48.83333333333334,,,,53.0,,,,0.002093679408336752,,31.49183286488868,,,,land,EUR,,
11,Thinh,2020,https://doi.org/10.31276/vjste.62(3).83-89,,,o,,5.590169943749475,100-500,223.606797749979,fiber,2018-12-20,2018-12-23,106.4333333333333,10.95,,,,657.0,,,,0.004326719213638446,,40.0,,,,land,SAS,,
12,Thinh,2020,https://doi.org/10.31276/vjste.62(3).83-89,,,o,,5.590169943749475,,223.606797749979,fiber,2018-12-24,2018-12-26,106.4333333333333,10.95,,,,1256.3,,,,0.008273451062547914,,40.0,,,,land,SAS,,
13,Thinh,2020,https://doi.org/10.31276/vjste.62(3).83-89,,,o,,5.590169943749475,,223.606797749979,fiber,2019-01-03,2019-01-06,106.4333333333333,10.95,,,,1105.2,,,,0.007278371499106866,,40.0,,,,land,SAS,,
14,Thinh,2020,https://doi.org/10.31276/vjste.62(3).83-89,,,o,,5.590169943749475,,223.606797749979,fiber,2019-01-07,2019-01-09,106.4333333333333,10.95,,,,2315.6,,,,0.01524954491796223,,40.0,,,,land,SAS,,
15,Thinh,2020,https://doi.org/10.31276/vjste.62(3).83-89,,,o,,5.590169943749475,,223.606797749979,fiber,2019-05-16,2019-05-19,106.4333333333333,10.95,,,,300.5,,,,0.001978963658597189,,40.0,,,,land,SAS,,
16,Thinh,2020,https://doi.org/10.31276/vjste.62(3).83-89,,,o,,5.590169943749475,,223.606797749979,fiber,2019-05-27,2019-05-29,106.4333333333333,10.95,,,,434.6,,,,0.002862088539189146,,40.0,,,,land,SAS,,
17,Thinh,2020,https://doi.org/10.31276/vjste.62(3).83-89,,,o,,5.590169943749475,,223.606797749979,fiber,2019-06-03,2019-06-06,106.4333333333333,10.95,,,,438.0,,,,0.002884479475758964,,40.0,,,,land,SAS,,
18,Thinh,2020,https://doi.org/10.31276/vjste.62(3).83-89,,,o,,5.590169943749475,,223.606797749979,fiber,2019-06-06,2019-06-08,106.4333333333333,10.95,,,,414.2,,,,0.002727742919770235,,40.0,,,,land,SAS,,
19,Thinh,2020,https://doi.org/10.31276/vjste.62(3).83-89,,,o,,15.86335675591318,1000-10000 (surf. Area),31.72671351182636,fragment,2018-12-20,2018-12-23,106.4333333333333,10.95,,,,122.2,,,,0.0009194853081320789,,2.0,,,,land,SAS,,
20,Thinh,2020,https://doi.org/10.31276/vjste.62(3).83-89,,,o,,15.86335675591318,,31.72671351182636,fragment,2018-12-24,2018-12-26,106.4333333333333,10.95,,,,183.3,,,,0.001379227962198119,,2.0,,,,land,SAS,,
21,Thinh,2020,https://doi.org/10.31276/vjste.62(3).83-89,,,o,,15.86335675591318,,31.72671351182636,fragment,2019-01-03,2019-01-06,106.4333333333333,10.95,,,,275.0,,,,0.002069218164781683,,2.0,,,,land,SAS,,
22,Thinh,2020,https://doi.org/10.31276/vjste.62(3).83-89,,,o,,15.86335675591318,,31.72671351182636,fragment,2019-01-07,2019-01-09,106.4333333333333,10.95,,,,1290.2,,,,0.009708019186186646,,2.0,,,,land,SAS,,
23,Thinh,2020,https://doi.org/10.31276/vjste.62(3).83-89,,,o,,15.86335675591318,,31.72671351182636,fragment,2019-05-16,2019-05-19,106.4333333333333,10.95,,,,127.3,,,,0.0009578598995516665,,2.0,,,,land,SAS,,
24,Thinh,2020,https://doi.org/10.31276/vjste.62(3).83-89,,,o,,15.86335675591318,,31.72671351182636,fragment,2019-05-27,2019-05-29,106.4333333333333,10.95,,,,251.3,,,,0.001890889181125953,,2.0,,,,land,SAS,,
25,Thinh,2020,https://doi.org/10.31276/vjste.62(3).83-89,,,o,,15.86335675591318,,31.72671351182636,fragment,2019-06-03,2019-06-06,106.4333333333333,10.95,,,,896.4,,,,0.006744898774219276,,2.0,,,,land,SAS,,
26,Thinh,2020,https://doi.org/10.31276/vjste.62(3).83-89,,,o,,15.86335675591318,,31.72671351182636,fragment,2019-06-06,2019-06-08,106.4333333333333,10.95,,,,787.7,,,,0.005926993266903753,,2.0,,,,land,SAS,,
27,Klein and Fischer,2019,https://doi.org/10.1016/j.scitotenv.2019.05.405,,,o,,31.5,<63,63.0,fragment,2017-12-01,2018-02-28,10.006,53.53,,,,261.25,,,,0.01539133443323438,,2.0,,,,land,EUR,,
28,Klein and Fischer,2019,https://doi.org/10.1016/j.scitotenv.2019.05.405,,,o,,14.03121520040228,63-5000,561.2486080160912,fiber,2017-12-01,2018-02-28,10.006,53.53,,,,13.75,,,,0.001431880797589697,,40.0,,,,land,EUR,,
29,Wright,2020,https://doi.org/10.1016/j.envint.2019.105411,,,o,,24.0,400-500,905.0,fiber,2018-01-19,2018-02-16,-0.1171,51.5111,,,,712.0,,,,0.349791599232,,37.70833333333334,,,,land,EUR,,
30,Wright,2020,https://doi.org/10.1016/j.envint.2019.105411,,,o,,,75-100,164.0,sphere,2018-01-19,2018-02-16,-0.1171,51.5111,,,,59.0,,,,0.1635171933363925,,,,,,land,EUR,,
31,Allen,2019,https://doi.org/10.1038/s41561-019-0335-5,,,o,,2.5,<25,5.0,fragment,2017-11-16,2017-11-28,1.416666666666667,42.8,1425.0,,,353.7164268833696,,,,1.041750145363224e-05,,2.0,,,,land,EUR,fixed misformatted start and end dates,
32,Allen,2019,https://doi.org/10.1038/s41561-019-0335-5,,,o,,2.5,,5.0,fragment,2017-11-29,2017-12-18,1.416666666666667,42.8,1425.0,,,257.666624449058,,,,7.588684694125461e-06,,2.0,,,,land,EUR,fixed misformatted start and end dates,
33,Allen,2019,https://doi.org/10.1038/s41561-019-0335-5,,,o,,2.5,,5.0,fragment,2017-12-19,2018-01-22,1.416666666666667,42.8,1425.0,,,183.3197025722995,,,,5.39905167778949e-06,,2.0,,,,land,EUR,fixed misformatted start and end dates,
34,Allen,2019,https://doi.org/10.1038/s41561-019-0335-5,,,o,,2.5,,5.0,fragment,2018-01-23,2018-03-05,1.416666666666667,42.8,1425.0,,,183.1962252754953,,,,5.39541507846533e-06,,2.0,,,,land,EUR,fixed misformatted start and end dates,
35,Allen,2019,https://doi.org/10.1038/s41561-019-0335-5,,,o,,2.5,,5.0,fragment,2018-03-06,2018-04-09,1.416666666666667,42.8,1425.0,,,265.7203395431105,,,,7.82587918757514e-06,,2.0,,,,land,EUR,fixed misformatted start and end dates,
36,Allen,2019,https://doi.org/10.1038/s41561-019-0335-5,,,o,,4.330127018922193,100-300,173.2050807568877,fiber,2017-11-16,2017-11-28,1.416666666666667,42.8,1425.0,,,74.73719641485839,,,,0.0002287478498322864,,40.0,,,,land,EUR,fixed misformatted start and end dates,
37,Allen,2019,https://doi.org/10.1038/s41561-019-0335-5,,,o,,4.330127018922193,,173.2050807568877,fiber,2017-11-29,2017-12-18,1.416666666666667,42.8,1425.0,,,56.1331285905692,,,,0.0001718064509428023,,40.0,,,,land,EUR,fixed misformatted start and end dates,
38,Allen,2019,https://doi.org/10.1038/s41561-019-0335-5,,,o,,4.330127018922193,,173.2050807568877,fiber,2017-12-19,2018-01-22,1.416666666666667,42.8,1425.0,,,31.36851303590632,,,,9.600948729156598e-05,,40.0,,,,land,EUR,fixed misformatted start and end dates,
39,Allen,2019,https://doi.org/10.1038/s41561-019-0335-5,,,o,,4.330127018922193,,173.2050807568877,fiber,2018-01-23,2018-03-05,1.416666666666667,42.8,1425.0,,,29.47680308353512,,,,9.021953791068152e-05,,40.0,,,,land,EUR,fixed misformatted start and end dates,
40,Allen,2019,https://doi.org/10.1038/s41561-019-0335-5,,,o,,4.330127018922193,,173.2050807568877,fiber,2018-03-06,2018-04-09,1.416666666666667,42.8,1425.0,,,26.37783402877355,,,,8.073453523492461e-05,,40.0,,,,land,EUR,fixed misformatted start and end dates,
41,Allen,2019,https://doi.org/10.1038/s41561-019-0335-5,,,o,,,50-100,70.71067811865476,film,2017-11-16,2017-11-28,1.416666666666667,42.8,1425.0,,,33.57080351180388,,,,5.593003173546267e-05,,14.14213562373095,70.71067811865476,50.0,5.0,land,EUR,fixed misformatted start and end dates,
42,Allen,2019,https://doi.org/10.1038/s41561-019-0335-5,,,o,,,,70.71067811865476,film,2017-11-29,2017-12-18,1.416666666666667,42.8,1425.0,,,45.08272077854792,,,,7.510925387825783e-05,,14.14213562373095,70.71067811865476,50.0,5.0,land,EUR,fixed misformatted start and end dates,
43,Allen,2019,https://doi.org/10.1038/s41561-019-0335-5,,,o,,,,70.71067811865476,film,2017-12-19,2018-01-22,1.416666666666667,42.8,1425.0,,,91.2123477358829,,,,0.0001519626869145458,,14.14213562373095,70.71067811865476,50.0,5.0,land,EUR,fixed misformatted start and end dates,
44,Allen,2019,https://doi.org/10.1038/s41561-019-0335-5,,,o,,,,70.71067811865476,film,2018-01-23,2018-03-05,1.416666666666667,42.8,1425.0,,,84.59145362301064,,,,0.0001409320656867912,,14.14213562373095,70.71067811865476,50.0,5.0,land,EUR,fixed misformatted start and end dates,
45,Allen,2019,https://doi.org/10.1038/s41561-019-0335-5,,,o,,,,70.71067811865476,film,2018-03-06,2018-04-09,1.416666666666667,42.8,1425.0,,,110.2525616746914,,,,0.0001836842919536721,,14.14213562373095,70.71067811865476,50.0,5.0,land,EUR,fixed misformatted start and end dates,
46,Huang,2021,https://doi.org/10.1016/j.jhazmat.2021.126168,,,o,,25.0,500-2000,1000.0,fiber,2018-08-01,2018-08-31,113.4,23.2,,,,78.0,,,,0.0459444375,,40.0,,,,land,SAS,,
47,Huang,2021,https://doi.org/10.1016/j.jhazmat.2021.126168,,,o,,25.0,,1000.0,fiber,2018-09-02,2018-10-14,113.4,23.2,,,,37.0,,,,0.02179415625,,40.0,,,,land,SAS,,
48,Huang,2021,https://doi.org/10.1016/j.jhazmat.2021.126168,,,o,,25.0,,1000.0,fiber,2018-10-14,2018-11-10,113.4,23.2,,,,90.0,,,,0.05301281250000001,,40.0,,,,land,SAS,,
49,Huang,2021,https://doi.org/10.1016/j.jhazmat.2021.126168,,,o,,25.0,,1000.0,fiber,2018-11-10,2018-12-02,113.4,23.2,,,,74.0,,,,0.0435883125,,40.0,,,,land,SAS,,
50,Huang,2021,https://doi.org/10.1016/j.jhazmat.2021.126168,,,o,,25.0,,1000.0,fiber,2018-12-02,2018-12-30,113.4,23.2,,,,31.0,,,,0.01825996875,,40.0,,,,land,SAS,,
51,Huang,2021,https://doi.org/10.1016/j.jhazmat.2021.126168,,,o,,25.0,,1000.0,fiber,2018-12-30,2019-01-27,113.4,23.2,,,,157.0,,,,0.09247790625,,40.0,,,,land,SAS,,
52,Huang,2021,https://doi.org/10.1016/j.jhazmat.2021.126168,,,o,,25.0,,1000.0,fiber,2019-01-27,2019-03-03,113.4,23.2,,,,115.0,,,,0.06773859375,,40.0,,,,land,SAS,,
53,Huang,2021,https://doi.org/10.1016/j.jhazmat.2021.126168,,,o,,25.0,,1000.0,fiber,2019-03-03,2019-03-31,113.4,23.2,,,,83.0,,,,0.04888959375,,40.0,,,,land,SAS,,
54,Huang,2021,https://doi.org/10.1016/j.jhazmat.2021.126168,,,o,,25.0,,1000.0,fiber,2019-03-31,2019-04-28,113.4,23.2,,,,73.0,,,,0.04299928125,,40.0,,,,land,SAS,,
55,Huang,2021,https://doi.org/10.1016/j.jhazmat.2021.126168,,,o,,25.0,,1000.0,fiber,2019-04-28,2019-05-27,113.4,23.2,,,,129.0,,,,0.07598503125,,40.0,,,,land,SAS,,
56,Huang,2021,https://doi.org/10.1016/j.jhazmat.2021.126168,,,o,,25.0,,1000.0,fiber,2019-05-27,2019-07-01,113.4,23.2,,,,91.0,,,,0.05360184375,,40.0,,,,land,SAS,,
57,Huang,2021,https://doi.org/10.1016/j.jhazmat.2021.126168,,,o,,25.0,,1000.0,fiber,2019-07-01,2019-07-31,113.4,23.2,,,,96.0,,,,0.056547,,40.0,,,,land,SAS,,
58,Huang,2021,https://doi.org/10.1016/j.jhazmat.2021.126168,,,o,,70.71067811865476,100-200,141.4213562373095,fragment,2018-08-01,2018-08-31,113.4,23.2,,,,1.0,,,,0.0006664127859292617,,2.0,,,,land,SAS,,
59,Huang,2021,https://doi.org/10.1016/j.jhazmat.2021.126168,,,o,,70.71067811865476,,141.4213562373095,fragment,2018-09-02,2018-10-14,113.4,23.2,,,,40.0,,,,0.02665651143717047,,2.0,,,,land,SAS,,
60,Huang,2021,https://doi.org/10.1016/j.jhazmat.2021.126168,,,o,,70.71067811865476,,141.4213562373095,fragment,2018-10-14,2018-11-10,113.4,23.2,,,,38.0,,,,0.02532368586531195,,2.0,,,,land,SAS,,
61,Huang,2021,https://doi.org/10.1016/j.jhazmat.2021.126168,,,o,,70.71067811865476,,141.4213562373095,fragment,2018-11-10,2018-12-02,113.4,23.2,,,,0.0,,,,0.0,,2.0,,,,land,SAS,,
62,Huang,2021,https://doi.org/10.1016/j.jhazmat.2021.126168,,,o,,70.71067811865476,,141.4213562373095,fragment,2018-12-02,2018-12-30,113.4,23.2,,,,15.0,,,,0.009996191788938926,,2.0,,,,land,SAS,,
63,Huang,2021,https://doi.org/10.1016/j.jhazmat.2021.126168,,,o,,70.71067811865476,,141.4213562373095,fragment,2018-12-30,2019-01-27,113.4,23.2,,,,17.0,,,,0.01132901736079745,,2.0,,,,land,SAS,,
64,Huang,2021,https://doi.org/10.1016/j.jhazmat.2021.126168,,,o,,70.71067811865476,,141.4213562373095,fragment,2019-01-27,2019-03-03,113.4,23.2,,,,13.0,,,,0.008663366217080401,,2.0,,,,land,SAS,,
65,Huang,2021,https://doi.org/10.1016/j.jhazmat.2021.126168,,,o,,70.71067811865476,,141.4213562373095,fragment,2019-03-03,2019-03-31,113.4,23.2,,,,9.0,,,,0.005997715073363355,,2.0,,,,land,SAS,,
66,Huang,2021,https://doi.org/10.1016/j.jhazmat.2021.126168,,,o,,70.71067811865476,,141.4213562373095,fragment,2019-03-31,2019-04-28,113.4,23.2,,,,78.0,,,,0.05198019730248241,,2.0,,,,land,SAS,,
67,Huang,2021,https://doi.org/10.1016/j.jhazmat.2021.126168,,,o,,70.71067811865476,,141.4213562373095,fragment,2019-04-28,2019-05-27,113.4,23.2,,,,2.0,,,,0.001332825571858523,,2.0,,,,land,SAS,,
68,Huang,2021,https://doi.org/10.1016/j.jhazmat.2021.126168,,,o,,70.71067811865476,,141.4213562373095,fragment,2019-05-27,2019-07-01,113.4,23.2,,,,0.0,,,,0.0,,2.0,,,,land,SAS,,
69,Huang,2021,https://doi.org/10.1016/j.jhazmat.2021.126168,,,o,,70.71067811865476,,141.4213562373095,fragment,2019-07-01,2019-07-31,113.4,23.2,,,,5.0,,,,0.003332063929646308,,2.0,,,,land,SAS,,
70,Huang,2021,https://doi.org/10.1016/j.jhazmat.2021.126168,,,o,,,<50,7.071067811865476,sphere,2018-08-01,2018-08-31,113.4,23.2,,,,1.0,,,,2.221441469079183e-07,,,,,,land,SAS,,
71,Huang,2021,https://doi.org/10.1016/j.jhazmat.2021.126168,,,o,,,,7.071067811865476,sphere,2018-09-02,2018-10-14,113.4,23.2,,,,0.0,,,,0.0,,,,,,land,SAS,,
72,Huang,2021,https://doi.org/10.1016/j.jhazmat.2021.126168,,,o,,,,7.071067811865476,sphere,2018-10-14,2018-11-10,113.4,23.2,,,,3.0,,,,6.664324407237551e-07,,,,,,land,SAS,,
73,Huang,2021,https://doi.org/10.1016/j.jhazmat.2021.126168,,,o,,,,7.071067811865476,sphere,2018-11-10,2018-12-02,113.4,23.2,,,,4.0,,,,8.885765876316734e-07,,,,,,land,SAS,,
74,Huang,2021,https://doi.org/10.1016/j.jhazmat.2021.126168,,,o,,,,7.071067811865476,sphere,2018-12-02,2018-12-30,113.4,23.2,,,,1.0,,,,2.221441469079183e-07,,,,,,land,SAS,,
75,Huang,2021,https://doi.org/10.1016/j.jhazmat.2021.126168,,,o,,,,7.071067811865476,sphere,2018-12-30,2019-01-27,113.4,23.2,,,,2.0,,,,4.442882938158367e-07,,,,,,land,SAS,,
76,Huang,2021,https://doi.org/10.1016/j.jhazmat.2021.126168,,,o,,,,7.071067811865476,sphere,2019-01-27,2019-03-03,113.4,23.2,,,,9.0,,,,1.999297322171265e-06,,,,,,land,SAS,,
77,Huang,2021,https://doi.org/10.1016/j.jhazmat.2021.126168,,,o,,,,7.071067811865476,sphere,2019-03-03,2019-03-31,113.4,23.2,,,,20.0,,,,4.442882938158367e-06,,,,,,land,SAS,,
78,Huang,2021,https://doi.org/10.1016/j.jhazmat.2021.126168,,,o,,,,7.071067811865476,sphere,2019-03-31,2019-04-28,113.4,23.2,,,,10.0,,,,2.221441469079184e-06,,,,,,land,SAS,,
79,Huang,2021,https://doi.org/10.1016/j.jhazmat.2021.126168,,,o,,,,7.071067811865476,sphere,2019-04-28,2019-05-27,113.4,23.2,,,,2.0,,,,4.442882938158367e-07,,,,,,land,SAS,,
80,Huang,2021,https://doi.org/10.1016/j.jhazmat.2021.126168,,,o,,,,7.071067811865476,sphere,2019-05-27,2019-07-01,113.4,23.2,,,,6.0,,,,1.33286488144751e-06,,,,,,land,SAS,,
81,Huang,2021,https://doi.org/10.1016/j.jhazmat.2021.126168,,,o,,,,7.071067811865476,sphere,2019-07-01,2019-07-31,113.4,23.2,,,,4.0,,,,8.885765876316734e-07,,,,,,land,SAS,,
82,Huang,2021,https://doi.org/10.1016/j.jhazmat.2021.126168,,,o,,,500-2000,1000.0,film,2018-08-01,2018-08-31,113.4,23.2,,,,0.0,,,,0.0,,200.0,1000.0,707.1067811865474,5.0,land,SAS,,
83,Huang,2021,https://doi.org/10.1016/j.jhazmat.2021.126168,,,o,,,,1000.0,film,2018-09-02,2018-10-14,113.4,23.2,,,,0.0,,,,0.0,,200.0,1000.0,707.1067811865474,5.0,land,SAS,,
84,Huang,2021,https://doi.org/10.1016/j.jhazmat.2021.126168,,,o,,,,1000.0,film,2018-10-14,2018-11-10,113.4,23.2,,,,2.0,,,,4.712250000000001e-05,,200.0,1000.0,707.1067811865474,5.0,land,SAS,,
85,Huang,2021,https://doi.org/10.1016/j.jhazmat.2021.126168,,,o,,,,1000.0,film,2018-11-10,2018-12-02,113.4,23.2,,,,0.0,,,,0.0,,200.0,1000.0,707.1067811865474,5.0,land,SAS,,
86,Huang,2021,https://doi.org/10.1016/j.jhazmat.2021.126168,,,o,,,,1000.0,film,2018-12-02,2018-12-30,113.4,23.2,,,,4.0,,,,9.424500000000002e-05,,200.0,1000.0,707.1067811865474,5.0,land,SAS,,
87,Huang,2021,https://doi.org/10.1016/j.jhazmat.2021.126168,,,o,,,,1000.0,film,2018-12-30,2019-01-27,113.4,23.2,,,,1.0,,,,2.356125e-05,,200.0,1000.0,707.1067811865474,5.0,land,SAS,,
88,Huang,2021,https://doi.org/10.1016/j.jhazmat.2021.126168,,,o,,,,1000.0,film,2019-01-27,2019-03-03,113.4,23.2,,,,2.0,,,,4.712250000000001e-05,,200.0,1000.0,707.1067811865474,5.0,land,SAS,,
89,Huang,2021,https://doi.org/10.1016/j.jhazmat.2021.126168,,,o,,,,1000.0,film,2019-03-03,2019-03-31,113.4,23.2,,,,1.0,,,,2.356125e-05,,200.0,1000.0,707.1067811865474,5.0,land,SAS,,
90,Huang,2021,https://doi.org/10.1016/j.jhazmat.2021.126168,,,o,,,,1000.0,film,2019-03-31,2019-04-28,113.4,23.2,,,,13.0,,,,0.00030629625,,200.0,1000.0,707.1067811865474,5.0,land,SAS,,
91,Huang,2021,https://doi.org/10.1016/j.jhazmat.2021.126168,,,o,,,,1000.0,film,2019-04-28,2019-05-27,113.4,23.2,,,,8.0,,,,0.00018849,,200.0,1000.0,707.1067811865474,5.0,land,SAS,,
92,Huang,2021,https://doi.org/10.1016/j.jhazmat.2021.126168,,,o,,,,1000.0,film,2019-05-27,2019-07-01,113.4,23.2,,,,0.0,,,,0.0,,200.0,1000.0,707.1067811865474,5.0,land,SAS,,
93,Huang,2021,https://doi.org/10.1016/j.jhazmat.2021.126168,,,o,,,,1000.0,film,2019-07-01,2019-07-31,113.4,23.2,,,,1.0,,,,2.356125e-05,,200.0,1000.0,707.1067811865474,5.0,land,SAS,,
94,Brahney,2020,https://doi.org/10.1126/science.aaz5819,,o,,,6.0,,244.9489742783178,fiber,2018-01-09,2018-01-16,-105.6628,40.2878,,,5.5494,,,,4.611927532288494e-05,,,40.82482904638631,,,,land,NAM,adjusted location to match NADP station CO98,
95,Brahney,2020,https://doi.org/10.1126/science.aaz5819,,o,,,6.0,,244.9489742783178,fiber,2018-01-16,2018-01-24,-105.6628,40.2878,,,12.2634,,,,0.000101917165998967,,,40.82482904638631,,,,land,NAM,adjusted location to match NADP station CO98,
96,Brahney,2020,https://doi.org/10.1126/science.aaz5819,,o,,,6.0,,244.9489742783178,fiber,2018-02-13,2018-02-21,-105.6628,40.2878,,,2.4444,,,,2.031462078769956e-05,,,40.82482904638631,,,,land,NAM,adjusted location to match NADP station CO98,
97,Brahney,2020,https://doi.org/10.1126/science.aaz5819,,o,,,6.0,,244.9489742783178,fiber,2018-03-13,2018-03-20,-105.6628,40.2878,,,12.0325,,,,9.999823049746154e-05,,,40.82482904638631,,,,land,NAM,adjusted location to match NADP station CO98,
98,Brahney,2020,https://doi.org/10.1126/science.aaz5819,,o,,,6.0,,244.9489742783178,fiber,2018-03-27,2018-04-03,-105.6628,40.2878,,,5.6139,,,,4.665531404028251e-05,,,40.82482904638631,,,,land,NAM,adjusted location to match NADP station CO98,
99,Brahney,2020,https://doi.org/10.1126/science.aaz5819,,o,,,6.0,,244.9489742783178,fiber,2018-04-03,2018-04-10,-105.6628,40.2878,,,6.6772,,,,5.549205773344277e-05,,,40.82482904638631,,,,land,NAM,adjusted location to match NADP station CO98,
100,Brahney,2020,https://doi.org/10.1126/science.aaz5819,,o,,,6.0,,244.9489742783178,fiber,2018-04-10,2018-04-17,-105.6628,40.2878,,,103.6312,,,,0.0008612455120987772,,,40.82482904638631,,,,land,NAM,adjusted location to match NADP station CO98,
101,Brahney,2020,https://doi.org/10.1126/science.aaz5819,,o,,,6.0,,244.9489742783178,fiber,2018-04-17,2018-04-24,-105.6628,40.2878,,,303.4543,,,,0.002521910911019808,,,40.82482904638631,,,,land,NAM,adjusted location to match NADP station CO98,
102,Brahney,2020,https://doi.org/10.1126/science.aaz5819,,o,,,6.0,,244.9489742783178,fiber,2018-04-24,2018-05-01,-105.6628,40.2878,,,8.3992,,,,6.980304488628955e-05,,,40.82482904638631,,,,land,NAM,adjusted location to match NADP station CO98,
103,Brahney,2020,https://doi.org/10.1126/science.aaz5819,,o,,,6.0,,244.9489742783178,fiber,2018-05-01,2018-05-08,-105.6628,40.2878,,,19.453,,,,0.0001616676150315495,,,40.82482904638631,,,,land,NAM,adjusted location to match NADP station CO98,
104,Brahney,2020,https://doi.org/10.1126/science.aaz5819,,o,,,6.0,,244.9489742783178,fiber,2018-05-08,2018-05-15,-105.6628,40.2878,,,11.2806,,,,9.374943186783e-05,,,40.82482904638631,,,,land,NAM,adjusted location to match NADP station CO98,
105,Brahney,2020,https://doi.org/10.1126/science.aaz5819,,o,,,6.0,,244.9489742783178,fiber,2018-05-15,2018-05-22,-105.6628,40.2878,,,16.7205,,,,0.0001389586879728074,,,40.82482904638631,,,,land,NAM,adjusted location to match NADP station CO98,
106,Brahney,2020,https://doi.org/10.1126/science.aaz5819,,o,,,6.0,,244.9489742783178,fiber,2018-05-22,2018-05-29,-105.6628,40.2878,,,19.5087,,,,0.0001621305197844029,,,40.82482904638631,,,,land,NAM,adjusted location to match NADP station CO98,
107,Brahney,2020,https://doi.org/10.1126/science.aaz5819,,o,,,6.0,,244.9489742783178,fiber,2018-05-29,2018-06-05,-105.6628,40.2878,,,16.8067,,,,0.0001396750683982287,,,40.82482904638631,,,,land,NAM,adjusted location to match NADP station CO98,
108,Brahney,2020,https://doi.org/10.1126/science.aaz5819,,o,,,6.0,,244.9489742783178,fiber,2018-06-12,2018-06-19,-105.6628,40.2878,,,61.6246,,,,0.0005121421944827649,,,40.82482904638631,,,,land,NAM,adjusted location to match NADP station CO98,
109,Brahney,2020,https://doi.org/10.1126/science.aaz5819,,o,,,6.0,,244.9489742783178,fiber,2018-06-19,2018-06-25,-105.6628,40.2878,,,11.2045,,,,9.311698928807876e-05,,,40.82482904638631,,,,land,NAM,adjusted location to match NADP station CO98,
110,Brahney,2020,https://doi.org/10.1126/science.aaz5819,,o,,,6.0,,244.9489742783178,fiber,2018-07-03,2018-07-10,-105.6628,40.2878,,,19.6078,,,,0.0001629541079533037,,,40.82482904638631,,,,land,NAM,adjusted location to match NADP station CO98,
111,Brahney,2020,https://doi.org/10.1126/science.aaz5819,,o,,,6.0,,244.9489742783178,fiber,2018-07-10,2018-07-18,-105.6628,40.2878,,,19.6078,,,,0.0001629541079533037,,,40.82482904638631,,,,land,NAM,adjusted location to match NADP station CO98,
112,Brahney,2020,https://doi.org/10.1126/science.aaz5819,,o,,,6.0,,244.9489742783178,fiber,2018-07-18,2018-07-24,-105.6628,40.2878,,,30.8123,,,,0.0002560710972413824,,,40.82482904638631,,,,land,NAM,adjusted location to match NADP station CO98,
113,Brahney,2020,https://doi.org/10.1126/science.aaz5819,,o,,,6.0,,244.9489742783178,fiber,2018-07-24,2018-07-31,-105.6628,40.2878,,,11.2045,,,,9.311698928807876e-05,,,40.82482904638631,,,,land,NAM,adjusted location to match NADP station CO98,
114,Brahney,2020,https://doi.org/10.1126/science.aaz5819,,o,,,6.0,,244.9489742783178,fiber,2018-07-31,2018-08-07,-105.6628,40.2878,,,44.8179,,,,0.0003724671260845362,,,40.82482904638631,,,,land,NAM,adjusted location to match NADP station CO98,
115,Brahney,2020,https://doi.org/10.1126/science.aaz5819,,o,,,6.0,,244.9489742783178,fiber,2018-08-14,2018-08-21,-105.6628,40.2878,,,39.2157,,,,0.0003259090469743862,,,40.82482904638631,,,,land,NAM,adjusted location to match NADP station CO98,
116,Brahney,2020,https://doi.org/10.1126/science.aaz5819,,o,,,6.0,,244.9489742783178,fiber,2018-08-21,2018-08-28,-105.6628,40.2878,,,114.8459,,,,0.0009544472703003048,,,40.82482904638631,,,,land,NAM,adjusted location to match NADP station CO98,
117,Brahney,2020,https://doi.org/10.1126/science.aaz5819,,o,,,6.0,,244.9489742783178,fiber,2018-09-04,2018-09-11,-105.6628,40.2878,,,58.8235,,,,0.0004888631549276899,,,40.82482904638631,,,,land,NAM,adjusted location to match NADP station CO98,
118,Brahney,2020,https://doi.org/10.1126/science.aaz5819,,o,,,6.0,,244.9489742783178,fiber,2017-09-12,2017-09-19,-105.6628,40.2878,,,34.5983,,,,0.0002875353233509515,,,40.82482904638631,,,,land,NAM,adjusted location to match NADP station CO98,
119,Brahney,2020,https://doi.org/10.1126/science.aaz5819,,o,,,6.0,,244.9489742783178,fiber,2018-09-18,2018-09-25,-105.6628,40.2878,,,11.2045,,,,9.311698928807876e-05,,,40.82482904638631,,,,land,NAM,adjusted location to match NADP station CO98,
120,Brahney,2020,https://doi.org/10.1126/science.aaz5819,,o,,,6.0,,244.9489742783178,fiber,2017-09-19,2017-09-27,-105.6628,40.2878,,,16.9846,,,,0.0001411535379769113,,,40.82482904638631,,,,land,NAM,adjusted location to match NADP station CO98,
121,Brahney,2020,https://doi.org/10.1126/science.aaz5819,,o,,,6.0,,244.9489742783178,fiber,2018-09-25,2018-10-02,-105.6628,40.2878,,,16.8067,,,,0.0001396750683982287,,,40.82482904638631,,,,land,NAM,adjusted location to match NADP station CO98,
122,Brahney,2020,https://doi.org/10.1126/science.aaz5819,,o,,,6.0,,244.9489742783178,fiber,2017-09-27,2017-10-03,-105.6628,40.2878,,,12.5206,,,,0.0001040546723263259,,,40.82482904638631,,,,land,NAM,adjusted location to match NADP station CO98,
123,Brahney,2020,https://doi.org/10.1126/science.aaz5819,,o,,,6.0,,244.9489742783178,fiber,2018-10-02,2018-10-09,-105.6628,40.2878,,,2.8011,,,,2.327903955507496e-05,,,40.82482904638631,,,,land,NAM,adjusted location to match NADP station CO98,
124,Brahney,2020,https://doi.org/10.1126/science.aaz5819,,o,,,6.0,,244.9489742783178,fiber,2017-10-03,2017-10-11,-105.6628,40.2878,,,12.2549,,,,0.0001018465252377595,,,40.82482904638631,,,,land,NAM,adjusted location to match NADP station CO98,
125,Brahney,2020,https://doi.org/10.1126/science.aaz5819,,o,,,6.0,,244.9489742783178,fiber,2018-10-09,2018-10-16,-105.6628,40.2878,,,16.8067,,,,0.0001396750683982287,,,40.82482904638631,,,,land,NAM,adjusted location to match NADP station CO98,
126,Brahney,2020,https://doi.org/10.1126/science.aaz5819,,o,,,6.0,,244.9489742783178,fiber,2018-10-23,2018-10-30,-105.6628,40.2878,,,19.6078,,,,0.0001629541079533037,,,40.82482904638631,,,,land,NAM,adjusted location to match NADP station CO98,
127,Brahney,2020,https://doi.org/10.1126/science.aaz5819,,o,,,6.0,,244.9489742783178,fiber,2017-10-31,2017-11-08,-105.6628,40.2878,,,9.521,,,,7.912596323011272e-05,,,40.82482904638631,,,,land,NAM,adjusted location to match NADP station CO98,
128,Brahney,2020,https://doi.org/10.1126/science.aaz5819,,o,,,6.0,,244.9489742783178,fiber,2018-02-13,2018-02-20,-112.184,36.0586,,,33.5901,,,,0.0002791564980039711,,,40.82482904638631,,,,land,NAM,adjusted location to match NADP station AZ03,
129,Brahney,2020,https://doi.org/10.1126/science.aaz5819,,o,,,6.0,,244.9489742783178,fiber,2018-03-06,2018-03-13,-112.184,36.0586,,,28.0112,,,,0.0002327920576863074,,,40.82482904638631,,,,land,NAM,adjusted location to match NADP station AZ03,
130,Brahney,2020,https://doi.org/10.1126/science.aaz5819,,o,,,6.0,,244.9489742783178,fiber,2018-03-13,2018-03-20,-112.184,36.0586,,,39.0414,,,,0.0003244604958357445,,,40.82482904638631,,,,land,NAM,adjusted location to match NADP station AZ03,
131,Brahney,2020,https://doi.org/10.1126/science.aaz5819,,o,,,6.0,,244.9489742783178,fiber,2018-03-20,2018-03-27,-112.184,36.0586,,,64.4258,,,,0.0005354220651056187,,,40.82482904638631,,,,land,NAM,adjusted location to match NADP station AZ03,
132,Brahney,2020,https://doi.org/10.1126/science.aaz5819,,o,,,6.0,,244.9489742783178,fiber,2018-06-12,2018-06-19,-112.184,36.0586,,,14.0056,,,,0.0001163960288431537,,,40.82482904638631,,,,land,NAM,adjusted location to match NADP station AZ03,
133,Brahney,2020,https://doi.org/10.1126/science.aaz5819,,o,,,6.0,,244.9489742783178,fiber,2018-07-03,2018-07-12,-112.184,36.0586,,,2.8011,,,,2.327903955507496e-05,,,40.82482904638631,,,,land,NAM,adjusted location to match NADP station AZ03,
134,Brahney,2020,https://doi.org/10.1126/science.aaz5819,,o,,,6.0,,244.9489742783178,fiber,2018-07-12,2018-07-17,-112.184,36.0586,,,0.0,,,,0.0,,,40.82482904638631,,,,land,NAM,adjusted location to match NADP station AZ03,
135,Brahney,2020,https://doi.org/10.1126/science.aaz5819,,o,,,6.0,,244.9489742783178,fiber,2018-07-17,2018-07-24,-112.184,36.0586,,,16.8067,,,,0.0001396750683982287,,,40.82482904638631,,,,land,NAM,adjusted location to match NADP station AZ03,
136,Brahney,2020,https://doi.org/10.1126/science.aaz5819,,o,,,6.0,,244.9489742783178,fiber,2018-08-21,2018-08-28,-112.184,36.0586,,,14.0056,,,,0.0001163960288431537,,,40.82482904638631,,,,land,NAM,adjusted location to match NADP station AZ03,
137,Brahney,2020,https://doi.org/10.1126/science.aaz5819,,o,,,6.0,,244.9489742783178,fiber,2018-08-28,2018-09-04,-112.184,36.0586,,,2.8011,,,,2.327903955507496e-05,,,40.82482904638631,,,,land,NAM,adjusted location to match NADP station AZ03,
138,Brahney,2020,https://doi.org/10.1126/science.aaz5819,,o,,,6.0,,244.9489742783178,fiber,2018-09-04,2018-09-11,-112.184,36.0586,,,19.6078,,,,0.0001629541079533037,,,40.82482904638631,,,,land,NAM,adjusted location to match NADP station AZ03,
139,Brahney,2020,https://doi.org/10.1126/science.aaz5819,,o,,,6.0,,244.9489742783178,fiber,2018-09-18,2018-09-25,-112.184,36.0586,,,25.2101,,,,0.0002095130181312325,,,40.82482904638631,,,,land,NAM,adjusted location to match NADP station AZ03,
140,Brahney,2020,https://doi.org/10.1126/science.aaz5819,,o,,,6.0,,244.9489742783178,fiber,2018-09-25,2018-10-02,-112.184,36.0586,,,19.6078,,,,0.0001629541079533037,,,40.82482904638631,,,,land,NAM,adjusted location to match NADP station AZ03,
141,Brahney,2020,https://doi.org/10.1126/science.aaz5819,,o,,,6.0,,244.9489742783178,fiber,2018-10-02,2018-10-09,-112.184,36.0586,,,8.4034,,,,6.98379497330038e-05,,,40.82482904638631,,,,land,NAM,adjusted location to match NADP station AZ03,
142,Brahney,2020,https://doi.org/10.1126/science.aaz5819,,o,,,6.0,,244.9489742783178,fiber,2017-11-01,2017-11-07,-112.184,36.0586,,,32.6797,,,,0.0002715904569447657,,,40.82482904638631,,,,land,NAM,adjusted location to match NADP station AZ03,
143,Brahney,2020,https://doi.org/10.1126/science.aaz5819,,o,,,6.0,,244.9489742783178,fiber,2018-01-09,2018-01-16,-109.7875,42.929,,,22.2764,,,,0.0001851319827013216,,,40.82482904638631,,,,land,NAM,adjusted location to match NADP station WY06,
144,Brahney,2020,https://doi.org/10.1126/science.aaz5819,,o,,,6.0,,244.9489742783178,fiber,2018-02-06,2018-02-13,-109.7875,42.929,,,14.1318,,,,0.0001174448363801394,,,40.82482904638631,,,,land,NAM,adjusted location to match NADP station WY06,
145,Brahney,2020,https://doi.org/10.1126/science.aaz5819,,o,,,6.0,,244.9489742783178,fiber,2018-03-13,2018-03-21,-109.7875,42.929,,,12.5156,,,,0.0001040131189373804,,,40.82482904638631,,,,land,NAM,adjusted location to match NADP station WY06,
146,Brahney,2020,https://doi.org/10.1126/science.aaz5819,,o,,,6.0,,244.9489742783178,fiber,2018-03-21,2018-03-27,-109.7875,42.929,,,15.8983,,,,0.0001321256486946015,,,40.82482904638631,,,,land,NAM,adjusted location to match NADP station WY06,
147,Brahney,2020,https://doi.org/10.1126/science.aaz5819,,o,,,6.0,,244.9489742783178,fiber,2018-04-17,2018-04-24,-109.7875,42.929,,,19.5787,,,,0.0001627122672296406,,,40.82482904638631,,,,land,NAM,adjusted location to match NADP station WY06,
148,Brahney,2020,https://doi.org/10.1126/science.aaz5819,,o,,,6.0,,244.9489742783178,fiber,2018-04-24,2018-05-01,-109.7875,42.929,,,5.5856,,,,4.642012185885071e-05,,,40.82482904638631,,,,land,NAM,adjusted location to match NADP station WY06,
149,Brahney,2020,https://doi.org/10.1126/science.aaz5819,,o,,,6.0,,244.9489742783178,fiber,2018-05-08,2018-05-15,-109.7875,42.929,,,86.2928,,,,0.0007171516563200789,,,40.82482904638631,,,,land,NAM,adjusted location to match NADP station WY06,
150,Brahney,2020,https://doi.org/10.1126/science.aaz5819,,o,,,6.0,,244.9489742783178,fiber,2018-05-15,2018-05-22,-109.7875,42.929,,,11.1878,,,,9.297820096900063e-05,,,40.82482904638631,,,,land,NAM,adjusted location to match NADP station WY06,
151,Brahney,2020,https://doi.org/10.1126/science.aaz5819,,o,,,6.0,,244.9489742783178,fiber,2018-05-22,2018-05-29,-109.7875,42.929,,,13.8817,,,,0.0001153663358650831,,,40.82482904638631,,,,land,NAM,adjusted location to match NADP station WY06,
152,Brahney,2020,https://doi.org/10.1126/science.aaz5819,,o,,,6.0,,244.9489742783178,fiber,2018-06-12,2018-06-19,-109.7875,42.929,,,8.7633,,,,7.282896266930435e-05,,,40.82482904638631,,,,land,NAM,adjusted location to match NADP station WY06,
153,Brahney,2020,https://doi.org/10.1126/science.aaz5819,,o,,,6.0,,244.9489742783178,fiber,2018-06-26,2018-07-04,-109.7875,42.929,,,8.4034,,,,6.98379497330038e-05,,,40.82482904638631,,,,land,NAM,adjusted location to match NADP station WY06,
154,Brahney,2020,https://doi.org/10.1126/science.aaz5819,,o,,,6.0,,244.9489742783178,fiber,2018-07-10,2018-07-17,-109.7875,42.929,,,11.2045,,,,9.311698928807876e-05,,,40.82482904638631,,,,land,NAM,adjusted location to match NADP station WY06,
155,Brahney,2020,https://doi.org/10.1126/science.aaz5819,,o,,,6.0,,244.9489742783178,fiber,2018-07-17,2018-07-24,-109.7875,42.929,,,5.6022,,,,4.655807911014993e-05,,,40.82482904638631,,,,land,NAM,adjusted location to match NADP station WY06,
156,Brahney,2020,https://doi.org/10.1126/science.aaz5819,,o,,,6.0,,244.9489742783178,fiber,2018-07-31,2018-08-07,-109.7875,42.929,,,14.0056,,,,0.0001163960288431537,,,40.82482904638631,,,,land,NAM,adjusted location to match NADP station WY06,
157,Brahney,2020,https://doi.org/10.1126/science.aaz5819,,o,,,6.0,,244.9489742783178,fiber,2018-08-14,2018-08-21,-109.7875,42.929,,,11.2045,,,,9.311698928807876e-05,,,40.82482904638631,,,,land,NAM,adjusted location to match NADP station WY06,
158,Brahney,2020,https://doi.org/10.1126/science.aaz5819,,o,,,6.0,,244.9489742783178,fiber,2018-08-21,2018-08-28,-109.7875,42.929,,,25.2101,,,,0.0002095130181312325,,,40.82482904638631,,,,land,NAM,adjusted location to match NADP station WY06,
159,Brahney,2020,https://doi.org/10.1126/science.aaz5819,,o,,,6.0,,244.9489742783178,fiber,2017-09-19,2017-09-26,-109.7875,42.929,,,21.8347,,,,0.0001814611563218719,,,40.82482904638631,,,,land,NAM,adjusted location to match NADP station WY06,
160,Brahney,2020,https://doi.org/10.1126/science.aaz5819,,o,,,6.0,,244.9489742783178,fiber,2018-09-25,2018-10-02,-109.7875,42.929,,,2.8011,,,,2.327903955507496e-05,,,40.82482904638631,,,,land,NAM,adjusted location to match NADP station WY06,
161,Brahney,2020,https://doi.org/10.1126/science.aaz5819,,o,,,6.0,,244.9489742783178,fiber,2018-10-02,2018-10-09,-109.7875,42.929,,,19.4538,,,,0.0001616742635737808,,,40.82482904638631,,,,land,NAM,adjusted location to match NADP station WY06,
162,Brahney,2020,https://doi.org/10.1126/science.aaz5819,,o,,,6.0,,244.9489742783178,fiber,2018-10-09,2018-10-16,-109.7875,42.929,,,5.6022,,,,4.655807911014993e-05,,,40.82482904638631,,,,land,NAM,adjusted location to match NADP station WY06,
163,Brahney,2020,https://doi.org/10.1126/science.aaz5819,,o,,,6.0,,244.9489742783178,fiber,2018-10-23,2018-10-30,-109.7875,42.929,,,22.409,,,,0.0001862339785761575,,,40.82482904638631,,,,land,NAM,adjusted location to match NADP station WY06,
164,Brahney,2020,https://doi.org/10.1126/science.aaz5819,,o,,,6.0,,244.9489742783178,fiber,2017-11-15,2017-11-21,-109.7875,42.929,,,19.8142,,,,0.0001646694318489759,,,40.82482904638631,,,,land,NAM,adjusted location to match NADP station WY06,
165,Brahney,2020,https://doi.org/10.1126/science.aaz5819,,o,,,6.0,,244.9489742783178,fiber,2017-12-12,2017-12-19,-109.7875,42.929,,,16.8569,,,,0.000140092264423242,,,40.82482904638631,,,,land,NAM,adjusted location to match NADP station WY06,
166,Brahney,2020,https://doi.org/10.1126/science.aaz5819,,o,,,6.0,,244.9489742783178,fiber,2017-12-19,2017-12-26,-109.7875,42.929,,,11.2045,,,,9.311698928807876e-05,,,40.82482904638631,,,,land,NAM,adjusted location to match NADP station WY06,
167,Brahney,2020,https://doi.org/10.1126/science.aaz5819,,o,,,6.0,,244.9489742783178,fiber,2018-01-02,2018-01-09,-112.1728,37.6186,,,11.266,,,,9.362809597210901e-05,,,40.82482904638631,,,,land,NAM,adjusted location to match NADP station UT99,
168,Brahney,2020,https://doi.org/10.1126/science.aaz5819,,o,,,6.0,,244.9489742783178,fiber,2018-01-09,2018-01-16,-112.1728,37.6186,,,5.5228,,,,4.589821129369462e-05,,,40.82482904638631,,,,land,NAM,adjusted location to match NADP station UT99,
169,Brahney,2020,https://doi.org/10.1126/science.aaz5819,,o,,,6.0,,244.9489742783178,fiber,2018-01-16,2018-01-23,-112.1728,37.6186,,,5.6754,,,,4.716642072431275e-05,,,40.82482904638631,,,,land,NAM,adjusted location to match NADP station UT99,
170,Brahney,2020,https://doi.org/10.1126/science.aaz5819,,o,,,6.0,,244.9489742783178,fiber,2018-02-07,2018-02-13,-112.1728,37.6186,,,20.0494,,,,0.0001666241032649745,,,40.82482904638631,,,,land,NAM,adjusted location to match NADP station UT99,
171,Brahney,2020,https://doi.org/10.1126/science.aaz5819,,o,,,6.0,,244.9489742783178,fiber,2018-02-21,2018-02-27,-112.1728,37.6186,,,11.3737,,,,9.452315596999612e-05,,,40.82482904638631,,,,land,NAM,adjusted location to match NADP station UT99,
172,Brahney,2020,https://doi.org/10.1126/science.aaz5819,,o,,,6.0,,244.9489742783178,fiber,2018-03-06,2018-03-13,-112.1728,37.6186,,,22.8742,,,,0.0001901001058836513,,,40.82482904638631,,,,land,NAM,adjusted location to match NADP station UT99,
173,Brahney,2020,https://doi.org/10.1126/science.aaz5819,,o,,,6.0,,244.9489742783178,fiber,2018-03-13,2018-03-20,-112.1728,37.6186,,,16.2039,,,,0.0001346653918269534,,,40.82482904638631,,,,land,NAM,adjusted location to match NADP station UT99,
174,Brahney,2020,https://doi.org/10.1126/science.aaz5819,,o,,,6.0,,244.9489742783178,fiber,2018-04-04,2018-04-10,-112.1728,37.6186,,,46.7988,,,,0.0003889297477169834,,,40.82482904638631,,,,land,NAM,adjusted location to match NADP station UT99,
175,Brahney,2020,https://doi.org/10.1126/science.aaz5819,,o,,,6.0,,244.9489742783178,fiber,2018-04-17,2018-04-24,-112.1728,37.6186,,,16.528,,,,0.0001373588824984038,,,40.82482904638631,,,,land,NAM,adjusted location to match NADP station UT99,
176,Brahney,2020,https://doi.org/10.1126/science.aaz5819,,o,,,6.0,,244.9489742783178,fiber,2018-04-24,2018-05-01,-112.1728,37.6186,,,43.2835,,,,0.0003597152220849263,,,40.82482904638631,,,,land,NAM,adjusted location to match NADP station UT99,
177,Brahney,2020,https://doi.org/10.1126/science.aaz5819,,o,,,6.0,,244.9489742783178,fiber,2018-07-03,2018-07-10,-112.1728,37.6186,,,14.0056,,,,0.0001163960288431537,,,40.82482904638631,,,,land,NAM,adjusted location to match NADP station UT99,
178,Brahney,2020,https://doi.org/10.1126/science.aaz5819,,o,,,6.0,,244.9489742783178,fiber,2018-07-10,2018-07-17,-112.1728,37.6186,,,28.0112,,,,0.0002327920576863074,,,40.82482904638631,,,,land,NAM,adjusted location to match NADP station UT99,
179,Brahney,2020,https://doi.org/10.1126/science.aaz5819,,o,,,6.0,,244.9489742783178,fiber,2018-07-17,2018-07-24,-112.1728,37.6186,,,14.0056,,,,0.0001163960288431537,,,40.82482904638631,,,,land,NAM,adjusted location to match NADP station UT99,
180,Brahney,2020,https://doi.org/10.1126/science.aaz5819,,o,,,6.0,,244.9489742783178,fiber,2018-07-24,2018-07-31,-112.1728,37.6186,,,5.6022,,,,4.655807911014993e-05,,,40.82482904638631,,,,land,NAM,adjusted location to match NADP station UT99,
181,Brahney,2020,https://doi.org/10.1126/science.aaz5819,,o,,,6.0,,244.9489742783178,fiber,2018-08-07,2018-08-14,-112.1728,37.6186,,,16.8067,,,,0.0001396750683982287,,,40.82482904638631,,,,land,NAM,adjusted location to match NADP station UT99,
182,Brahney,2020,https://doi.org/10.1126/science.aaz5819,,o,,,6.0,,244.9489742783178,fiber,2018-08-14,2018-08-21,-112.1728,37.6186,,,22.409,,,,0.0001862339785761575,,,40.82482904638631,,,,land,NAM,adjusted location to match NADP station UT99,
183,Brahney,2020,https://doi.org/10.1126/science.aaz5819,,o,,,6.0,,244.9489742783178,fiber,2018-08-21,2018-08-28,-112.1728,37.6186,,,11.2045,,,,9.311698928807876e-05,,,40.82482904638631,,,,land,NAM,adjusted location to match NADP station UT99,
184,Brahney,2020,https://doi.org/10.1126/science.aaz5819,,o,,,6.0,,244.9489742783178,fiber,2018-09-04,2018-09-11,-112.1728,37.6186,,,25.2101,,,,0.0002095130181312325,,,40.82482904638631,,,,land,NAM,adjusted location to match NADP station UT99,
185,Brahney,2020,https://doi.org/10.1126/science.aaz5819,,o,,,6.0,,244.9489742783178,fiber,2018-09-25,2018-10-02,-112.1728,37.6186,,,70.028,,,,0.0005819801442157687,,,40.82482904638631,,,,land,NAM,adjusted location to match NADP station UT99,
186,Brahney,2020,https://doi.org/10.1126/science.aaz5819,,o,,,6.0,,244.9489742783178,fiber,2018-09-26,2018-10-03,-112.1728,37.6186,,,33.6134,,,,0.0002793501367964574,,,40.82482904638631,,,,land,NAM,adjusted location to match NADP station UT99,
187,Brahney,2020,https://doi.org/10.1126/science.aaz5819,,o,,,6.0,,244.9489742783178,fiber,2018-10-02,2018-10-09,-112.1728,37.6186,,,5.6022,,,,4.655807911014993e-05,,,40.82482904638631,,,,land,NAM,adjusted location to match NADP station UT99,
188,Brahney,2020,https://doi.org/10.1126/science.aaz5819,,o,,,6.0,,244.9489742783178,fiber,2018-10-09,2018-10-16,-112.1728,37.6186,,,8.4034,,,,6.98379497330038e-05,,,40.82482904638631,,,,land,NAM,adjusted location to match NADP station UT99,
189,Brahney,2020,https://doi.org/10.1126/science.aaz5819,,o,,,6.0,,244.9489742783178,fiber,2018-10-16,2018-10-23,-112.1728,37.6186,,,8.4034,,,,6.98379497330038e-05,,,40.82482904638631,,,,land,NAM,adjusted location to match NADP station UT99,
190,Brahney,2020,https://doi.org/10.1126/science.aaz5819,,o,,,6.0,,244.9489742783178,fiber,2018-12-19,2018-12-26,-112.1728,37.6186,,,11.1712,,,,9.284024371770143e-05,,,40.82482904638631,,,,land,NAM,adjusted location to match NADP station UT99,
191,Brahney,2020,https://doi.org/10.1126/science.aaz5819,,o,,,6.0,,244.9489742783178,fiber,2018-01-02,2018-01-09,-106.986,38.9561,,,16.603,,,,0.0001379821833325871,,,40.82482904638631,,,,land,NAM,adjusted location to match NADP station CO10,
192,Brahney,2020,https://doi.org/10.1126/science.aaz5819,,o,,,6.0,,244.9489742783178,fiber,2018-01-09,2018-01-16,-106.986,38.9561,,,27.766,,,,0.0002307542794924178,,,40.82482904638631,,,,land,NAM,adjusted location to match NADP station CO10,
193,Brahney,2020,https://doi.org/10.1126/science.aaz5819,,o,,,6.0,,244.9489742783178,fiber,2018-01-30,2018-02-06,-106.986,38.9561,,,10.889,,,,9.049497044561467e-05,,,40.82482904638631,,,,land,NAM,adjusted location to match NADP station CO10,
194,Brahney,2020,https://doi.org/10.1126/science.aaz5819,,o,,,6.0,,244.9489742783178,fiber,2018-02-06,2018-02-13,-106.986,38.9561,,,43.1952,,,,0.0003589813892361479,,,40.82482904638631,,,,land,NAM,adjusted location to match NADP station CO10,
195,Brahney,2020,https://doi.org/10.1126/science.aaz5819,,o,,,6.0,,244.9489742783178,fiber,2018-02-13,2018-02-20,-106.986,38.9561,,,41.5469,,,,0.0003452828990363586,,,40.82482904638631,,,,land,NAM,adjusted location to match NADP station CO10,
196,Brahney,2020,https://doi.org/10.1126/science.aaz5819,,o,,,6.0,,244.9489742783178,fiber,2018-02-20,2018-02-27,-106.986,38.9561,,,142.0858,,,,0.001180829302207872,,,40.82482904638631,,,,land,NAM,adjusted location to match NADP station CO10,
197,Brahney,2020,https://doi.org/10.1126/science.aaz5819,,o,,,6.0,,244.9489742783178,fiber,2018-03-13,2018-03-20,-106.986,38.9561,,,19.4822,,,,0.0001619102868229915,,,40.82482904638631,,,,land,NAM,adjusted location to match NADP station CO10,
198,Brahney,2020,https://doi.org/10.1126/science.aaz5819,,o,,,6.0,,244.9489742783178,fiber,2018-03-20,2018-03-27,-106.986,38.9561,,,50.2872,,,,0.0004179207161165134,,,40.82482904638631,,,,land,NAM,adjusted location to match NADP station CO10,
199,Brahney,2020,https://doi.org/10.1126/science.aaz5819,,o,,,6.0,,244.9489742783178,fiber,2018-03-27,2018-04-03,-106.986,38.9561,,,8.3826,,,,6.966508763499032e-05,,,40.82482904638631,,,,land,NAM,adjusted location to match NADP station CO10,
200,Brahney,2020,https://doi.org/10.1126/science.aaz5819,,o,,,6.0,,244.9489742783178,fiber,2018-04-03,2018-04-10,-106.986,38.9561,,,434.8375,,,,0.003613794353121955,,,40.82482904638631,,,,land,NAM,adjusted location to match NADP station CO10,
201,Brahney,2020,https://doi.org/10.1126/science.aaz5819,,o,,,6.0,,244.9489742783178,fiber,2018-04-17,2018-04-24,-106.986,38.9561,,,13.4053,,,,0.0001114071289663512,,,40.82482904638631,,,,land,NAM,adjusted location to match NADP station CO10,
202,Brahney,2020,https://doi.org/10.1126/science.aaz5819,,o,,,6.0,,244.9489742783178,fiber,2018-04-24,2018-05-01,-106.986,38.9561,,,19.5265,,,,0.000162278449849049,,,40.82482904638631,,,,land,NAM,adjusted location to match NADP station CO10,
203,Brahney,2020,https://doi.org/10.1126/science.aaz5819,,o,,,6.0,,244.9489742783178,fiber,2018-05-29,2018-06-05,-106.986,38.9561,,,16.8067,,,,0.0001396750683982287,,,40.82482904638631,,,,land,NAM,adjusted location to match NADP station CO10,
204,Brahney,2020,https://doi.org/10.1126/science.aaz5819,,o,,,6.0,,244.9489742783178,fiber,2018-06-12,2018-06-19,-106.986,38.9561,,,0.0,,,,0.0,,,40.82482904638631,,,,land,NAM,adjusted location to match NADP station CO10,
205,Brahney,2020,https://doi.org/10.1126/science.aaz5819,,o,,,6.0,,244.9489742783178,fiber,2018-07-03,2018-07-10,-106.986,38.9561,,,33.6134,,,,0.0002793501367964574,,,40.82482904638631,,,,land,NAM,adjusted location to match NADP station CO10,
206,Brahney,2020,https://doi.org/10.1126/science.aaz5819,,o,,,6.0,,244.9489742783178,fiber,2018-07-10,2018-07-17,-106.986,38.9561,,,11.2045,,,,9.311698928807876e-05,,,40.82482904638631,,,,land,NAM,adjusted location to match NADP station CO10,
207,Brahney,2020,https://doi.org/10.1126/science.aaz5819,,o,,,6.0,,244.9489742783178,fiber,2018-07-24,2018-07-31,-106.986,38.9561,,,16.8067,,,,0.0001396750683982287,,,40.82482904638631,,,,land,NAM,adjusted location to match NADP station CO10,
208,Brahney,2020,https://doi.org/10.1126/science.aaz5819,,o,,,6.0,,244.9489742783178,fiber,2018-07-31,2018-08-07,-106.986,38.9561,,,25.2101,,,,0.0002095130181312325,,,40.82482904638631,,,,land,NAM,adjusted location to match NADP station CO10,
209,Brahney,2020,https://doi.org/10.1126/science.aaz5819,,o,,,6.0,,244.9489742783178,fiber,2018-08-14,2018-08-21,-106.986,38.9561,,,33.6134,,,,0.0002793501367964574,,,40.82482904638631,,,,land,NAM,adjusted location to match NADP station CO10,
210,Brahney,2020,https://doi.org/10.1126/science.aaz5819,,o,,,6.0,,244.9489742783178,fiber,2018-08-21,2018-08-28,-106.986,38.9561,,,19.6078,,,,0.0001629541079533037,,,40.82482904638631,,,,land,NAM,adjusted location to match NADP station CO10,
211,Brahney,2020,https://doi.org/10.1126/science.aaz5819,,o,,,6.0,,244.9489742783178,fiber,2018-09-18,2018-09-25,-106.986,38.9561,,,33.6134,,,,0.0002793501367964574,,,40.82482904638631,,,,land,NAM,adjusted location to match NADP station CO10,
212,Brahney,2020,https://doi.org/10.1126/science.aaz5819,,o,,,6.0,,244.9489742783178,fiber,2018-09-25,2018-10-02,-106.986,38.9561,,,11.2045,,,,9.311698928807876e-05,,,40.82482904638631,,,,land,NAM,adjusted location to match NADP station CO10,
213,Brahney,2020,https://doi.org/10.1126/science.aaz5819,,o,,,6.0,,244.9489742783178,fiber,2018-10-02,2018-10-09,-106.986,38.9561,,,5.6022,,,,4.655807911014993e-05,,,40.82482904638631,,,,land,NAM,adjusted location to match NADP station CO10,
214,Brahney,2020,https://doi.org/10.1126/science.aaz5819,,o,,,6.0,,244.9489742783178,fiber,2017-10-03,2017-10-10,-106.986,38.9561,,,22.409,,,,0.0001862339785761575,,,40.82482904638631,,,,land,NAM,adjusted location to match NADP station CO10,
215,Brahney,2020,https://doi.org/10.1126/science.aaz5819,,o,,,6.0,,244.9489742783178,fiber,2018-10-09,2018-10-16,-106.986,38.9561,,,36.4146,,,,0.0003026300074193113,,,40.82482904638631,,,,land,NAM,adjusted location to match NADP station CO10,
216,Brahney,2020,https://doi.org/10.1126/science.aaz5819,,o,,,6.0,,244.9489742783178,fiber,2018-10-16,2018-10-23,-106.986,38.9561,,,22.409,,,,0.0001862339785761575,,,40.82482904638631,,,,land,NAM,adjusted location to match NADP station CO10,
217,Brahney,2020,https://doi.org/10.1126/science.aaz5819,,o,,,6.0,,244.9489742783178,fiber,2017-10-17,2017-10-24,-106.986,38.9561,,,25.2101,,,,0.0002095130181312325,,,40.82482904638631,,,,land,NAM,adjusted location to match NADP station CO10,
218,Brahney,2020,https://doi.org/10.1126/science.aaz5819,,o,,,6.0,,244.9489742783178,fiber,2017-10-24,2017-10-31,-106.986,38.9561,,,11.2045,,,,9.311698928807876e-05,,,40.82482904638631,,,,land,NAM,adjusted location to match NADP station CO10,
219,Brahney,2020,https://doi.org/10.1126/science.aaz5819,,o,,,6.0,,244.9489742783178,fiber,2017-10-31,2017-11-07,-106.986,38.9561,,,22.409,,,,0.0001862339785761575,,,40.82482904638631,,,,land,NAM,adjusted location to match NADP station CO10,
220,Brahney,2020,https://doi.org/10.1126/science.aaz5819,,o,,,6.0,,244.9489742783178,fiber,2018-12-25,2018-12-26,-106.986,38.9561,,,30.8123,,,,0.0002560710972413824,,,40.82482904638631,,,,land,NAM,adjusted location to match NADP station CO10,
221,Brahney,2020,https://doi.org/10.1126/science.aaz5819,,o,,,6.0,,244.9489742783178,fiber,2017-12-19,2017-12-26,-106.986,38.9561,,,24.6477,,,,0.0002048390929426372,,,40.82482904638631,,,,land,NAM,adjusted location to match NADP station CO10,
222,Brahney,2020,https://doi.org/10.1126/science.aaz5819,,o,,,6.0,,244.9489742783178,fiber,2018-01-02,2018-01-09,-113.5551,43.4605,,,81.1437,,,,0.0006743591453161745,,,40.82482904638631,,,,land,NAM,adjusted location to match NADP station ID03,
223,Brahney,2020,https://doi.org/10.1126/science.aaz5819,,o,,,6.0,,244.9489742783178,fiber,2018-02-13,2018-02-20,-113.5551,43.4605,,,16.8117,,,,0.0001397166217871742,,,40.82482904638631,,,,land,NAM,adjusted location to match NADP station ID03,
224,Brahney,2020,https://doi.org/10.1126/science.aaz5819,,o,,,6.0,,244.9489742783178,fiber,2018-02-27,2018-03-06,-113.5551,43.4605,,,5.5554,,,,4.61691393896196e-05,,,40.82482904638631,,,,land,NAM,adjusted location to match NADP station ID03,
225,Brahney,2020,https://doi.org/10.1126/science.aaz5819,,o,,,6.0,,244.9489742783178,fiber,2018-03-13,2018-03-20,-113.5551,43.4605,,,78.0365,,,,0.0006485362072898532,,,40.82482904638631,,,,land,NAM,adjusted location to match NADP station ID03,
226,Brahney,2020,https://doi.org/10.1126/science.aaz5819,,o,,,6.0,,244.9489742783178,fiber,2018-03-20,2018-03-27,-113.5551,43.4605,,,45.9074,,,,0.0003815216095357711,,,40.82482904638631,,,,land,NAM,adjusted location to match NADP station ID03,
227,Brahney,2020,https://doi.org/10.1126/science.aaz5819,,o,,,6.0,,244.9489742783178,fiber,2018-04-17,2018-04-24,-113.5551,43.4605,,,50.4502,,,,0.0004192753565961383,,,40.82482904638631,,,,land,NAM,adjusted location to match NADP station ID03,
228,Brahney,2020,https://doi.org/10.1126/science.aaz5819,,o,,,6.0,,244.9489742783178,fiber,2018-04-24,2018-05-01,-113.5551,43.4605,,,28.0335,,,,0.0002329773858010046,,,40.82482904638631,,,,land,NAM,adjusted location to match NADP station ID03,
229,Brahney,2020,https://doi.org/10.1126/science.aaz5819,,o,,,6.0,,244.9489742783178,fiber,2018-05-01,2018-05-08,-113.5551,43.4605,,,14.0084,,,,0.0001164192987409632,,,40.82482904638631,,,,land,NAM,adjusted location to match NADP station ID03,
230,Brahney,2020,https://doi.org/10.1126/science.aaz5819,,o,,,6.0,,244.9489742783178,fiber,2018-05-08,2018-05-15,-113.5551,43.4605,,,24.9646,,,,0.0002074727467340061,,,40.82482904638631,,,,land,NAM,adjusted location to match NADP station ID03,
231,Brahney,2020,https://doi.org/10.1126/science.aaz5819,,o,,,6.0,,244.9489742783178,fiber,2018-05-15,2018-05-22,-113.5551,43.4605,,,5.6123,,,,4.664201695581994e-05,,,40.82482904638631,,,,land,NAM,adjusted location to match NADP station ID03,
232,Brahney,2020,https://doi.org/10.1126/science.aaz5819,,o,,,6.0,,244.9489742783178,fiber,2018-05-29,2018-06-05,-113.5551,43.4605,,,28.0112,,,,0.0002327920576863074,,,40.82482904638631,,,,land,NAM,adjusted location to match NADP station ID03,
233,Brahney,2020,https://doi.org/10.1126/science.aaz5819,,o,,,6.0,,244.9489742783178,fiber,2018-06-12,2018-06-19,-113.5551,43.4605,,,5.6022,,,,4.655807911014993e-05,,,40.82482904638631,,,,land,NAM,adjusted location to match NADP station ID03,
234,Brahney,2020,https://doi.org/10.1126/science.aaz5819,,o,,,6.0,,244.9489742783178,fiber,2018-06-26,2018-07-03,-113.5551,43.4605,,,11.2045,,,,9.311698928807876e-05,,,40.82482904638631,,,,land,NAM,adjusted location to match NADP station ID03,
235,Brahney,2020,https://doi.org/10.1126/science.aaz5819,,o,,,6.0,,244.9489742783178,fiber,2018-08-21,2018-08-28,-113.5551,43.4605,,,25.2101,,,,0.0002095130181312325,,,40.82482904638631,,,,land,NAM,adjusted location to match NADP station ID03,
236,Brahney,2020,https://doi.org/10.1126/science.aaz5819,,o,,,6.0,,244.9489742783178,fiber,2018-09-18,2018-09-26,-113.5551,43.4605,,,107.9056,,,,0.0008967686732405473,,,40.82482904638631,,,,land,NAM,adjusted location to match NADP station ID03,
237,Brahney,2020,https://doi.org/10.1126/science.aaz5819,,o,,,6.0,,244.9489742783178,fiber,2017-10-03,2017-10-10,-113.5551,43.4605,,,56.1514,,,,0.0004666561928074101,,,40.82482904638631,,,,land,NAM,adjusted location to match NADP station ID03,
238,Brahney,2020,https://doi.org/10.1126/science.aaz5819,,o,,,6.0,,244.9489742783178,fiber,2018-10-01,2018-10-10,-113.5551,43.4605,,,64.4258,,,,0.0005354220651056187,,,40.82482904638631,,,,land,NAM,adjusted location to match NADP station ID03,
239,Brahney,2020,https://doi.org/10.1126/science.aaz5819,,o,,,6.0,,244.9489742783178,fiber,2017-10-10,2017-10-17,-113.5551,43.4605,,,50.3725,,,,0.0004186296169319245,,,40.82482904638631,,,,land,NAM,adjusted location to match NADP station ID03,
240,Brahney,2020,https://doi.org/10.1126/science.aaz5819,,o,,,6.0,,244.9489742783178,fiber,2018-10-23,2018-10-30,-113.5551,43.4605,,,28.0112,,,,0.0002327920576863074,,,40.82482904638631,,,,land,NAM,adjusted location to match NADP station ID03,
241,Brahney,2020,https://doi.org/10.1126/science.aaz5819,,o,,,6.0,,244.9489742783178,fiber,2017-10-31,2017-11-07,-113.5551,43.4605,,,50.2308,,,,0.0004174519938892076,,,40.82482904638631,,,,land,NAM,adjusted location to match NADP station ID03,
242,Brahney,2020,https://doi.org/10.1126/science.aaz5819,,o,,,6.0,,244.9489742783178,fiber,2018-01-16,2018-01-23,-114.217,39.0054,,,16.8067,,,,0.0001396750683982287,,,40.82482904638631,,,,land,NAM,adjusted location to match NADP station NV05,
243,Brahney,2020,https://doi.org/10.1126/science.aaz5819,,o,,,6.0,,244.9489742783178,fiber,2018-02-13,2018-02-20,-114.217,39.0054,,,42.4386,,,,0.0003526935304209077,,,40.82482904638631,,,,land,NAM,adjusted location to match NADP station NV05,
244,Brahney,2020,https://doi.org/10.1126/science.aaz5819,,o,,,6.0,,244.9489742783178,fiber,2018-02-27,2018-03-06,-114.217,39.0054,,,19.5014,,,,0.0001620698518365424,,,40.82482904638631,,,,land,NAM,adjusted location to match NADP station NV05,
245,Brahney,2020,https://doi.org/10.1126/science.aaz5819,,o,,,6.0,,244.9489742783178,fiber,2018-03-13,2018-03-20,-114.217,39.0054,,,13.576,,,,0.0001128257616649522,,,40.82482904638631,,,,land,NAM,adjusted location to match NADP station NV05,
246,Brahney,2020,https://doi.org/10.1126/science.aaz5819,,o,,,6.0,,244.9489742783178,fiber,2018-03-20,2018-03-27,-114.217,39.0054,,,37.3597,,,,0.0003104844289977987,,,40.82482904638631,,,,land,NAM,adjusted location to match NADP station NV05,
247,Brahney,2020,https://doi.org/10.1126/science.aaz5819,,o,,,6.0,,244.9489742783178,fiber,2018-04-03,2018-04-10,-114.217,39.0054,,,5.6726,,,,4.714315082650324e-05,,,40.82482904638631,,,,land,NAM,adjusted location to match NADP station NV05,
248,Brahney,2020,https://doi.org/10.1126/science.aaz5819,,o,,,6.0,,244.9489742783178,fiber,2018-04-10,2018-04-17,-114.217,39.0054,,,19.6176,,,,0.0001630355525956369,,,40.82482904638631,,,,land,NAM,adjusted location to match NADP station NV05,
249,Brahney,2020,https://doi.org/10.1126/science.aaz5819,,o,,,6.0,,244.9489742783178,fiber,2018-04-24,2018-05-01,-114.217,39.0054,,,18.8433,,,,0.0001566005947835294,,,40.82482904638631,,,,land,NAM,adjusted location to match NADP station NV05,
250,Brahney,2020,https://doi.org/10.1126/science.aaz5819,,o,,,6.0,,244.9489742783178,fiber,2018-05-08,2018-05-15,-114.217,39.0054,,,10.8556,,,,9.021739380745842e-05,,,40.82482904638631,,,,land,NAM,adjusted location to match NADP station NV05,
251,Brahney,2020,https://doi.org/10.1126/science.aaz5819,,o,,,6.0,,244.9489742783178,fiber,2018-05-15,2018-05-22,-114.217,39.0054,,,39.8311,,,,0.0003310234380858043,,,40.82482904638631,,,,land,NAM,adjusted location to match NADP station NV05,
252,Brahney,2020,https://doi.org/10.1126/science.aaz5819,,o,,,6.0,,244.9489742783178,fiber,2018-05-22,2018-05-29,-114.217,39.0054,,,35.7653,,,,0.0002972338843308424,,,40.82482904638631,,,,land,NAM,adjusted location to match NADP station NV05,
253,Brahney,2020,https://doi.org/10.1126/science.aaz5819,,o,,,6.0,,244.9489742783178,fiber,2018-07-03,2018-07-10,-114.217,39.0054,,,5.6932,,,,4.73143507889589e-05,,,40.82482904638631,,,,land,NAM,adjusted location to match NADP station NV05,
254,Brahney,2020,https://doi.org/10.1126/science.aaz5819,,o,,,6.0,,244.9489742783178,fiber,2018-07-10,2018-07-17,-114.217,39.0054,,,8.4034,,,,6.98379497330038e-05,,,40.82482904638631,,,,land,NAM,adjusted location to match NADP station NV05,
255,Brahney,2020,https://doi.org/10.1126/science.aaz5819,,o,,,6.0,,244.9489742783178,fiber,2018-07-17,2018-07-24,-114.217,39.0054,,,5.6022,,,,4.655807911014993e-05,,,40.82482904638631,,,,land,NAM,adjusted location to match NADP station NV05,
256,Brahney,2020,https://doi.org/10.1126/science.aaz5819,,o,,,6.0,,244.9489742783178,fiber,2018-07-23,2018-07-31,-114.217,39.0054,,,16.8067,,,,0.0001396750683982287,,,40.82482904638631,,,,land,NAM,adjusted location to match NADP station NV05,
257,Brahney,2020,https://doi.org/10.1126/science.aaz5819,,o,,,6.0,,244.9489742783178,fiber,2018-08-14,2018-08-21,-114.217,39.0054,,,14.0056,,,,0.0001163960288431537,,,40.82482904638631,,,,land,NAM,adjusted location to match NADP station NV05,
258,Brahney,2020,https://doi.org/10.1126/science.aaz5819,,o,,,6.0,,244.9489742783178,fiber,2017-09-19,2017-09-26,-114.217,39.0054,,,11.2045,,,,9.311698928807876e-05,,,40.82482904638631,,,,land,NAM,adjusted location to match NADP station NV05,
259,Brahney,2020,https://doi.org/10.1126/science.aaz5819,,o,,,6.0,,244.9489742783178,fiber,2018-10-02,2018-10-09,-114.217,39.0054,,,16.8067,,,,0.0001396750683982287,,,40.82482904638631,,,,land,NAM,adjusted location to match NADP station NV05,
260,Brahney,2020,https://doi.org/10.1126/science.aaz5819,,o,,,6.0,,244.9489742783178,fiber,2018-10-09,2018-10-16,-114.217,39.0054,,,5.6022,,,,4.655807911014993e-05,,,40.82482904638631,,,,land,NAM,adjusted location to match NADP station NV05,
261,Brahney,2020,https://doi.org/10.1126/science.aaz5819,,o,,,6.0,,244.9489742783178,fiber,2018-10-16,2018-10-23,-114.217,39.0054,,,19.6078,,,,0.0001629541079533037,,,40.82482904638631,,,,land,NAM,adjusted location to match NADP station NV05,
262,Brahney,2020,https://doi.org/10.1126/science.aaz5819,,o,,,6.0,,244.9489742783178,fiber,2018-01-02,2018-01-09,-116.3889,34.0695,,,27.8592,,,,0.0002315288346623628,,,40.82482904638631,,,,land,NAM,adjusted location to match NADP station CA67,
263,Brahney,2020,https://doi.org/10.1126/science.aaz5819,,o,,,6.0,,244.9489742783178,fiber,2018-03-13,2018-03-20,-116.3889,34.0695,,,71.3373,,,,0.0005928613146450499,,,40.82482904638631,,,,land,NAM,adjusted location to match NADP station CA67,
264,Brahney,2020,https://doi.org/10.1126/science.aaz5819,,o,,,6.0,,244.9489742783178,fiber,2018-03-20,2018-03-27,-116.3889,34.0695,,,49.6663,,,,0.0004127606162772553,,,40.82482904638631,,,,land,NAM,adjusted location to match NADP station CA67,
265,Brahney,2020,https://doi.org/10.1126/science.aaz5819,,o,,,6.0,,244.9489742783178,fiber,2018-05-01,2018-05-08,-116.3889,34.0695,,,16.8117,,,,0.0001397166217871742,,,40.82482904638631,,,,land,NAM,adjusted location to match NADP station CA67,
266,Brahney,2020,https://doi.org/10.1126/science.aaz5819,,o,,,6.0,,244.9489742783178,fiber,2018-07-03,2018-07-10,-116.3889,34.0695,,,25.2101,,,,0.0002095130181312325,,,40.82482904638631,,,,land,NAM,adjusted location to match NADP station CA67,
267,Brahney,2020,https://doi.org/10.1126/science.aaz5819,,o,,,6.0,,244.9489742783178,fiber,2018-07-10,2018-07-17,-116.3889,34.0695,,,42.0168,,,,0.0003491880865294612,,,40.82482904638631,,,,land,NAM,adjusted location to match NADP station CA67,
268,Brahney,2020,https://doi.org/10.1126/science.aaz5819,,o,,,6.0,,244.9489742783178,fiber,2018-07-24,2018-07-31,-116.3889,34.0695,,,8.4034,,,,6.98379497330038e-05,,,40.82482904638631,,,,land,NAM,adjusted location to match NADP station CA67,
269,Brahney,2020,https://doi.org/10.1126/science.aaz5819,,o,,,6.0,,244.9489742783178,fiber,2018-10-02,2018-10-09,-116.3889,34.0695,,,11.2045,,,,9.311698928807876e-05,,,40.82482904638631,,,,land,NAM,adjusted location to match NADP station CA67,
270,Brahney,2020,https://doi.org/10.1126/science.aaz5819,,o,,,6.0,,244.9489742783178,fiber,2018-10-09,2018-10-16,-116.3889,34.0695,,,85.1059,,,,0.0007072877128521846,,,40.82482904638631,,,,land,NAM,adjusted location to match NADP station CA67,
271,Brahney,2020,https://doi.org/10.1126/science.aaz5819,,o,,,6.0,,244.9489742783178,fiber,2018-01-09,2018-01-16,-109.821,38.4584,,,38.8878,,,,0.0003231839757273372,,,40.82482904638631,,,,land,NAM,adjusted location to match NADP station UT09,
272,Brahney,2020,https://doi.org/10.1126/science.aaz5819,,o,,,6.0,,244.9489742783178,fiber,2018-02-06,2018-02-13,-109.821,38.4584,,,24.0482,,,,0.0001998568416080661,,,40.82482904638631,,,,land,NAM,adjusted location to match NADP station UT09,
273,Brahney,2020,https://doi.org/10.1126/science.aaz5819,,o,,,6.0,,244.9489742783178,fiber,2018-02-20,2018-02-26,-109.821,38.4584,,,12.7401,,,,0.0001058788661010355,,,40.82482904638631,,,,land,NAM,adjusted location to match NADP station UT09,
274,Brahney,2020,https://doi.org/10.1126/science.aaz5819,,o,,,6.0,,244.9489742783178,fiber,2018-03-20,2018-03-27,-109.821,38.4584,,,50.4953,,,,0.0004196501681644271,,,40.82482904638631,,,,land,NAM,adjusted location to match NADP station UT09,
275,Brahney,2020,https://doi.org/10.1126/science.aaz5819,,o,,,6.0,,244.9489742783178,fiber,2018-04-03,2018-04-10,-109.821,38.4584,,,13.7585,,,,0.0001143424603614647,,,40.82482904638631,,,,land,NAM,adjusted location to match NADP station UT09,
276,Brahney,2020,https://doi.org/10.1126/science.aaz5819,,o,,,6.0,,244.9489742783178,fiber,2018-04-17,2018-04-24,-109.821,38.4584,,,22.018,,,,0.0001829845035606157,,,40.82482904638631,,,,land,NAM,adjusted location to match NADP station UT09,
277,Brahney,2020,https://doi.org/10.1126/science.aaz5819,,o,,,6.0,,244.9489742783178,fiber,2018-04-24,2018-05-02,-109.821,38.4584,,,17.8221,,,,0.0001481137306252906,,,40.82482904638631,,,,land,NAM,adjusted location to match NADP station UT09,
278,Brahney,2020,https://doi.org/10.1126/science.aaz5819,,o,,,6.0,,244.9489742783178,fiber,2018-05-02,2018-05-08,-109.821,38.4584,,,78.1708,,,,0.0006496523313169305,,,40.82482904638631,,,,land,NAM,adjusted location to match NADP station UT09,
279,Brahney,2020,https://doi.org/10.1126/science.aaz5819,,o,,,6.0,,244.9489742783178,fiber,2018-05-29,2018-06-05,-109.821,38.4584,,,33.6134,,,,0.0002793501367964574,,,40.82482904638631,,,,land,NAM,adjusted location to match NADP station UT09,
280,Brahney,2020,https://doi.org/10.1126/science.aaz5819,,o,,,6.0,,244.9489742783178,fiber,2018-07-10,2018-07-17,-109.821,38.4584,,,29.8678,,,,0.0002482216620695684,,,40.82482904638631,,,,land,NAM,adjusted location to match NADP station UT09,
281,Brahney,2020,https://doi.org/10.1126/science.aaz5819,,o,,,6.0,,244.9489742783178,fiber,2018-07-17,2018-07-23,-109.821,38.4584,,,5.6022,,,,4.655807911014993e-05,,,40.82482904638631,,,,land,NAM,adjusted location to match NADP station UT09,
282,Brahney,2020,https://doi.org/10.1126/science.aaz5819,,o,,,6.0,,244.9489742783178,fiber,2018-07-23,2018-07-31,-109.821,38.4584,,,0.0,,,,0.0,,,40.82482904638631,,,,land,NAM,adjusted location to match NADP station UT09,
283,Brahney,2020,https://doi.org/10.1126/science.aaz5819,,o,,,6.0,,244.9489742783178,fiber,2018-08-14,2018-08-21,-109.821,38.4584,,,8.4034,,,,6.98379497330038e-05,,,40.82482904638631,,,,land,NAM,adjusted location to match NADP station UT09,
284,Brahney,2020,https://doi.org/10.1126/science.aaz5819,,o,,,6.0,,244.9489742783178,fiber,2018-08-21,2018-08-28,-109.821,38.4584,,,5.6022,,,,4.655807911014993e-05,,,40.82482904638631,,,,land,NAM,adjusted location to match NADP station UT09,
285,Brahney,2020,https://doi.org/10.1126/science.aaz5819,,o,,,6.0,,244.9489742783178,fiber,2018-09-25,2018-10-02,-109.821,38.4584,,,14.0056,,,,0.0001163960288431537,,,40.82482904638631,,,,land,NAM,adjusted location to match NADP station UT09,
286,Brahney,2020,https://doi.org/10.1126/science.aaz5819,,o,,,6.0,,244.9489742783178,fiber,2017-09-26,2017-10-04,-109.821,38.4584,,,2.8011,,,,2.327903955507496e-05,,,40.82482904638631,,,,land,NAM,adjusted location to match NADP station UT09,
287,Brahney,2020,https://doi.org/10.1126/science.aaz5819,,o,,,6.0,,244.9489742783178,fiber,2018-10-02,2018-10-09,-109.821,38.4584,,,5.6022,,,,4.655807911014993e-05,,,40.82482904638631,,,,land,NAM,adjusted location to match NADP station UT09,
288,Brahney,2020,https://doi.org/10.1126/science.aaz5819,,o,,,6.0,,244.9489742783178,fiber,2018-10-09,2018-10-17,-109.821,38.4584,,,16.8067,,,,0.0001396750683982287,,,40.82482904638631,,,,land,NAM,adjusted location to match NADP station UT09,
289,Brahney,2020,https://doi.org/10.1126/science.aaz5819,,o,,,6.0,,244.9489742783178,fiber,2018-10-17,2018-10-23,-109.821,38.4584,,,25.2101,,,,0.0002095130181312325,,,40.82482904638631,,,,land,NAM,adjusted location to match NADP station UT09,
290,Brahney,2020,https://doi.org/10.1126/science.aaz5819,,o,,,6.0,,244.9489742783178,fiber,2017-12-19,2017-12-26,-109.821,38.4584,,,83.3309,,,,0.0006925362597765151,,,40.82482904638631,,,,land,NAM,adjusted location to match NADP station UT09,
291,Brahney,2020,https://doi.org/10.1126/science.aaz5819,,o,,,6.0,,244.9489742783178,fiber,2018-03-13,2018-03-20,-105.5891,40.0547,,,22.9167,,,,0.0001904533096896885,,,40.82482904638631,,,,land,NAM,adjusted location to match NADP station CO02,
292,Brahney,2020,https://doi.org/10.1126/science.aaz5819,,o,,,6.0,,244.9489742783178,fiber,2018-03-27,2018-04-03,-105.5891,40.0547,,,5.6187,,,,4.669520529367023e-05,,,40.82482904638631,,,,land,NAM,adjusted location to match NADP station CO02,
293,Brahney,2020,https://doi.org/10.1126/science.aaz5819,,o,,,6.0,,244.9489742783178,fiber,2018-04-03,2018-04-10,-105.5891,40.0547,,,17.0329,,,,0.0001415549437141253,,,40.82482904638631,,,,land,NAM,adjusted location to match NADP station CO02,
294,Brahney,2020,https://doi.org/10.1126/science.aaz5819,,o,,,6.0,,244.9489742783178,fiber,2018-04-17,2018-04-24,-105.5891,40.0547,,,12.1702,,,,0.0001011426108290219,,,40.82482904638631,,,,land,NAM,adjusted location to match NADP station CO02,
295,Brahney,2020,https://doi.org/10.1126/science.aaz5819,,o,,,6.0,,244.9489742783178,fiber,2018-05-15,2018-05-22,-105.5891,40.0547,,,8.5395,,,,7.096903298010163e-05,,,40.82482904638631,,,,land,NAM,adjusted location to match NADP station CO02,
296,Brahney,2020,https://doi.org/10.1126/science.aaz5819,,o,,,6.0,,244.9489742783178,fiber,2018-05-22,2018-05-29,-105.5891,40.0547,,,11.1218,,,,9.24296962349194e-05,,,40.82482904638631,,,,land,NAM,adjusted location to match NADP station CO02,
297,Brahney,2020,https://doi.org/10.1126/science.aaz5819,,o,,,6.0,,244.9489742783178,fiber,2018-12-18,2018-12-26,-105.5891,40.0547,,,11.2708,,,,9.366798722549673e-05,,,40.82482904638631,,,,land,NAM,adjusted location to match NADP station CO02,
298,Brahney,2020,https://doi.org/10.1126/science.aaz5819,,o,,,6.0,,244.9489742783178,fiber,2019-01-02,2019-01-08,-109.4671,40.7543,,,11.2045,,,,9.311698928807876e-05,,,40.82482904638631,,,,land,NAM,adjusted location to match NADP station UT95,
299,Brahney,2020,https://doi.org/10.1126/science.aaz5819,,o,,,6.0,,244.9489742783178,fiber,2019-01-08,2019-01-15,-109.4671,40.7543,,,8.4034,,,,6.98379497330038e-05,,,40.82482904638631,,,,land,NAM,adjusted location to match NADP station UT95,
300,Brahney,2020,https://doi.org/10.1126/science.aaz5819,,o,,,6.0,,244.9489742783178,fiber,2019-01-15,2019-01-22,-109.4671,40.7543,,,22.409,,,,0.0001862339785761575,,,40.82482904638631,,,,land,NAM,adjusted location to match NADP station UT95,
301,Brahney,2020,https://doi.org/10.1126/science.aaz5819,,o,,,6.0,,244.9489742783178,fiber,2019-01-22,2019-01-29,-109.4671,40.7543,,,56.0224,,,,0.0004655841153726149,,,40.82482904638631,,,,land,NAM,adjusted location to match NADP station UT95,
302,Brahney,2020,https://doi.org/10.1126/science.aaz5819,,o,,,6.0,,244.9489742783178,fiber,2019-01-29,2019-02-05,-109.4671,40.7543,,,11.588,,,,9.63041342202023e-05,,,40.82482904638631,,,,land,NAM,adjusted location to match NADP station UT95,
303,Brahney,2020,https://doi.org/10.1126/science.aaz5819,,o,,,6.0,,244.9489742783178,fiber,2018-03-13,2018-03-20,-109.4671,40.7543,,,57.6667,,,,0.0004792493628612479,,,40.82482904638631,,,,land,NAM,adjusted location to match NADP station UT95,
304,Brahney,2020,https://doi.org/10.1126/science.aaz5819,,o,,,6.0,,244.9489742783178,fiber,2018-04-03,2018-04-10,-109.4671,40.7543,,,56.2512,,,,0.0004674855984507632,,,40.82482904638631,,,,land,NAM,adjusted location to match NADP station UT95,
305,Brahney,2020,https://doi.org/10.1126/science.aaz5819,,o,,,6.0,,244.9489742783178,fiber,2018-04-24,2018-05-01,-109.4671,40.7543,,,59.893,,,,0.0004977514248231426,,,40.82482904638631,,,,land,NAM,adjusted location to match NADP station UT95,
306,Brahney,2020,https://doi.org/10.1126/science.aaz5819,,o,,,6.0,,244.9489742783178,fiber,2018-12-18,2018-12-26,-109.4671,40.7543,,,44.8179,,,,0.0003724671260845362,,,40.82482904638631,,,,land,NAM,adjusted location to match NADP station UT95,
307,Brahney,2020,https://doi.org/10.1126/science.aaz5819,,o,,,,,27.42261840160418,sphere,2018-01-09,2018-01-16,-105.6628,40.2878,,,2.7747,,,,3.595196757710379e-05,,,,,,,land,NAM,adjusted location to match NADP station CO98,
308,Brahney,2020,https://doi.org/10.1126/science.aaz5819,,o,,,,,27.42261840160418,sphere,2018-01-16,2018-01-24,-105.6628,40.2878,,,14.7161,,,,0.0001906774606485087,,,,,,,land,NAM,adjusted location to match NADP station CO98,
309,Brahney,2020,https://doi.org/10.1126/science.aaz5819,,o,,,,,27.42261840160418,sphere,2018-02-13,2018-02-21,-105.6628,40.2878,,,9.7776,,,,0.00012668899635344,,,,,,,land,NAM,adjusted location to match NADP station CO98,
310,Brahney,2020,https://doi.org/10.1126/science.aaz5819,,o,,,,,27.42261840160418,sphere,2018-03-13,2018-03-20,-105.6628,40.2878,,,18.0488,,,,0.0002338594703591851,,,,,,,land,NAM,adjusted location to match NADP station CO98,
311,Brahney,2020,https://doi.org/10.1126/science.aaz5819,,o,,,,,27.42261840160418,sphere,2018-03-27,2018-04-03,-105.6628,40.2878,,,8.4209,,,,0.0001091101465996444,,,,,,,land,NAM,adjusted location to match NADP station CO98,
312,Brahney,2020,https://doi.org/10.1126/science.aaz5819,,o,,,,,27.42261840160418,sphere,2018-04-03,2018-04-10,-105.6628,40.2878,,,0.0,,,,0.0,,,,,,,land,NAM,adjusted location to match NADP station CO98,
313,Brahney,2020,https://doi.org/10.1126/science.aaz5819,,o,,,,,27.42261840160418,sphere,2018-04-10,2018-04-17,-105.6628,40.2878,,,8.4025,,,,0.0001088717366081431,,,,,,,land,NAM,adjusted location to match NADP station CO98,
314,Brahney,2020,https://doi.org/10.1126/science.aaz5819,,o,,,,,27.42261840160418,sphere,2018-04-17,2018-04-24,-105.6628,40.2878,,,25.2879,,,,0.0003276569578307719,,,,,,,land,NAM,adjusted location to match NADP station CO98,
315,Brahney,2020,https://doi.org/10.1126/science.aaz5819,,o,,,,,27.42261840160418,sphere,2018-04-24,2018-05-01,-105.6628,40.2878,,,2.7997,,,,3.627589419599144e-05,,,,,,,land,NAM,adjusted location to match NADP station CO98,
316,Brahney,2020,https://doi.org/10.1126/science.aaz5819,,o,,,,,27.42261840160418,sphere,2018-05-01,2018-05-08,-105.6628,40.2878,,,0.0,,,,0.0,,,,,,,land,NAM,adjusted location to match NADP station CO98,
317,Brahney,2020,https://doi.org/10.1126/science.aaz5819,,o,,,,,27.42261840160418,sphere,2018-05-08,2018-05-15,-105.6628,40.2878,,,2.8201,,,,3.654021831700378e-05,,,,,,,land,NAM,adjusted location to match NADP station CO98,
318,Brahney,2020,https://doi.org/10.1126/science.aaz5819,,o,,,,,27.42261840160418,sphere,2018-05-15,2018-05-22,-105.6628,40.2878,,,0.0,,,,0.0,,,,,,,land,NAM,adjusted location to match NADP station CO98,
319,Brahney,2020,https://doi.org/10.1126/science.aaz5819,,o,,,,,27.42261840160418,sphere,2018-05-22,2018-05-29,-105.6628,40.2878,,,0.0,,,,0.0,,,,,,,land,NAM,adjusted location to match NADP station CO98,
320,Brahney,2020,https://doi.org/10.1126/science.aaz5819,,o,,,,,27.42261840160418,sphere,2018-05-29,2018-06-05,-105.6628,40.2878,,,2.8011,,,,3.629403408664915e-05,,,,,,,land,NAM,adjusted location to match NADP station CO98,
321,Brahney,2020,https://doi.org/10.1126/science.aaz5819,,o,,,,,27.42261840160418,sphere,2018-06-12,2018-06-19,-105.6628,40.2878,,,5.6022,,,,7.258806817329831e-05,,,,,,,land,NAM,adjusted location to match NADP station CO98,
322,Brahney,2020,https://doi.org/10.1126/science.aaz5819,,o,,,,,27.42261840160418,sphere,2018-06-19,2018-06-25,-105.6628,40.2878,,,5.6022,,,,7.258806817329831e-05,,,,,,,land,NAM,adjusted location to match NADP station CO98,
323,Brahney,2020,https://doi.org/10.1126/science.aaz5819,,o,,,,,27.42261840160418,sphere,2018-07-03,2018-07-10,-105.6628,40.2878,,,0.0,,,,0.0,,,,,,,land,NAM,adjusted location to match NADP station CO98,
324,Brahney,2020,https://doi.org/10.1126/science.aaz5819,,o,,,,,27.42261840160418,sphere,2018-07-10,2018-07-18,-105.6628,40.2878,,,5.6022,,,,7.258806817329831e-05,,,,,,,land,NAM,adjusted location to match NADP station CO98,
325,Brahney,2020,https://doi.org/10.1126/science.aaz5819,,o,,,,,27.42261840160418,sphere,2018-07-18,2018-07-24,-105.6628,40.2878,,,11.2045,,,,0.0001451774320530722,,,,,,,land,NAM,adjusted location to match NADP station CO98,
326,Brahney,2020,https://doi.org/10.1126/science.aaz5819,,o,,,,,27.42261840160418,sphere,2018-07-24,2018-07-31,-105.6628,40.2878,,,0.0,,,,0.0,,,,,,,land,NAM,adjusted location to match NADP station CO98,
327,Brahney,2020,https://doi.org/10.1126/science.aaz5819,,o,,,,,27.42261840160418,sphere,2018-07-31,2018-08-07,-105.6628,40.2878,,,22.409,,,,0.0002903548641061443,,,,,,,land,NAM,adjusted location to match NADP station CO98,
328,Brahney,2020,https://doi.org/10.1126/science.aaz5819,,o,,,,,27.42261840160418,sphere,2018-08-14,2018-08-21,-105.6628,40.2878,,,5.6022,,,,7.258806817329831e-05,,,,,,,land,NAM,adjusted location to match NADP station CO98,
329,Brahney,2020,https://doi.org/10.1126/science.aaz5819,,o,,,,,27.42261840160418,sphere,2018-08-21,2018-08-28,-105.6628,40.2878,,,16.8067,,,,0.0002177655002263705,,,,,,,land,NAM,adjusted location to match NADP station CO98,
330,Brahney,2020,https://doi.org/10.1126/science.aaz5819,,o,,,,,27.42261840160418,sphere,2018-09-04,2018-09-11,-105.6628,40.2878,,,0.0,,,,0.0,,,,,,,land,NAM,adjusted location to match NADP station CO98,
331,Brahney,2020,https://doi.org/10.1126/science.aaz5819,,o,,,,,27.42261840160418,sphere,2017-09-12,2017-09-19,-105.6628,40.2878,,,23.0655,,,,0.0002988611771181343,,,,,,,land,NAM,adjusted location to match NADP station CO98,
332,Brahney,2020,https://doi.org/10.1126/science.aaz5819,,o,,,,,27.42261840160418,sphere,2018-09-18,2018-09-25,-105.6628,40.2878,,,11.2045,,,,0.0001451774320530722,,,,,,,land,NAM,adjusted location to match NADP station CO98,
333,Brahney,2020,https://doi.org/10.1126/science.aaz5819,,o,,,,,27.42261840160418,sphere,2017-09-19,2017-09-27,-105.6628,40.2878,,,13.5877,,,,0.0001760567087783952,,,,,,,land,NAM,adjusted location to match NADP station CO98,
334,Brahney,2020,https://doi.org/10.1126/science.aaz5819,,o,,,,,27.42261840160418,sphere,2018-09-25,2018-10-02,-105.6628,40.2878,,,16.8067,,,,0.0002177655002263705,,,,,,,land,NAM,adjusted location to match NADP station CO98,
335,Brahney,2020,https://doi.org/10.1126/science.aaz5819,,o,,,,,27.42261840160418,sphere,2017-09-27,2017-10-03,-105.6628,40.2878,,,162.7676,,,,0.002108990333298374,,,,,,,land,NAM,adjusted location to match NADP station CO98,
336,Brahney,2020,https://doi.org/10.1126/science.aaz5819,,o,,,,,27.42261840160418,sphere,2018-10-02,2018-10-09,-105.6628,40.2878,,,0.0,,,,0.0,,,,,,,land,NAM,adjusted location to match NADP station CO98,
337,Brahney,2020,https://doi.org/10.1126/science.aaz5819,,o,,,,,27.42261840160418,sphere,2017-10-03,2017-10-11,-105.6628,40.2878,,,14.7059,,,,0.0001905452985880025,,,,,,,land,NAM,adjusted location to match NADP station CO98,
338,Brahney,2020,https://doi.org/10.1126/science.aaz5819,,o,,,,,27.42261840160418,sphere,2018-10-09,2018-10-16,-105.6628,40.2878,,,2.8011,,,,3.629403408664915e-05,,,,,,,land,NAM,adjusted location to match NADP station CO98,
339,Brahney,2020,https://doi.org/10.1126/science.aaz5819,,o,,,,,27.42261840160418,sphere,2018-10-23,2018-10-30,-105.6628,40.2878,,,2.8011,,,,3.629403408664915e-05,,,,,,,land,NAM,adjusted location to match NADP station CO98,
340,Brahney,2020,https://doi.org/10.1126/science.aaz5819,,o,,,,,27.42261840160418,sphere,2017-10-31,2017-11-08,-105.6628,40.2878,,,0.0,,,,0.0,,,,,,,land,NAM,adjusted location to match NADP station CO98,
341,Brahney,2020,https://doi.org/10.1126/science.aaz5819,,o,,,,,27.42261840160418,sphere,2018-02-13,2018-02-20,-112.184,36.0586,,,11.1967,,,,0.0001450763669479792,,,,,,,land,NAM,adjusted location to match NADP station AZ03,
342,Brahney,2020,https://doi.org/10.1126/science.aaz5819,,o,,,,,27.42261840160418,sphere,2018-03-06,2018-03-13,-112.184,36.0586,,,5.6022,,,,7.258806817329831e-05,,,,,,,land,NAM,adjusted location to match NADP station AZ03,
343,Brahney,2020,https://doi.org/10.1126/science.aaz5819,,o,,,,,27.42261840160418,sphere,2018-03-13,2018-03-20,-112.184,36.0586,,,16.732,,,,0.0002167976074891341,,,,,,,land,NAM,adjusted location to match NADP station AZ03,
344,Brahney,2020,https://doi.org/10.1126/science.aaz5819,,o,,,,,27.42261840160418,sphere,2018-03-20,2018-03-27,-112.184,36.0586,,,11.2045,,,,0.0001451774320530722,,,,,,,land,NAM,adjusted location to match NADP station AZ03,
345,Brahney,2020,https://doi.org/10.1126/science.aaz5819,,o,,,,,27.42261840160418,sphere,2018-06-12,2018-06-19,-112.184,36.0586,,,11.2045,,,,0.0001451774320530722,,,,,,,land,NAM,adjusted location to match NADP station AZ03,
346,Brahney,2020,https://doi.org/10.1126/science.aaz5819,,o,,,,,27.42261840160418,sphere,2018-07-03,2018-07-12,-112.184,36.0586,,,0.0,,,,0.0,,,,,,,land,NAM,adjusted location to match NADP station AZ03,
347,Brahney,2020,https://doi.org/10.1126/science.aaz5819,,o,,,,,27.42261840160418,sphere,2018-07-12,2018-07-17,-112.184,36.0586,,,3.9216,,,,5.081242514519415e-05,,,,,,,land,NAM,adjusted location to match NADP station AZ03,
348,Brahney,2020,https://doi.org/10.1126/science.aaz5819,,o,,,,,27.42261840160418,sphere,2018-07-17,2018-07-24,-112.184,36.0586,,,11.2045,,,,0.0001451774320530722,,,,,,,land,NAM,adjusted location to match NADP station AZ03,
349,Brahney,2020,https://doi.org/10.1126/science.aaz5819,,o,,,,,27.42261840160418,sphere,2018-08-21,2018-08-28,-112.184,36.0586,,,0.0,,,,0.0,,,,,,,land,NAM,adjusted location to match NADP station AZ03,
350,Brahney,2020,https://doi.org/10.1126/science.aaz5819,,o,,,,,27.42261840160418,sphere,2018-08-28,2018-09-04,-112.184,36.0586,,,22.409,,,,0.0002903548641061443,,,,,,,land,NAM,adjusted location to match NADP station AZ03,
351,Brahney,2020,https://doi.org/10.1126/science.aaz5819,,o,,,,,27.42261840160418,sphere,2018-09-04,2018-09-11,-112.184,36.0586,,,8.4034,,,,0.000108883397966423,,,,,,,land,NAM,adjusted location to match NADP station AZ03,
352,Brahney,2020,https://doi.org/10.1126/science.aaz5819,,o,,,,,27.42261840160418,sphere,2018-09-18,2018-09-25,-112.184,36.0586,,,14.0056,,,,0.0001814714661397213,,,,,,,land,NAM,adjusted location to match NADP station AZ03,
353,Brahney,2020,https://doi.org/10.1126/science.aaz5819,,o,,,,,27.42261840160418,sphere,2018-09-25,2018-10-02,-112.184,36.0586,,,8.4034,,,,0.000108883397966423,,,,,,,land,NAM,adjusted location to match NADP station AZ03,
354,Brahney,2020,https://doi.org/10.1126/science.aaz5819,,o,,,,,27.42261840160418,sphere,2018-10-02,2018-10-09,-112.184,36.0586,,,8.4034,,,,0.000108883397966423,,,,,,,land,NAM,adjusted location to match NADP station AZ03,
355,Brahney,2020,https://doi.org/10.1126/science.aaz5819,,o,,,,,27.42261840160418,sphere,2017-11-01,2017-11-07,-112.184,36.0586,,,16.3399,,,,0.0002117171423985,,,,,,,land,NAM,adjusted location to match NADP station AZ03,
356,Brahney,2020,https://doi.org/10.1126/science.aaz5819,,o,,,,,27.42261840160418,sphere,2018-01-09,2018-01-16,-109.7875,42.929,,,5.5691,,,,7.215918932989104e-05,,,,,,,land,NAM,adjusted location to match NADP station WY06,
357,Brahney,2020,https://doi.org/10.1126/science.aaz5819,,o,,,,,27.42261840160418,sphere,2018-02-06,2018-02-13,-109.7875,42.929,,,0.0,,,,0.0,,,,,,,land,NAM,adjusted location to match NADP station WY06,
358,Brahney,2020,https://doi.org/10.1126/science.aaz5819,,o,,,,,27.42261840160418,sphere,2018-03-13,2018-03-21,-109.7875,42.929,,,12.5156,,,,0.0001621654396540167,,,,,,,land,NAM,adjusted location to match NADP station WY06,
359,Brahney,2020,https://doi.org/10.1126/science.aaz5819,,o,,,,,27.42261840160418,sphere,2018-03-21,2018-03-27,-109.7875,42.929,,,0.0,,,,0.0,,,,,,,land,NAM,adjusted location to match NADP station WY06,
360,Brahney,2020,https://doi.org/10.1126/science.aaz5819,,o,,,,,27.42261840160418,sphere,2018-04-17,2018-04-24,-109.7875,42.929,,,5.5939,,,,7.24805245358276e-05,,,,,,,land,NAM,adjusted location to match NADP station WY06,
361,Brahney,2020,https://doi.org/10.1126/science.aaz5819,,o,,,,,27.42261840160418,sphere,2018-04-24,2018-05-01,-109.7875,42.929,,,2.7928,,,,3.618649044917845e-05,,,,,,,land,NAM,adjusted location to match NADP station WY06,
362,Brahney,2020,https://doi.org/10.1126/science.aaz5819,,o,,,,,27.42261840160418,sphere,2018-05-08,2018-05-15,-109.7875,42.929,,,21.5732,,,,0.000279525349383492,,,,,,,land,NAM,adjusted location to match NADP station WY06,
363,Brahney,2020,https://doi.org/10.1126/science.aaz5819,,o,,,,,27.42261840160418,sphere,2018-05-15,2018-05-22,-109.7875,42.929,,,11.1878,,,,0.0001449610490716552,,,,,,,land,NAM,adjusted location to match NADP station WY06,
364,Brahney,2020,https://doi.org/10.1126/science.aaz5819,,o,,,,,27.42261840160418,sphere,2018-05-22,2018-05-29,-109.7875,42.929,,,5.5527,,,,7.194669346790073e-05,,,,,,,land,NAM,adjusted location to match NADP station WY06,
365,Brahney,2020,https://doi.org/10.1126/science.aaz5819,,o,,,,,27.42261840160418,sphere,2018-06-12,2018-06-19,-109.7875,42.929,,,0.0,,,,0.0,,,,,,,land,NAM,adjusted location to match NADP station WY06,
366,Brahney,2020,https://doi.org/10.1126/science.aaz5819,,o,,,,,27.42261840160418,sphere,2018-06-26,2018-07-04,-109.7875,42.929,,,0.0,,,,0.0,,,,,,,land,NAM,adjusted location to match NADP station WY06,
367,Brahney,2020,https://doi.org/10.1126/science.aaz5819,,o,,,,,27.42261840160418,sphere,2018-07-10,2018-07-17,-109.7875,42.929,,,5.6022,,,,7.258806817329831e-05,,,,,,,land,NAM,adjusted location to match NADP station WY06,
368,Brahney,2020,https://doi.org/10.1126/science.aaz5819,,o,,,,,27.42261840160418,sphere,2018-07-17,2018-07-24,-109.7875,42.929,,,2.8011,,,,3.629403408664915e-05,,,,,,,land,NAM,adjusted location to match NADP station WY06,
369,Brahney,2020,https://doi.org/10.1126/science.aaz5819,,o,,,,,27.42261840160418,sphere,2018-07-31,2018-08-07,-109.7875,42.929,,,5.6022,,,,7.258806817329831e-05,,,,,,,land,NAM,adjusted location to match NADP station WY06,
370,Brahney,2020,https://doi.org/10.1126/science.aaz5819,,o,,,,,27.42261840160418,sphere,2018-08-14,2018-08-21,-109.7875,42.929,,,2.8011,,,,3.629403408664915e-05,,,,,,,land,NAM,adjusted location to match NADP station WY06,
371,Brahney,2020,https://doi.org/10.1126/science.aaz5819,,o,,,,,27.42261840160418,sphere,2018-08-21,2018-08-28,-109.7875,42.929,,,0.0,,,,0.0,,,,,,,land,NAM,adjusted location to match NADP station WY06,
372,Brahney,2020,https://doi.org/10.1126/science.aaz5819,,o,,,,,27.42261840160418,sphere,2017-09-19,2017-09-26,-109.7875,42.929,,,13.1008,,,,0.0001697479139489391,,,,,,,land,NAM,adjusted location to match NADP station WY06,
373,Brahney,2020,https://doi.org/10.1126/science.aaz5819,,o,,,,,27.42261840160418,sphere,2018-09-25,2018-10-02,-109.7875,42.929,,,2.8011,,,,3.629403408664915e-05,,,,,,,land,NAM,adjusted location to match NADP station WY06,
374,Brahney,2020,https://doi.org/10.1126/science.aaz5819,,o,,,,,27.42261840160418,sphere,2018-10-02,2018-10-09,-109.7875,42.929,,,3.8908,,,,5.041334755072455e-05,,,,,,,land,NAM,adjusted location to match NADP station WY06,
375,Brahney,2020,https://doi.org/10.1126/science.aaz5819,,o,,,,,27.42261840160418,sphere,2018-10-09,2018-10-16,-109.7875,42.929,,,11.2045,,,,0.0001451774320530722,,,,,,,land,NAM,adjusted location to match NADP station WY06,
376,Brahney,2020,https://doi.org/10.1126/science.aaz5819,,o,,,,,27.42261840160418,sphere,2018-10-23,2018-10-30,-109.7875,42.929,,,2.8011,,,,3.629403408664915e-05,,,,,,,land,NAM,adjusted location to match NADP station WY06,
377,Brahney,2020,https://doi.org/10.1126/science.aaz5819,,o,,,,,27.42261840160418,sphere,2017-11-15,2017-11-21,-109.7875,42.929,,,6.6047,,,,8.557752559069354e-05,,,,,,,land,NAM,adjusted location to match NADP station WY06,
378,Brahney,2020,https://doi.org/10.1126/science.aaz5819,,o,,,,,27.42261840160418,sphere,2017-12-12,2017-12-19,-109.7875,42.929,,,19.6664,,,,0.0002548188183076923,,,,,,,land,NAM,adjusted location to match NADP station WY06,
379,Brahney,2020,https://doi.org/10.1126/science.aaz5819,,o,,,,,27.42261840160418,sphere,2017-12-19,2017-12-26,-109.7875,42.929,,,2.8011,,,,3.629403408664915e-05,,,,,,,land,NAM,adjusted location to match NADP station WY06,
380,Brahney,2020,https://doi.org/10.1126/science.aaz5819,,o,,,,,27.42261840160418,sphere,2018-01-02,2018-01-09,-112.1728,37.6186,,,11.266,,,,0.0001459742915355358,,,,,,,land,NAM,adjusted location to match NADP station UT99,
381,Brahney,2020,https://doi.org/10.1126/science.aaz5819,,o,,,,,27.42261840160418,sphere,2018-01-09,2018-01-16,-112.1728,37.6186,,,0.0,,,,0.0,,,,,,,land,NAM,adjusted location to match NADP station UT99,
382,Brahney,2020,https://doi.org/10.1126/science.aaz5819,,o,,,,,27.42261840160418,sphere,2018-01-16,2018-01-23,-112.1728,37.6186,,,8.5132,,,,0.0001103060836765776,,,,,,,land,NAM,adjusted location to match NADP station UT99,
383,Brahney,2020,https://doi.org/10.1126/science.aaz5819,,o,,,,,27.42261840160418,sphere,2018-02-07,2018-02-13,-112.1728,37.6186,,,8.5926,,,,0.0001113348746181648,,,,,,,land,NAM,adjusted location to match NADP station UT99,
384,Brahney,2020,https://doi.org/10.1126/science.aaz5819,,o,,,,,27.42261840160418,sphere,2018-02-21,2018-02-27,-112.1728,37.6186,,,14.2172,,,,0.0001842131810419865,,,,,,,land,NAM,adjusted location to match NADP station UT99,
385,Brahney,2020,https://doi.org/10.1126/science.aaz5819,,o,,,,,27.42261840160418,sphere,2018-03-06,2018-03-13,-112.1728,37.6186,,,8.5778,,,,0.0001111431100597833,,,,,,,land,NAM,adjusted location to match NADP station UT99,
386,Brahney,2020,https://doi.org/10.1126/science.aaz5819,,o,,,,,27.42261840160418,sphere,2018-03-13,2018-03-20,-112.1728,37.6186,,,0.0,,,,0.0,,,,,,,land,NAM,adjusted location to match NADP station UT99,
387,Brahney,2020,https://doi.org/10.1126/science.aaz5819,,o,,,,,27.42261840160418,sphere,2018-04-04,2018-04-10,-112.1728,37.6186,,,3.1199,,,,4.042474633070461e-05,,,,,,,land,NAM,adjusted location to match NADP station UT99,
388,Brahney,2020,https://doi.org/10.1126/science.aaz5819,,o,,,,,27.42261840160418,sphere,2018-04-17,2018-04-24,-112.1728,37.6186,,,0.0,,,,0.0,,,,,,,land,NAM,adjusted location to match NADP station UT99,
389,Brahney,2020,https://doi.org/10.1126/science.aaz5819,,o,,,,,27.42261840160418,sphere,2018-04-24,2018-05-01,-112.1728,37.6186,,,5.7711,,,,7.477651641050334e-05,,,,,,,land,NAM,adjusted location to match NADP station UT99,
390,Brahney,2020,https://doi.org/10.1126/science.aaz5819,,o,,,,,27.42261840160418,sphere,2018-07-03,2018-07-10,-112.1728,37.6186,,,8.4034,,,,0.000108883397966423,,,,,,,land,NAM,adjusted location to match NADP station UT99,
391,Brahney,2020,https://doi.org/10.1126/science.aaz5819,,o,,,,,27.42261840160418,sphere,2018-07-10,2018-07-17,-112.1728,37.6186,,,0.0,,,,0.0,,,,,,,land,NAM,adjusted location to match NADP station UT99,
392,Brahney,2020,https://doi.org/10.1126/science.aaz5819,,o,,,,,27.42261840160418,sphere,2018-07-17,2018-07-24,-112.1728,37.6186,,,5.6022,,,,7.258806817329831e-05,,,,,,,land,NAM,adjusted location to match NADP station UT99,
393,Brahney,2020,https://doi.org/10.1126/science.aaz5819,,o,,,,,27.42261840160418,sphere,2018-07-24,2018-07-31,-112.1728,37.6186,,,0.0,,,,0.0,,,,,,,land,NAM,adjusted location to match NADP station UT99,
394,Brahney,2020,https://doi.org/10.1126/science.aaz5819,,o,,,,,27.42261840160418,sphere,2018-08-07,2018-08-14,-112.1728,37.6186,,,0.0,,,,0.0,,,,,,,land,NAM,adjusted location to match NADP station UT99,
395,Brahney,2020,https://doi.org/10.1126/science.aaz5819,,o,,,,,27.42261840160418,sphere,2018-08-14,2018-08-21,-112.1728,37.6186,,,5.6022,,,,7.258806817329831e-05,,,,,,,land,NAM,adjusted location to match NADP station UT99,
396,Brahney,2020,https://doi.org/10.1126/science.aaz5819,,o,,,,,27.42261840160418,sphere,2018-08-21,2018-08-28,-112.1728,37.6186,,,5.6022,,,,7.258806817329831e-05,,,,,,,land,NAM,adjusted location to match NADP station UT99,
397,Brahney,2020,https://doi.org/10.1126/science.aaz5819,,o,,,,,27.42261840160418,sphere,2018-09-04,2018-09-11,-112.1728,37.6186,,,19.6078,,,,0.0002540595343130197,,,,,,,land,NAM,adjusted location to match NADP station UT99,
398,Brahney,2020,https://doi.org/10.1126/science.aaz5819,,o,,,,,27.42261840160418,sphere,2018-09-25,2018-10-02,-112.1728,37.6186,,,5.6022,,,,7.258806817329831e-05,,,,,,,land,NAM,adjusted location to match NADP station UT99,
399,Brahney,2020,https://doi.org/10.1126/science.aaz5819,,o,,,,,27.42261840160418,sphere,2018-09-26,2018-10-03,-112.1728,37.6186,,,8.4034,,,,0.000108883397966423,,,,,,,land,NAM,adjusted location to match NADP station UT99,
400,Brahney,2020,https://doi.org/10.1126/science.aaz5819,,o,,,,,27.42261840160418,sphere,2018-10-02,2018-10-09,-112.1728,37.6186,,,2.8011,,,,3.629403408664915e-05,,,,,,,land,NAM,adjusted location to match NADP station UT99,
401,Brahney,2020,https://doi.org/10.1126/science.aaz5819,,o,,,,,27.42261840160418,sphere,2018-10-09,2018-10-16,-112.1728,37.6186,,,0.0,,,,0.0,,,,,,,land,NAM,adjusted location to match NADP station UT99,
402,Brahney,2020,https://doi.org/10.1126/science.aaz5819,,o,,,,,27.42261840160418,sphere,2018-10-16,2018-10-23,-112.1728,37.6186,,,5.6022,,,,7.258806817329831e-05,,,,,,,land,NAM,adjusted location to match NADP station UT99,
403,Brahney,2020,https://doi.org/10.1126/science.aaz5819,,o,,,,,27.42261840160418,sphere,2018-12-19,2018-12-26,-112.1728,37.6186,,,8.3784,,,,0.0001085594713475353,,,,,,,land,NAM,adjusted location to match NADP station UT99,
404,Brahney,2020,https://doi.org/10.1126/science.aaz5819,,o,,,,,27.42261840160418,sphere,2018-01-02,2018-01-09,-106.986,38.9561,,,0.0,,,,0.0,,,,,,,land,NAM,adjusted location to match NADP station CO10,
405,Brahney,2020,https://doi.org/10.1126/science.aaz5819,,o,,,,,27.42261840160418,sphere,2018-01-09,2018-01-16,-106.986,38.9561,,,2.7766,,,,3.597658600013925e-05,,,,,,,land,NAM,adjusted location to match NADP station CO10,
406,Brahney,2020,https://doi.org/10.1126/science.aaz5819,,o,,,,,27.42261840160418,sphere,2018-01-30,2018-02-06,-106.986,38.9561,,,0.0,,,,0.0,,,,,,,land,NAM,adjusted location to match NADP station CO10,
407,Brahney,2020,https://doi.org/10.1126/science.aaz5819,,o,,,,,27.42261840160418,sphere,2018-02-06,2018-02-13,-106.986,38.9561,,,0.0,,,,0.0,,,,,,,land,NAM,adjusted location to match NADP station CO10,
408,Brahney,2020,https://doi.org/10.1126/science.aaz5819,,o,,,,,27.42261840160418,sphere,2018-02-13,2018-02-20,-106.986,38.9561,,,0.0,,,,0.0,,,,,,,land,NAM,adjusted location to match NADP station CO10,
409,Brahney,2020,https://doi.org/10.1126/science.aaz5819,,o,,,,,27.42261840160418,sphere,2018-02-20,2018-02-27,-106.986,38.9561,,,8.5251,,,,0.0001104602727471681,,,,,,,land,NAM,adjusted location to match NADP station CO10,
410,Brahney,2020,https://doi.org/10.1126/science.aaz5819,,o,,,,,27.42261840160418,sphere,2018-03-13,2018-03-20,-106.986,38.9561,,,2.7832,,,,3.606210262752559e-05,,,,,,,land,NAM,adjusted location to match NADP station CO10,
411,Brahney,2020,https://doi.org/10.1126/science.aaz5819,,o,,,,,27.42261840160418,sphere,2018-03-20,2018-03-27,-106.986,38.9561,,,0.0,,,,0.0,,,,,,,land,NAM,adjusted location to match NADP station CO10,
412,Brahney,2020,https://doi.org/10.1126/science.aaz5819,,o,,,,,27.42261840160418,sphere,2018-03-27,2018-04-03,-106.986,38.9561,,,0.0,,,,0.0,,,,,,,land,NAM,adjusted location to match NADP station CO10,
413,Brahney,2020,https://doi.org/10.1126/science.aaz5819,,o,,,,,27.42261840160418,sphere,2018-04-03,2018-04-10,-106.986,38.9561,,,26.0903,,,,0.0003380537065905903,,,,,,,land,NAM,adjusted location to match NADP station CO10,
414,Brahney,2020,https://doi.org/10.1126/science.aaz5819,,o,,,,,27.42261840160418,sphere,2018-04-17,2018-04-24,-106.986,38.9561,,,13.4053,,,,0.0001736933401669908,,,,,,,land,NAM,adjusted location to match NADP station CO10,
415,Brahney,2020,https://doi.org/10.1126/science.aaz5819,,o,,,,,27.42261840160418,sphere,2018-04-24,2018-05-01,-106.986,38.9561,,,2.7895,,,,3.614373213548528e-05,,,,,,,land,NAM,adjusted location to match NADP station CO10,
416,Brahney,2020,https://doi.org/10.1126/science.aaz5819,,o,,,,,27.42261840160418,sphere,2018-05-29,2018-06-05,-106.986,38.9561,,,5.6022,,,,7.258806817329831e-05,,,,,,,land,NAM,adjusted location to match NADP station CO10,
417,Brahney,2020,https://doi.org/10.1126/science.aaz5819,,o,,,,,27.42261840160418,sphere,2018-06-12,2018-06-19,-106.986,38.9561,,,0.0,,,,0.0,,,,,,,land,NAM,adjusted location to match NADP station CO10,
418,Brahney,2020,https://doi.org/10.1126/science.aaz5819,,o,,,,,27.42261840160418,sphere,2018-07-03,2018-07-10,-106.986,38.9561,,,0.0,,,,0.0,,,,,,,land,NAM,adjusted location to match NADP station CO10,
419,Brahney,2020,https://doi.org/10.1126/science.aaz5819,,o,,,,,27.42261840160418,sphere,2018-07-10,2018-07-17,-106.986,38.9561,,,8.4034,,,,0.000108883397966423,,,,,,,land,NAM,adjusted location to match NADP station CO10,
420,Brahney,2020,https://doi.org/10.1126/science.aaz5819,,o,,,,,27.42261840160418,sphere,2018-07-24,2018-07-31,-106.986,38.9561,,,5.6022,,,,7.258806817329831e-05,,,,,,,land,NAM,adjusted location to match NADP station CO10,
421,Brahney,2020,https://doi.org/10.1126/science.aaz5819,,o,,,,,27.42261840160418,sphere,2018-07-31,2018-08-07,-106.986,38.9561,,,30.8123,,,,0.0003992369663660918,,,,,,,land,NAM,adjusted location to match NADP station CO10,
422,Brahney,2020,https://doi.org/10.1126/science.aaz5819,,o,,,,,27.42261840160418,sphere,2018-08-14,2018-08-21,-106.986,38.9561,,,16.8067,,,,0.0002177655002263705,,,,,,,land,NAM,adjusted location to match NADP station CO10,
423,Brahney,2020,https://doi.org/10.1126/science.aaz5819,,o,,,,,27.42261840160418,sphere,2018-08-21,2018-08-28,-106.986,38.9561,,,2.8011,,,,3.629403408664915e-05,,,,,,,land,NAM,adjusted location to match NADP station CO10,
424,Brahney,2020,https://doi.org/10.1126/science.aaz5819,,o,,,,,27.42261840160418,sphere,2018-09-18,2018-09-25,-106.986,38.9561,,,19.6078,,,,0.0002540595343130197,,,,,,,land,NAM,adjusted location to match NADP station CO10,
425,Brahney,2020,https://doi.org/10.1126/science.aaz5819,,o,,,,,27.42261840160418,sphere,2018-09-25,2018-10-02,-106.986,38.9561,,,2.8011,,,,3.629403408664915e-05,,,,,,,land,NAM,adjusted location to match NADP station CO10,
426,Brahney,2020,https://doi.org/10.1126/science.aaz5819,,o,,,,,27.42261840160418,sphere,2018-10-02,2018-10-09,-106.986,38.9561,,,0.0,,,,0.0,,,,,,,land,NAM,adjusted location to match NADP station CO10,
427,Brahney,2020,https://doi.org/10.1126/science.aaz5819,,o,,,,,27.42261840160418,sphere,2017-10-03,2017-10-10,-106.986,38.9561,,,5.6022,,,,7.258806817329831e-05,,,,,,,land,NAM,adjusted location to match NADP station CO10,
428,Brahney,2020,https://doi.org/10.1126/science.aaz5819,,o,,,,,27.42261840160418,sphere,2018-10-09,2018-10-16,-106.986,38.9561,,,5.6022,,,,7.258806817329831e-05,,,,,,,land,NAM,adjusted location to match NADP station CO10,
429,Brahney,2020,https://doi.org/10.1126/science.aaz5819,,o,,,,,27.42261840160418,sphere,2018-10-16,2018-10-23,-106.986,38.9561,,,5.6022,,,,7.258806817329831e-05,,,,,,,land,NAM,adjusted location to match NADP station CO10,
430,Brahney,2020,https://doi.org/10.1126/science.aaz5819,,o,,,,,27.42261840160418,sphere,2017-10-17,2017-10-24,-106.986,38.9561,,,2.8011,,,,3.629403408664915e-05,,,,,,,land,NAM,adjusted location to match NADP station CO10,
431,Brahney,2020,https://doi.org/10.1126/science.aaz5819,,o,,,,,27.42261840160418,sphere,2017-10-24,2017-10-31,-106.986,38.9561,,,2.8011,,,,3.629403408664915e-05,,,,,,,land,NAM,adjusted location to match NADP station CO10,
432,Brahney,2020,https://doi.org/10.1126/science.aaz5819,,o,,,,,27.42261840160418,sphere,2017-10-31,2017-11-07,-106.986,38.9561,,,2.8011,,,,3.629403408664915e-05,,,,,,,land,NAM,adjusted location to match NADP station CO10,
433,Brahney,2020,https://doi.org/10.1126/science.aaz5819,,o,,,,,27.42261840160418,sphere,2018-12-18,2018-12-25,-106.986,38.9561,,,0.0,,,,0.0,,,,,,,land,NAM,adjusted location to match NADP station CO10; adjusted start date based on supplementary data S4,
434,Brahney,2020,https://doi.org/10.1126/science.aaz5819,,o,,,,,27.42261840160418,sphere,2017-12-19,2017-12-26,-106.986,38.9561,,,5.4773,,,,7.096973078533554e-05,,,,,,,land,NAM,adjusted location to match NADP station CO10,
435,Brahney,2020,https://doi.org/10.1126/science.aaz5819,,o,,,,,27.42261840160418,sphere,2018-01-02,2018-01-09,-113.5551,43.4605,,,5.4096,,,,7.009253750138776e-05,,,,,,,land,NAM,adjusted location to match NADP station ID03,
436,Brahney,2020,https://doi.org/10.1126/science.aaz5819,,o,,,,,27.42261840160418,sphere,2018-02-13,2018-02-20,-113.5551,43.4605,,,14.0098,,,,0.0001815258858116945,,,,,,,land,NAM,adjusted location to match NADP station ID03,
437,Brahney,2020,https://doi.org/10.1126/science.aaz5819,,o,,,,,27.42261840160418,sphere,2018-02-27,2018-03-06,-113.5551,43.4605,,,0.0,,,,0.0,,,,,,,land,NAM,adjusted location to match NADP station ID03,
438,Brahney,2020,https://doi.org/10.1126/science.aaz5819,,o,,,,,27.42261840160418,sphere,2018-03-13,2018-03-20,-113.5551,43.4605,,,13.9351,,,,0.0001805579930744581,,,,,,,land,NAM,adjusted location to match NADP station ID03,
439,Brahney,2020,https://doi.org/10.1126/science.aaz5819,,o,,,,,27.42261840160418,sphere,2018-03-20,2018-03-27,-113.5551,43.4605,,,4.5907,,,,5.948199717310352e-05,,,,,,,land,NAM,adjusted location to match NADP station ID03,
440,Brahney,2020,https://doi.org/10.1126/science.aaz5819,,o,,,,,27.42261840160418,sphere,2018-04-17,2018-04-24,-113.5551,43.4605,,,5.6056,,,,7.263212219346703e-05,,,,,,,land,NAM,adjusted location to match NADP station ID03,
441,Brahney,2020,https://doi.org/10.1126/science.aaz5819,,o,,,,,27.42261840160418,sphere,2018-04-24,2018-05-01,-113.5551,43.4605,,,11.2134,,,,0.0001452927499293962,,,,,,,land,NAM,adjusted location to match NADP station ID03,
442,Brahney,2020,https://doi.org/10.1126/science.aaz5819,,o,,,,,27.42261840160418,sphere,2018-05-01,2018-05-08,-113.5551,43.4605,,,11.2067,,,,0.0001452059375955343,,,,,,,land,NAM,adjusted location to match NADP station ID03,
443,Brahney,2020,https://doi.org/10.1126/science.aaz5819,,o,,,,,27.42261840160418,sphere,2018-05-08,2018-05-15,-113.5551,43.4605,,,16.6431,,,,0.0002156457244323696,,,,,,,land,NAM,adjusted location to match NADP station ID03,
444,Brahney,2020,https://doi.org/10.1126/science.aaz5819,,o,,,,,27.42261840160418,sphere,2018-05-15,2018-05-22,-113.5551,43.4605,,,11.2245,,,,0.0001454365733481823,,,,,,,land,NAM,adjusted location to match NADP station ID03,
445,Brahney,2020,https://doi.org/10.1126/science.aaz5819,,o,,,,,27.42261840160418,sphere,2018-05-29,2018-06-05,-113.5551,43.4605,,,0.0,,,,0.0,,,,,,,land,NAM,adjusted location to match NADP station ID03,
446,Brahney,2020,https://doi.org/10.1126/science.aaz5819,,o,,,,,27.42261840160418,sphere,2018-06-12,2018-06-19,-113.5551,43.4605,,,0.0,,,,0.0,,,,,,,land,NAM,adjusted location to match NADP station ID03,
447,Brahney,2020,https://doi.org/10.1126/science.aaz5819,,o,,,,,27.42261840160418,sphere,2018-06-26,2018-07-03,-113.5551,43.4605,,,2.8011,,,,3.629403408664915e-05,,,,,,,land,NAM,adjusted location to match NADP station ID03,
448,Brahney,2020,https://doi.org/10.1126/science.aaz5819,,o,,,,,27.42261840160418,sphere,2018-08-21,2018-08-28,-113.5551,43.4605,,,11.2045,,,,0.0001451774320530722,,,,,,,land,NAM,adjusted location to match NADP station ID03,
449,Brahney,2020,https://doi.org/10.1126/science.aaz5819,,o,,,,,27.42261840160418,sphere,2018-09-18,2018-09-26,-113.5551,43.4605,,,11.9895,,,,0.0001553487278861447,,,,,,,land,NAM,adjusted location to match NADP station ID03,
450,Brahney,2020,https://doi.org/10.1126/science.aaz5819,,o,,,,,27.42261840160418,sphere,2017-10-03,2017-10-10,-113.5551,43.4605,,,11.8213,,,,0.0001531693495942686,,,,,,,land,NAM,adjusted location to match NADP station ID03,
451,Brahney,2020,https://doi.org/10.1126/science.aaz5819,,o,,,,,27.42261840160418,sphere,2018-10-01,2018-10-10,-113.5551,43.4605,,,16.8067,,,,0.0002177655002263705,,,,,,,land,NAM,adjusted location to match NADP station ID03,
452,Brahney,2020,https://doi.org/10.1126/science.aaz5819,,o,,,,,27.42261840160418,sphere,2017-10-10,2017-10-17,-113.5551,43.4605,,,17.7785,,,,0.0002303571757557717,,,,,,,land,NAM,adjusted location to match NADP station ID03,
453,Brahney,2020,https://doi.org/10.1126/science.aaz5819,,o,,,,,27.42261840160418,sphere,2018-10-23,2018-10-30,-113.5551,43.4605,,,0.0,,,,0.0,,,,,,,land,NAM,adjusted location to match NADP station ID03,
454,Brahney,2020,https://doi.org/10.1126/science.aaz5819,,o,,,,,27.42261840160418,sphere,2017-10-31,2017-11-07,-113.5551,43.4605,,,5.5812,,,,7.231596981343267e-05,,,,,,,land,NAM,adjusted location to match NADP station ID03,
455,Brahney,2020,https://doi.org/10.1126/science.aaz5819,,o,,,,,27.42261840160418,sphere,2018-01-16,2018-01-23,-114.217,39.0054,,,14.0056,,,,0.0001814714661397213,,,,,,,land,NAM,adjusted location to match NADP station NV05,
456,Brahney,2020,https://doi.org/10.1126/science.aaz5819,,o,,,,,27.42261840160418,sphere,2018-02-13,2018-02-20,-114.217,39.0054,,,37.7232,,,,0.0004887819451849214,,,,,,,land,NAM,adjusted location to match NADP station NV05,
457,Brahney,2020,https://doi.org/10.1126/science.aaz5819,,o,,,,,27.42261840160418,sphere,2018-02-27,2018-03-06,-114.217,39.0054,,,25.0733,,,,0.0003248763717342402,,,,,,,land,NAM,adjusted location to match NADP station NV05,
458,Brahney,2020,https://doi.org/10.1126/science.aaz5819,,o,,,,,27.42261840160418,sphere,2018-03-13,2018-03-20,-114.217,39.0054,,,19.0064,,,,0.000246267155569058,,,,,,,land,NAM,adjusted location to match NADP station NV05,
459,Brahney,2020,https://doi.org/10.1126/science.aaz5819,,o,,,,,27.42261840160418,sphere,2018-03-20,2018-03-27,-114.217,39.0054,,,63.2241,,,,0.0008191987578086161,,,,,,,land,NAM,adjusted location to match NADP station NV05,
460,Brahney,2020,https://doi.org/10.1126/science.aaz5819,,o,,,,,27.42261840160418,sphere,2018-04-03,2018-04-10,-114.217,39.0054,,,2.8363,,,,3.675012276604298e-05,,,,,,,land,NAM,adjusted location to match NADP station NV05,
461,Brahney,2020,https://doi.org/10.1126/science.aaz5819,,o,,,,,27.42261840160418,sphere,2018-04-10,2018-04-17,-114.217,39.0054,,,2.8025,,,,3.631217397730687e-05,,,,,,,land,NAM,adjusted location to match NADP station NV05,
462,Brahney,2020,https://doi.org/10.1126/science.aaz5819,,o,,,,,27.42261840160418,sphere,2018-04-24,2018-05-01,-114.217,39.0054,,,21.5352,,,,0.0002790329809227828,,,,,,,land,NAM,adjusted location to match NADP station NV05,
463,Brahney,2020,https://doi.org/10.1126/science.aaz5819,,o,,,,,27.42261840160418,sphere,2018-05-08,2018-05-15,-114.217,39.0054,,,24.425,,,,0.0003164763066532454,,,,,,,land,NAM,adjusted location to match NADP station NV05,
464,Brahney,2020,https://doi.org/10.1126/science.aaz5819,,o,,,,,27.42261840160418,sphere,2018-05-15,2018-05-22,-114.217,39.0054,,,139.4087,,,,0.001806327553380974,,,,,,,land,NAM,adjusted location to match NADP station NV05,
465,Brahney,2020,https://doi.org/10.1126/science.aaz5819,,o,,,,,27.42261840160418,sphere,2018-05-22,2018-05-29,-114.217,39.0054,,,22.0094,,,,0.000285177221029844,,,,,,,land,NAM,adjusted location to match NADP station NV05,
466,Brahney,2020,https://doi.org/10.1126/science.aaz5819,,o,,,,,27.42261840160418,sphere,2018-07-03,2018-07-10,-114.217,39.0054,,,14.2329,,,,0.0001844166069586479,,,,,,,land,NAM,adjusted location to match NADP station NV05,
467,Brahney,2020,https://doi.org/10.1126/science.aaz5819,,o,,,,,27.42261840160418,sphere,2018-07-10,2018-07-17,-114.217,39.0054,,,8.4034,,,,0.000108883397966423,,,,,,,land,NAM,adjusted location to match NADP station NV05,
468,Brahney,2020,https://doi.org/10.1126/science.aaz5819,,o,,,,,27.42261840160418,sphere,2018-07-17,2018-07-24,-114.217,39.0054,,,14.0056,,,,0.0001814714661397213,,,,,,,land,NAM,adjusted location to match NADP station NV05,
469,Brahney,2020,https://doi.org/10.1126/science.aaz5819,,o,,,,,27.42261840160418,sphere,2018-07-23,2018-07-31,-114.217,39.0054,,,5.6022,,,,7.258806817329831e-05,,,,,,,land,NAM,adjusted location to match NADP station NV05,
470,Brahney,2020,https://doi.org/10.1126/science.aaz5819,,o,,,,,27.42261840160418,sphere,2018-08-14,2018-08-21,-114.217,39.0054,,,2.8011,,,,3.629403408664915e-05,,,,,,,land,NAM,adjusted location to match NADP station NV05,
471,Brahney,2020,https://doi.org/10.1126/science.aaz5819,,o,,,,,27.42261840160418,sphere,2017-09-19,2017-09-26,-114.217,39.0054,,,8.4034,,,,0.000108883397966423,,,,,,,land,NAM,adjusted location to match NADP station NV05,
472,Brahney,2020,https://doi.org/10.1126/science.aaz5819,,o,,,,,27.42261840160418,sphere,2018-10-02,2018-10-09,-114.217,39.0054,,,11.2045,,,,0.0001451774320530722,,,,,,,land,NAM,adjusted location to match NADP station NV05,
473,Brahney,2020,https://doi.org/10.1126/science.aaz5819,,o,,,,,27.42261840160418,sphere,2018-10-09,2018-10-16,-114.217,39.0054,,,28.0112,,,,0.0003629429322794426,,,,,,,land,NAM,adjusted location to match NADP station NV05,
474,Brahney,2020,https://doi.org/10.1126/science.aaz5819,,o,,,,,27.42261840160418,sphere,2018-10-16,2018-10-23,-114.217,39.0054,,,19.6078,,,,0.0002540595343130197,,,,,,,land,NAM,adjusted location to match NADP station NV05,
475,Brahney,2020,https://doi.org/10.1126/science.aaz5819,,o,,,,,27.42261840160418,sphere,2018-01-02,2018-01-09,-116.3889,34.0695,,,5.5718,,,,7.21941734047309e-05,,,,,,,land,NAM,adjusted location to match NADP station CA67,
476,Brahney,2020,https://doi.org/10.1126/science.aaz5819,,o,,,,,27.42261840160418,sphere,2018-03-13,2018-03-20,-116.3889,34.0695,,,11.414,,,,0.0001478919371193508,,,,,,,land,NAM,adjusted location to match NADP station CA67,
477,Brahney,2020,https://doi.org/10.1126/science.aaz5819,,o,,,,,27.42261840160418,sphere,2018-03-20,2018-03-27,-116.3889,34.0695,,,13.7962,,,,0.0001787582567799183,,,,,,,land,NAM,adjusted location to match NADP station CA67,
478,Brahney,2020,https://doi.org/10.1126/science.aaz5819,,o,,,,,27.42261840160418,sphere,2018-05-01,2018-05-08,-116.3889,34.0695,,,8.4059,,,,0.0001089157906283118,,,,,,,land,NAM,adjusted location to match NADP station CA67,
479,Brahney,2020,https://doi.org/10.1126/science.aaz5819,,o,,,,,27.42261840160418,sphere,2018-07-03,2018-07-10,-116.3889,34.0695,,,11.2045,,,,0.0001451774320530722,,,,,,,land,NAM,adjusted location to match NADP station CA67,
480,Brahney,2020,https://doi.org/10.1126/science.aaz5819,,o,,,,,27.42261840160418,sphere,2018-07-10,2018-07-17,-116.3889,34.0695,,,8.4034,,,,0.000108883397966423,,,,,,,land,NAM,adjusted location to match NADP station CA67,
481,Brahney,2020,https://doi.org/10.1126/science.aaz5819,,o,,,,,27.42261840160418,sphere,2018-07-24,2018-07-31,-116.3889,34.0695,,,5.6022,,,,7.258806817329831e-05,,,,,,,land,NAM,adjusted location to match NADP station CA67,
482,Brahney,2020,https://doi.org/10.1126/science.aaz5819,,o,,,,,27.42261840160418,sphere,2018-10-02,2018-10-09,-116.3889,34.0695,,,8.4034,,,,0.000108883397966423,,,,,,,land,NAM,adjusted location to match NADP station CA67,
483,Brahney,2020,https://doi.org/10.1126/science.aaz5819,,o,,,,,27.42261840160418,sphere,2018-10-09,2018-10-16,-116.3889,34.0695,,,14.1843,,,,0.0001837868936115303,,,,,,,land,NAM,adjusted location to match NADP station CA67,
484,Brahney,2020,https://doi.org/10.1126/science.aaz5819,,o,,,,,27.42261840160418,sphere,2018-01-09,2018-01-16,-109.821,38.4584,,,5.5554,,,,7.19816775427406e-05,,,,,,,land,NAM,adjusted location to match NADP station UT09,
485,Brahney,2020,https://doi.org/10.1126/science.aaz5819,,o,,,,,27.42261840160418,sphere,2018-02-06,2018-02-13,-109.821,38.4584,,,27.4837,,,,0.000356108080620913,,,,,,,land,NAM,adjusted location to match NADP station UT09,
486,Brahney,2020,https://doi.org/10.1126/science.aaz5819,,o,,,,,27.42261840160418,sphere,2018-02-20,2018-02-26,-109.821,38.4584,,,9.5551,,,,0.0001238060494453398,,,,,,,land,NAM,adjusted location to match NADP station UT09,
487,Brahney,2020,https://doi.org/10.1126/science.aaz5819,,o,,,,,27.42261840160418,sphere,2018-03-20,2018-03-27,-109.821,38.4584,,,14.0265,,,,0.0001817422687931114,,,,,,,land,NAM,adjusted location to match NADP station UT09,
488,Brahney,2020,https://doi.org/10.1126/science.aaz5819,,o,,,,,27.42261840160418,sphere,2018-04-03,2018-04-10,-109.821,38.4584,,,11.0068,,,,0.0001426158203509085,,,,,,,land,NAM,adjusted location to match NADP station UT09,
489,Brahney,2020,https://doi.org/10.1126/science.aaz5819,,o,,,,,27.42261840160418,sphere,2018-04-17,2018-04-24,-109.821,38.4584,,,11.009,,,,0.0001426443258933707,,,,,,,land,NAM,adjusted location to match NADP station UT09,
490,Brahney,2020,https://doi.org/10.1126/science.aaz5819,,o,,,,,27.42261840160418,sphere,2018-04-24,2018-05-02,-109.821,38.4584,,,2.546,,,,3.298868686751946e-05,,,,,,,land,NAM,adjusted location to match NADP station UT09,
491,Brahney,2020,https://doi.org/10.1126/science.aaz5819,,o,,,,,27.42261840160418,sphere,2018-05-02,2018-05-08,-109.821,38.4584,,,0.0,,,,0.0,,,,,,,land,NAM,adjusted location to match NADP station UT09,
492,Brahney,2020,https://doi.org/10.1126/science.aaz5819,,o,,,,,27.42261840160418,sphere,2018-05-29,2018-06-05,-109.821,38.4584,,,0.0,,,,0.0,,,,,,,land,NAM,adjusted location to match NADP station UT09,
493,Brahney,2020,https://doi.org/10.1126/science.aaz5819,,o,,,,,27.42261840160418,sphere,2018-07-10,2018-07-17,-109.821,38.4584,,,7.4669,,,,9.674910682289121e-05,,,,,,,land,NAM,adjusted location to match NADP station UT09,
494,Brahney,2020,https://doi.org/10.1126/science.aaz5819,,o,,,,,27.42261840160418,sphere,2018-07-17,2018-07-23,-109.821,38.4584,,,0.0,,,,0.0,,,,,,,land,NAM,adjusted location to match NADP station UT09,
495,Brahney,2020,https://doi.org/10.1126/science.aaz5819,,o,,,,,27.42261840160418,sphere,2018-07-23,2018-07-31,-109.821,38.4584,,,2.8011,,,,3.629403408664915e-05,,,,,,,land,NAM,adjusted location to match NADP station UT09,
496,Brahney,2020,https://doi.org/10.1126/science.aaz5819,,o,,,,,27.42261840160418,sphere,2018-08-14,2018-08-21,-109.821,38.4584,,,14.0056,,,,0.0001814714661397213,,,,,,,land,NAM,adjusted location to match NADP station UT09,
497,Brahney,2020,https://doi.org/10.1126/science.aaz5819,,o,,,,,27.42261840160418,sphere,2018-08-21,2018-08-28,-109.821,38.4584,,,2.8011,,,,3.629403408664915e-05,,,,,,,land,NAM,adjusted location to match NADP station UT09,
498,Brahney,2020,https://doi.org/10.1126/science.aaz5819,,o,,,,,27.42261840160418,sphere,2018-09-25,2018-10-02,-109.821,38.4584,,,0.0,,,,0.0,,,,,,,land,NAM,adjusted location to match NADP station UT09,
499,Brahney,2020,https://doi.org/10.1126/science.aaz5819,,o,,,,,27.42261840160418,sphere,2017-09-26,2017-10-04,-109.821,38.4584,,,5.6022,,,,7.258806817329831e-05,,,,,,,land,NAM,adjusted location to match NADP station UT09,
500,Brahney,2020,https://doi.org/10.1126/science.aaz5819,,o,,,,,27.42261840160418,sphere,2018-10-02,2018-10-09,-109.821,38.4584,,,0.0,,,,0.0,,,,,,,land,NAM,adjusted location to match NADP station UT09,
501,Brahney,2020,https://doi.org/10.1126/science.aaz5819,,o,,,,,27.42261840160418,sphere,2018-10-09,2018-10-17,-109.821,38.4584,,,14.0056,,,,0.0001814714661397213,,,,,,,land,NAM,adjusted location to match NADP station UT09,
502,Brahney,2020,https://doi.org/10.1126/science.aaz5819,,o,,,,,27.42261840160418,sphere,2018-10-17,2018-10-23,-109.821,38.4584,,,14.0056,,,,0.0001814714661397213,,,,,,,land,NAM,adjusted location to match NADP station UT09,
503,Brahney,2020,https://doi.org/10.1126/science.aaz5819,,o,,,,,27.42261840160418,sphere,2017-12-19,2017-12-26,-109.821,38.4584,,,124.9964,,,,0.001619586449005188,,,,,,,land,NAM,adjusted location to match NADP station UT09,
504,Brahney,2020,https://doi.org/10.1126/science.aaz5819,,o,,,,,27.42261840160418,sphere,2018-03-13,2018-03-20,-105.5891,40.0547,,,14.3229,,,,0.0001855827427866435,,,,,,,land,NAM,adjusted location to match NADP station CO02,
505,Brahney,2020,https://doi.org/10.1126/science.aaz5819,,o,,,,,27.42261840160418,sphere,2018-03-27,2018-04-03,-105.5891,40.0547,,,2.8093,,,,3.640028201764431e-05,,,,,,,land,NAM,adjusted location to match NADP station CO02,
506,Brahney,2020,https://doi.org/10.1126/science.aaz5819,,o,,,,,27.42261840160418,sphere,2018-04-03,2018-04-10,-105.5891,40.0547,,,17.0329,,,,0.000220696388274066,,,,,,,land,NAM,adjusted location to match NADP station CO02,
507,Brahney,2020,https://doi.org/10.1126/science.aaz5819,,o,,,,,27.42261840160418,sphere,2018-04-17,2018-04-24,-105.5891,40.0547,,,8.1135,,,,0.0001051271448938017,,,,,,,land,NAM,adjusted location to match NADP station CO02,
508,Brahney,2020,https://doi.org/10.1126/science.aaz5819,,o,,,,,27.42261840160418,sphere,2018-05-15,2018-05-22,-105.5891,40.0547,,,5.693,,,,7.376456965309829e-05,,,,,,,land,NAM,adjusted location to match NADP station CO02,
509,Brahney,2020,https://doi.org/10.1126/science.aaz5819,,o,,,,,27.42261840160418,sphere,2018-05-22,2018-05-29,-105.5891,40.0547,,,13.9023,,,,0.0001801330013504775,,,,,,,land,NAM,adjusted location to match NADP station CO02,
510,Brahney,2020,https://doi.org/10.1126/science.aaz5819,,o,,,,,27.42261840160418,sphere,2018-12-18,2018-12-26,-105.5891,40.0547,,,11.2708,,,,0.0001460364854463622,,,,,,,land,NAM,adjusted location to match NADP station CO02,
511,Brahney,2020,https://doi.org/10.1126/science.aaz5819,,o,,,,,27.42261840160418,sphere,2019-01-02,2019-01-08,-109.4671,40.7543,,,14.0056,,,,0.0001814714661397213,,,,,,,land,NAM,adjusted location to match NADP station UT95,
512,Brahney,2020,https://doi.org/10.1126/science.aaz5819,,o,,,,,27.42261840160418,sphere,2019-01-08,2019-01-15,-109.4671,40.7543,,,25.2101,,,,0.0003266488981927935,,,,,,,land,NAM,adjusted location to match NADP station UT95,
513,Brahney,2020,https://doi.org/10.1126/science.aaz5819,,o,,,,,27.42261840160418,sphere,2019-01-15,2019-01-22,-109.4671,40.7543,,,16.8067,,,,0.0002177655002263705,,,,,,,land,NAM,adjusted location to match NADP station UT95,
514,Brahney,2020,https://doi.org/10.1126/science.aaz5819,,o,,,,,27.42261840160418,sphere,2019-01-22,2019-01-29,-109.4671,40.7543,,,11.2045,,,,0.0001451774320530722,,,,,,,land,NAM,adjusted location to match NADP station UT95,
515,Brahney,2020,https://doi.org/10.1126/science.aaz5819,,o,,,,,27.42261840160418,sphere,2019-01-29,2019-02-05,-109.4671,40.7543,,,5.794,,,,7.507323319340444e-05,,,,,,,land,NAM,adjusted location to match NADP station UT95,
516,Brahney,2020,https://doi.org/10.1126/science.aaz5819,,o,,,,,27.42261840160418,sphere,2018-03-13,2018-03-20,-109.4671,40.7543,,,22.1795,,,,0.0002873812177447556,,,,,,,land,NAM,adjusted location to match NADP station UT95,
517,Brahney,2020,https://doi.org/10.1126/science.aaz5819,,o,,,,,27.42261840160418,sphere,2018-04-03,2018-04-10,-109.4671,40.7543,,,2.8126,,,,3.644304033133748e-05,,,,,,,land,NAM,adjusted location to match NADP station UT95,
518,Brahney,2020,https://doi.org/10.1126/science.aaz5819,,o,,,,,27.42261840160418,sphere,2018-04-24,2018-05-01,-109.4671,40.7543,,,11.4082,,,,0.0001478167861437688,,,,,,,land,NAM,adjusted location to match NADP station UT95,
519,Brahney,2020,https://doi.org/10.1126/science.aaz5819,,o,,,,,27.42261840160418,sphere,2018-12-18,2018-12-26,-109.4671,40.7543,,,19.6078,,,,0.0002540595343130197,,,,,,,land,NAM,adjusted location to match NADP station UT95,
520,Brahney,2020,https://doi.org/10.1126/science.aaz5819,o,,,,6.0,,245.0,fiber,2018-05-01,2018-06-05,-112.184,36.0586,,176.3260587,,,,0.001465694317272408,,,,40.83333333333334,,,,land,NAM,adjusted location to match NADP station AZ03,
521,Brahney,2020,https://doi.org/10.1126/science.aaz5819,o,,,,6.0,,245.0,fiber,2018-06-05,2018-08-14,-112.184,36.0586,,23.44604208,,,,0.0001948930912001707,,,,40.83333333333334,,,,land,NAM,adjusted location to match NADP station AZ03,
522,Brahney,2020,https://doi.org/10.1126/science.aaz5819,o,,,,6.0,,245.0,fiber,2018-08-14,2018-10-16,-112.184,36.0586,,102.5015184,,,,0.0008520345440618255,,,,40.83333333333334,,,,land,NAM,adjusted location to match NADP station AZ03,
523,Brahney,2020,https://doi.org/10.1126/science.aaz5819,o,,,,6.0,,245.0,fiber,2018-10-16,2018-11-06,-112.184,36.0586,,61.62464986,,,,0.0005122492941181127,,,,40.83333333333334,,,,land,NAM,adjusted location to match NADP station AZ03,
524,Brahney,2020,https://doi.org/10.1126/science.aaz5819,o,,,,6.0,,245.0,fiber,2018-11-06,2018-12-04,-112.184,36.0586,,99.71033868,,,,0.0008288331166366802,,,,40.83333333333334,,,,land,NAM,adjusted location to match NADP station AZ03,
525,Brahney,2020,https://doi.org/10.1126/science.aaz5819,o,,,,6.0,,245.0,fiber,2018-12-04,2019-02-05,-112.184,36.0586,,35.10554549,,,,0.0002918116522809854,,,,40.83333333333334,,,,land,NAM,adjusted location to match NADP station AZ03,
526,Brahney,2020,https://doi.org/10.1126/science.aaz5819,o,,,,6.0,,245.0,fiber,2019-02-05,2019-03-05,-112.184,36.0586,,200.7403189,,,,0.00166863563348723,,,,40.83333333333334,,,,land,NAM,adjusted location to match NADP station AZ03,
527,Brahney,2020,https://doi.org/10.1126/science.aaz5819,o,,,,6.0,,245.0,fiber,2019-03-05,2019-04-09,-112.184,36.0586,,25.5023082,,,,0.0002119856162024538,,,,40.83333333333334,,,,land,NAM,adjusted location to match NADP station AZ03,
528,Brahney,2020,https://doi.org/10.1126/science.aaz5819,o,,,,6.0,,245.0,fiber,2019-04-09,2019-05-08,-112.184,36.0586,,41.94623366,,,,0.0003486742501914869,,,,40.83333333333334,,,,land,NAM,adjusted location to match NADP station AZ03,
529,Brahney,2020,https://doi.org/10.1126/science.aaz5819,o,,,,6.0,,245.0,fiber,2019-05-08,2019-06-04,-112.184,36.0586,,46.13382772,,,,0.0003834832447441775,,,,40.83333333333334,,,,land,NAM,adjusted location to match NADP station AZ03,
530,Brahney,2020,https://doi.org/10.1126/science.aaz5819,o,,,,6.0,,245.0,fiber,2019-06-04,2019-07-02,-112.184,36.0586,,22.91819832,,,,0.0001905054379789529,,,,40.83333333333334,,,,land,NAM,adjusted location to match NADP station AZ03,
531,Brahney,2020,https://doi.org/10.1126/science.aaz5819,o,,,,6.0,,245.0,fiber,2018-05-01,2018-06-05,-116.3889,34.0695,,27.49451803,,,,0.0002285456791232342,,,,40.83333333333334,,,,land,NAM,adjusted location to match NADP station CA67,
532,Brahney,2020,https://doi.org/10.1126/science.aaz5819,o,,,,6.0,,245.0,fiber,2018-06-05,2018-08-07,-116.3889,34.0695,,13.13380077,,,,0.0001091735237247549,,,,40.83333333333334,,,,land,NAM,adjusted location to match NADP station CA67,
533,Brahney,2020,https://doi.org/10.1126/science.aaz5819,o,,,,6.0,,245.0,fiber,2018-08-07,2018-09-11,-116.3889,34.0695,,12.79740046,,,,0.0001063772267603081,,,,40.83333333333334,,,,land,NAM,adjusted location to match NADP station CA67,
534,Brahney,2020,https://doi.org/10.1126/science.aaz5819,o,,,,6.0,,245.0,fiber,2018-09-11,2018-10-02,-116.3889,34.0695,,21.06353095,,,,0.0001750886842405586,,,,40.83333333333334,,,,land,NAM,adjusted location to match NADP station CA67,
535,Brahney,2020,https://doi.org/10.1126/science.aaz5819,o,,,,6.0,,245.0,fiber,2018-10-02,2018-11-06,-116.3889,34.0695,,15.5199865,,,,0.0001290084754624785,,,,40.83333333333334,,,,land,NAM,adjusted location to match NADP station CA67,
536,Brahney,2020,https://doi.org/10.1126/science.aaz5819,o,,,,6.0,,245.0,fiber,2018-11-06,2018-12-04,-116.3889,34.0695,,88.77853201,,,,0.0007379634684867121,,,,40.83333333333334,,,,land,NAM,adjusted location to match NADP station CA67,
537,Brahney,2020,https://doi.org/10.1126/science.aaz5819,o,,,,6.0,,245.0,fiber,2018-12-04,2019-02-05,-116.3889,34.0695,,10.29056183,,,,8.553935877074847e-05,,,,40.83333333333334,,,,land,NAM,adjusted location to match NADP station CA67,
538,Brahney,2020,https://doi.org/10.1126/science.aaz5819,o,,,,6.0,,245.0,fiber,2019-02-05,2019-03-12,-116.3889,34.0695,,87.4917709,,,,0.0007272673838550982,,,,40.83333333333334,,,,land,NAM,adjusted location to match NADP station CA67,
539,Brahney,2020,https://doi.org/10.1126/science.aaz5819,o,,,,6.0,,245.0,fiber,2019-03-12,2019-06-04,-116.3889,34.0695,,31.19668226,,,,0.0002593195823881643,,,,40.83333333333334,,,,land,NAM,adjusted location to match NADP station CA67,
540,Brahney,2020,https://doi.org/10.1126/science.aaz5819,o,,,,6.0,,245.0,fiber,2019-06-04,2019-07-02,-116.3889,34.0695,,35.0140056,,,,0.0002910507352754904,,,,40.83333333333334,,,,land,NAM,adjusted location to match NADP station CA67,
541,Brahney,2020,https://doi.org/10.1126/science.aaz5819,o,,,,6.0,,245.0,fiber,2018-05-01,2018-06-05,-105.6628,40.2878,,89.75,,,,0.00074603870775,,,,40.83333333333334,,,,land,NAM,adjusted location to match NADP station CO98,
542,Brahney,2020,https://doi.org/10.1126/science.aaz5819,o,,,,6.0,,245.0,fiber,2018-08-14,2018-10-09,-105.6628,40.2878,,359.0477642,,,,0.002984551866565958,,,,40.83333333333334,,,,land,NAM,adjusted location to match NADP station CO98,
543,Brahney,2020,https://doi.org/10.1126/science.aaz5819,o,,,,6.0,,245.0,fiber,2018-10-09,2018-11-06,-105.6628,40.2878,,499.9204227,,,,0.004155543020935284,,,,40.83333333333334,,,,land,NAM,adjusted location to match NADP station CO98,
544,Brahney,2020,https://doi.org/10.1126/science.aaz5819,o,,,,6.0,,245.0,fiber,2018-11-06,2018-12-04,-105.6628,40.2878,,538.3853867,,,,0.00447527953387356,,,,40.83333333333334,,,,land,NAM,adjusted location to match NADP station CO98,
545,Brahney,2020,https://doi.org/10.1126/science.aaz5819,o,,,,6.0,,245.0,fiber,2018-12-04,2019-02-05,-105.6628,40.2878,,247.0524677,,,,0.002053601155981689,,,,40.83333333333334,,,,land,NAM,adjusted location to match NADP station CO98,
546,Brahney,2020,https://doi.org/10.1126/science.aaz5819,o,,,,6.0,,245.0,fiber,2019-02-05,2019-03-05,-105.6628,40.2878,,459.5725931,,,,0.003820155359037778,,,,40.83333333333334,,,,land,NAM,adjusted location to match NADP station CO98,
547,Brahney,2020,https://doi.org/10.1126/science.aaz5819,o,,,,6.0,,245.0,fiber,2019-03-05,2019-04-09,-105.6628,40.2878,,624.057623,,,,0.005187422201943807,,,,40.83333333333334,,,,land,NAM,adjusted location to match NADP station CO98,
548,Brahney,2020,https://doi.org/10.1126/science.aaz5819,o,,,,6.0,,245.0,fiber,2019-04-09,2019-05-07,-105.6628,40.2878,,307.0270822,,,,0.00255213468132302,,,,40.83333333333334,,,,land,NAM,adjusted location to match NADP station CO98,
549,Brahney,2020,https://doi.org/10.1126/science.aaz5819,o,,,,6.0,,245.0,fiber,2019-05-07,2019-06-04,-105.6628,40.2878,,240.6757651,,,,0.002000595395899126,,,,40.83333333333334,,,,land,NAM,adjusted location to match NADP station CO98,
550,Brahney,2020,https://doi.org/10.1126/science.aaz5819,o,,,,6.0,,245.0,fiber,2019-06-04,2019-07-02,-105.6628,40.2878,,433.9167357,,,,0.003606893379083301,,,,40.83333333333334,,,,land,NAM,adjusted location to match NADP station CO98,
551,Brahney,2020,https://doi.org/10.1126/science.aaz5819,o,,,,6.0,,245.0,fiber,2018-05-01,2018-06-05,-105.5891,40.0547,,101.4892443,,,,0.0008436201077225186,,,,40.83333333333334,,,,land,NAM,adjusted location to match NADP station CO02,
552,Brahney,2020,https://doi.org/10.1126/science.aaz5819,o,,,,6.0,,245.0,fiber,2018-06-05,2018-08-07,-105.5891,40.0547,,49.00612435,,,,0.0004073589491020591,,,,40.83333333333334,,,,land,NAM,adjusted location to match NADP station CO02,
553,Brahney,2020,https://doi.org/10.1126/science.aaz5819,o,,,,6.0,,245.0,fiber,2018-08-07,2018-09-04,-105.5891,40.0547,,48.3136421,,,,0.0004016027534148189,,,,40.83333333333334,,,,land,NAM,adjusted location to match NADP station CO02,
554,Brahney,2020,https://doi.org/10.1126/science.aaz5819,o,,,,6.0,,245.0,fiber,2018-09-04,2018-10-02,-105.5891,40.0547,,14.33346066,,,,0.0001191455873913299,,,,40.83333333333334,,,,land,NAM,adjusted location to match NADP station CO02,
555,Brahney,2020,https://doi.org/10.1126/science.aaz5819,o,,,,6.0,,245.0,fiber,2018-10-02,2018-11-06,-105.5891,40.0547,,133.1773216,,,,0.001107024366663734,,,,40.83333333333334,,,,land,NAM,adjusted location to match NADP station CO02,
556,Brahney,2020,https://doi.org/10.1126/science.aaz5819,o,,,,6.0,,245.0,fiber,2018-11-06,2018-12-04,-105.5891,40.0547,,102.0238412,,,,0.0008480638958054508,,,,40.83333333333334,,,,land,NAM,adjusted location to match NADP station CO02,
557,Brahney,2020,https://doi.org/10.1126/science.aaz5819,o,,,,6.0,,245.0,fiber,2018-12-04,2019-02-05,-105.5891,40.0547,,113.6329037,,,,0.0009445631714120133,,,,40.83333333333334,,,,land,NAM,adjusted location to match NADP station CO02,
558,Brahney,2020,https://doi.org/10.1126/science.aaz5819,o,,,,6.0,,245.0,fiber,2019-02-05,2019-03-05,-105.5891,40.0547,,232.9567174,,,,0.001936431514326217,,,,40.83333333333334,,,,land,NAM,adjusted location to match NADP station CO02,
559,Brahney,2020,https://doi.org/10.1126/science.aaz5819,o,,,,6.0,,245.0,fiber,2019-04-02,2019-05-07,-105.5891,40.0547,,78.03684854,,,,0.0006486742021355328,,,,40.83333333333334,,,,land,NAM,adjusted location to match NADP station CO02,
560,Brahney,2020,https://doi.org/10.1126/science.aaz5819,o,,,,6.0,,245.0,fiber,2019-05-07,2019-07-03,-105.5891,40.0547,,126.5119888,,,,0.001051619394309019,,,,40.83333333333334,,,,land,NAM,adjusted location to match NADP station CO02,
561,Brahney,2020,https://doi.org/10.1126/science.aaz5819,o,,,,6.0,,245.0,fiber,2018-05-01,2018-06-05,-109.4671,40.7543,,28.33896961,,,,0.0002355651060368905,,,,40.83333333333334,,,,land,NAM,adjusted location to match NADP station UT95,
562,Brahney,2020,https://doi.org/10.1126/science.aaz5819,o,,,,6.0,,245.0,fiber,2018-08-07,2018-09-04,-109.4671,40.7543,,52.68064673,,,,0.0004379030820042726,,,,40.83333333333334,,,,land,NAM,adjusted location to match NADP station UT95,
563,Brahney,2020,https://doi.org/10.1126/science.aaz5819,o,,,,6.0,,245.0,fiber,2018-09-04,2018-10-09,-109.4671,40.7543,,31.41266886,,,,0.0002611149513458838,,,,40.83333333333334,,,,land,NAM,adjusted location to match NADP station UT95,
564,Brahney,2020,https://doi.org/10.1126/science.aaz5819,o,,,,6.0,,245.0,fiber,2018-06-05,2018-08-07,-109.4671,40.7543,,25.61991341,,,,0.0002129631988085047,,,,40.83333333333334,,,,land,NAM,adjusted location to match NADP station UT95,
565,Brahney,2020,https://doi.org/10.1126/science.aaz5819,o,,,,6.0,,245.0,fiber,2018-10-09,2018-11-06,-109.4671,40.7543,,56.34253701,,,,0.0004683422117247571,,,,40.83333333333334,,,,land,NAM,adjusted location to match NADP station UT95,
566,Brahney,2020,https://doi.org/10.1126/science.aaz5819,o,,,,6.0,,245.0,fiber,2018-11-06,2018-12-04,-109.4671,40.7543,,51.66115119,,,,0.0004294286181021167,,,,40.83333333333334,,,,land,NAM,adjusted location to match NADP station UT95,
567,Brahney,2020,https://doi.org/10.1126/science.aaz5819,o,,,,6.0,,245.0,fiber,2018-12-04,2019-02-05,-109.4671,40.7543,,58.60478682,,,,0.0004871469574056494,,,,40.83333333333334,,,,land,NAM,adjusted location to match NADP station UT95,
568,Brahney,2020,https://doi.org/10.1126/science.aaz5819,o,,,,6.0,,245.0,fiber,2019-02-05,2019-03-05,-109.4671,40.7543,,114.3272124,,,,0.0009503345492986715,,,,40.83333333333334,,,,land,NAM,adjusted location to match NADP station UT95,
569,Brahney,2020,https://doi.org/10.1126/science.aaz5819,o,,,,6.0,,245.0,fiber,2019-03-05,2019-04-09,-109.4671,40.7543,,101.2628002,,,,0.0008417378117476818,,,,40.83333333333334,,,,land,NAM,adjusted location to match NADP station UT95,
570,Brahney,2020,https://doi.org/10.1126/science.aaz5819,o,,,,6.0,,245.0,fiber,2019-04-09,2019-05-07,-109.4671,40.7543,,96.63865546,,,,0.0008033000293936031,,,,40.83333333333334,,,,land,NAM,adjusted location to match NADP station UT95,
571,Brahney,2020,https://doi.org/10.1126/science.aaz5819,o,,,,6.0,,245.0,fiber,2019-05-07,2019-06-04,-109.4671,40.7543,,102.3056281,,,,0.0008504062237690929,,,,40.83333333333334,,,,land,NAM,adjusted location to match NADP station UT95,
572,Brahney,2020,https://doi.org/10.1126/science.aaz5819,o,,,,6.0,,245.0,fiber,2018-05-01,2018-07-03,-106.986,38.9561,,10.29279331,,,,8.55579077451838e-05,,,,40.83333333333334,,,,land,NAM,adjusted location to match NADP station CO10,
573,Brahney,2020,https://doi.org/10.1126/science.aaz5819,o,,,,6.0,,245.0,fiber,2018-07-03,2018-09-04,-106.986,38.9561,,7.592611805,,,,6.311289470138824e-05,,,,40.83333333333334,,,,land,NAM,adjusted location to match NADP station CO10,
574,Brahney,2020,https://doi.org/10.1126/science.aaz5819,o,,,,6.0,,245.0,fiber,2018-09-04,2018-10-09,-106.986,38.9561,,23.23291019,,,,0.0001931214517595477,,,,40.83333333333334,,,,land,NAM,adjusted location to match NADP station CO10,
575,Brahney,2020,https://doi.org/10.1126/science.aaz5819,o,,,,6.0,,245.0,fiber,2018-10-09,2018-11-18,-106.986,38.9561,,42.94393814,,,,0.0003569675778903792,,,,40.83333333333334,,,,land,NAM,adjusted location to match NADP station CO10,
576,Brahney,2020,https://doi.org/10.1126/science.aaz5819,o,,,,6.0,,245.0,fiber,2018-11-18,2018-12-04,-106.986,38.9561,,225.4518995,,,,0.001874048398470896,,,,40.83333333333334,,,,land,NAM,adjusted location to match NADP station CO10,
577,Brahney,2020,https://doi.org/10.1126/science.aaz5819,o,,,,6.0,,245.0,fiber,2018-12-04,2019-02-05,-106.986,38.9561,,121.6816693,,,,0.001011467803024344,,,,40.83333333333334,,,,land,NAM,adjusted location to match NADP station CO10,
578,Brahney,2020,https://doi.org/10.1126/science.aaz5819,o,,,,6.0,,245.0,fiber,2019-02-05,2019-03-05,-106.986,38.9561,,67.422188,,,,0.000560440802330892,,,,40.83333333333334,,,,land,NAM,adjusted location to match NADP station CO10,
579,Brahney,2020,https://doi.org/10.1126/science.aaz5819,o,,,,6.0,,245.0,fiber,2019-03-05,2019-04-09,-106.986,38.9561,,88.90113422,,,,0.000738982588200536,,,,40.83333333333334,,,,land,NAM,adjusted location to match NADP station CO10,
580,Brahney,2020,https://doi.org/10.1126/science.aaz5819,o,,,,6.0,,245.0,fiber,2019-04-09,2019-05-07,-106.986,38.9561,,170.508744,,,,0.001417338418204296,,,,40.83333333333334,,,,land,NAM,adjusted location to match NADP station CO10,
581,Brahney,2020,https://doi.org/10.1126/science.aaz5819,o,,,,6.0,,245.0,fiber,2019-05-07,2019-06-04,-106.986,38.9561,,115.42,,,,0.00095941824678,,,,40.83333333333334,,,,land,NAM,adjusted location to match NADP station CO10,
582,Brahney,2020,https://doi.org/10.1126/science.aaz5819,o,,,,6.0,,245.0,fiber,2019-06-04,2019-07-02,-106.986,38.9561,,77.30380288,,,,0.0006425808267939379,,,,40.83333333333334,,,,land,NAM,adjusted location to match NADP station CO10,
583,Brahney,2020,https://doi.org/10.1126/science.aaz5819,o,,,,6.0,,245.0,fiber,2018-06-05,2018-09-10,-113.5551,43.4605,,5.178802764,,,,4.304832670469848e-05,,,,40.83333333333334,,,,land,NAM,adjusted location to match NADP station ID03,
584,Brahney,2020,https://doi.org/10.1126/science.aaz5819,o,,,,6.0,,245.0,fiber,2018-11-20,2018-12-04,-113.5551,43.4605,,232.0486815,,,,0.001928883548538733,,,,40.83333333333334,,,,land,NAM,adjusted location to match NADP station ID03,
585,Brahney,2020,https://doi.org/10.1126/science.aaz5819,o,,,,6.0,,245.0,fiber,2018-12-04,2019-04-09,-113.5551,43.4605,,21.78649237,,,,0.0001810982352548193,,,,40.83333333333334,,,,land,NAM,adjusted location to match NADP station ID03,
586,Brahney,2020,https://doi.org/10.1126/science.aaz5819,o,,,,6.0,,245.0,fiber,2019-04-09,2019-05-07,-113.5551,43.4605,,37.81512605,,,,0.0003143347941141545,,,,40.83333333333334,,,,land,NAM,adjusted location to match NADP station ID03,
587,Brahney,2020,https://doi.org/10.1126/science.aaz5819,o,,,,6.0,,245.0,fiber,2019-05-07,2019-06-11,-113.5551,43.4605,,79.95606809,,,,0.0006646275399959288,,,,40.83333333333334,,,,land,NAM,adjusted location to match NADP station ID03,
588,Brahney,2020,https://doi.org/10.1126/science.aaz5819,o,,,,6.0,,245.0,fiber,2018-05-01,2018-06-05,-114.217,39.0054,,45.9583205,,,,0.0003820243569490845,,,,40.83333333333334,,,,land,NAM,adjusted location to match NADP station NV05,
589,Brahney,2020,https://doi.org/10.1126/science.aaz5819,o,,,,6.0,,245.0,fiber,2018-06-05,2018-08-14,-114.217,39.0054,,20.25752417,,,,0.0001683888262284255,,,,40.83333333333334,,,,land,NAM,adjusted location to match NADP station NV05,
590,Brahney,2020,https://doi.org/10.1126/science.aaz5819,o,,,,6.0,,245.0,fiber,2018-08-14,2018-10-02,-114.217,39.0054,,19.74232992,,,,0.0001641063209079773,,,,40.83333333333334,,,,land,NAM,adjusted location to match NADP station NV05,
591,Brahney,2020,https://doi.org/10.1126/science.aaz5819,o,,,,6.0,,245.0,fiber,2018-10-02,2018-11-06,-114.217,39.0054,,13.57860217,,,,0.0001128708948853275,,,,40.83333333333334,,,,land,NAM,adjusted location to match NADP station NV05,
592,Brahney,2020,https://doi.org/10.1126/science.aaz5819,o,,,,6.0,,245.0,fiber,2018-11-06,2018-12-04,-114.217,39.0054,,89.43010194,,,,0.0007433795842369734,,,,40.83333333333334,,,,land,NAM,adjusted location to match NADP station NV05,
593,Brahney,2020,https://doi.org/10.1126/science.aaz5819,o,,,,6.0,,245.0,fiber,2018-12-04,2019-02-05,-114.217,39.0054,,130.8798149,,,,0.001087926551293094,,,,40.83333333333334,,,,land,NAM,adjusted location to match NADP station NV05,
594,Brahney,2020,https://doi.org/10.1126/science.aaz5819,o,,,,6.0,,245.0,fiber,2019-02-05,2019-03-05,-114.217,39.0054,,81.28915157,,,,0.0006757086751128321,,,,40.83333333333334,,,,land,NAM,adjusted location to match NADP station NV05,
595,Brahney,2020,https://doi.org/10.1126/science.aaz5819,o,,,,6.0,,245.0,fiber,2019-03-05,2019-04-09,-114.217,39.0054,,139.8507495,,,,0.001162496628800546,,,,40.83333333333334,,,,land,NAM,adjusted location to match NADP station NV05,
596,Brahney,2020,https://doi.org/10.1126/science.aaz5819,o,,,,6.0,,245.0,fiber,2019-04-09,2019-05-07,-114.217,39.0054,,67.22689076,,,,0.0005588174117954408,,,,40.83333333333334,,,,land,NAM,adjusted location to match NADP station NV05,
597,Brahney,2020,https://doi.org/10.1126/science.aaz5819,o,,,,6.0,,245.0,fiber,2019-05-07,2019-06-04,-114.217,39.0054,,94.18922436,,,,0.0007829393562730832,,,,40.83333333333334,,,,land,NAM,adjusted location to match NADP station NV05,
598,Brahney,2020,https://doi.org/10.1126/science.aaz5819,o,,,,6.0,,245.0,fiber,2019-06-04,2019-07-02,-114.217,39.0054,,43.42,,,,0.00036092479878,,,,40.83333333333334,,,,land,NAM,adjusted location to match NADP station NV05,
599,Brahney,2020,https://doi.org/10.1126/science.aaz5819,o,,,,6.0,,245.0,fiber,2018-08-07,2018-09-04,-109.821,38.4584,,52.24115194,,,,0.0004342498215564235,,,,40.83333333333334,,,,land,NAM,adjusted location to match NADP station UT09,
600,Brahney,2020,https://doi.org/10.1126/science.aaz5819,o,,,,6.0,,245.0,fiber,2018-09-04,2018-10-09,-109.821,38.4584,,7.281508215,,,,6.052687441993993e-05,,,,40.83333333333334,,,,land,NAM,adjusted location to match NADP station UT09,
601,Brahney,2020,https://doi.org/10.1126/science.aaz5819,o,,,,6.0,,245.0,fiber,2018-10-09,2018-11-06,-109.821,38.4584,,31.9739511,,,,0.0002657805588891999,,,,40.83333333333334,,,,land,NAM,adjusted location to match NADP station UT09,
602,Brahney,2020,https://doi.org/10.1126/science.aaz5819,o,,,,6.0,,245.0,fiber,2018-12-18,2019-02-05,-109.821,38.4584,,25.69725649,,,,0.0002136061061227844,,,,40.83333333333334,,,,land,NAM,adjusted location to match NADP station UT09,
603,Brahney,2020,https://doi.org/10.1126/science.aaz5819,o,,,,6.0,,245.0,fiber,2019-02-05,2019-03-26,-109.821,38.4584,,11.52063402,,,,9.576422191355417e-05,,,,40.83333333333334,,,,land,NAM,adjusted location to match NADP station UT09,
604,Brahney,2020,https://doi.org/10.1126/science.aaz5819,o,,,,6.0,,245.0,fiber,2019-03-26,2019-05-07,-109.821,38.4584,,37.84737766,,,,0.0003146028826873829,,,,40.83333333333334,,,,land,NAM,adjusted location to match NADP station UT09,
605,Brahney,2020,https://doi.org/10.1126/science.aaz5819,o,,,,6.0,,245.0,fiber,2019-05-07,2019-06-18,-109.821,38.4584,,6.817082017,,,,5.666637391184895e-05,,,,40.83333333333334,,,,land,NAM,adjusted location to match NADP station UT09,
606,Brahney,2020,https://doi.org/10.1126/science.aaz5819,o,,,,6.0,,245.0,fiber,2018-05-01,2018-06-05,-112.1728,37.6186,,27.02150552,,,,0.0002246138056779977,,,,40.83333333333334,,,,land,NAM,adjusted location to match NADP station UT99,
607,Brahney,2020,https://doi.org/10.1126/science.aaz5819,o,,,,6.0,,245.0,fiber,2018-06-05,2018-09-14,-112.1728,37.6186,,4.689879429,,,,3.898419597453446e-05,,,,40.83333333333334,,,,land,NAM,adjusted location to match NADP station UT99,
608,Brahney,2020,https://doi.org/10.1126/science.aaz5819,o,,,,6.0,,245.0,fiber,2018-09-14,2018-10-02,-112.1728,37.6186,,68.25917397,,,,0.0005673981720407938,,,,40.83333333333334,,,,land,NAM,adjusted location to match NADP station UT99,
609,Brahney,2020,https://doi.org/10.1126/science.aaz5819,o,,,,6.0,,245.0,fiber,2018-10-02,2018-11-06,-112.1728,37.6186,,11.41680872,,,,9.490118355540649e-05,,,,40.83333333333334,,,,land,NAM,adjusted location to match NADP station UT99,
610,Brahney,2020,https://doi.org/10.1126/science.aaz5819,o,,,,6.0,,245.0,fiber,2018-11-06,2018-12-04,-112.1728,37.6186,,16.1644821,,,,0.0001343657864883789,,,,40.83333333333334,,,,land,NAM,adjusted location to match NADP station UT99,
611,Brahney,2020,https://doi.org/10.1126/science.aaz5819,o,,,,6.0,,245.0,fiber,2018-12-04,2019-02-12,-112.1728,37.6186,,24.22280997,,,,0.0002013499035999177,,,,40.83333333333334,,,,land,NAM,adjusted location to match NADP station UT99,
612,Brahney,2020,https://doi.org/10.1126/science.aaz5819,o,,,,6.0,,245.0,fiber,2019-02-12,2019-04-09,-112.1728,37.6186,,20.63183764,,,,0.0001715002728852748,,,,40.83333333333334,,,,land,NAM,adjusted location to match NADP station UT99,
613,Brahney,2020,https://doi.org/10.1126/science.aaz5819,o,,,,6.0,,245.0,fiber,2019-04-09,2019-05-14,-112.1728,37.6186,,100.467716,,,,0.0008351287466878439,,,,40.83333333333334,,,,land,NAM,adjusted location to match NADP station UT99,
614,Brahney,2020,https://doi.org/10.1126/science.aaz5819,o,,,,6.0,,245.0,fiber,2019-05-14,2019-06-04,-112.1728,37.6186,,127.4100881,,,,0.001059084763013233,,,,40.83333333333334,,,,land,NAM,adjusted location to match NADP station UT99,
615,Brahney,2020,https://doi.org/10.1126/science.aaz5819,o,,,,6.0,,245.0,fiber,2019-06-04,2019-07-02,-112.1728,37.6186,,146.138685,,,,0.001214764520442165,,,,40.83333333333334,,,,land,NAM,adjusted location to match NADP station UT99,
616,Brahney,2020,https://doi.org/10.1126/science.aaz5819,o,,,,6.0,,245.0,fiber,2018-06-05,2018-08-07,-109.7875,42.929,,8.148616521,,,,6.773463330670908e-05,,,,40.83333333333334,,,,land,NAM,adjusted location to match NADP station WY06,
617,Brahney,2020,https://doi.org/10.1126/science.aaz5819,o,,,,6.0,,245.0,fiber,2018-08-07,2018-09-04,-109.7875,42.929,,23.90289449,,,,0.0001986906352847264,,,,40.83333333333334,,,,land,NAM,adjusted location to match NADP station WY06,
618,Brahney,2020,https://doi.org/10.1126/science.aaz5819,o,,,,6.0,,245.0,fiber,2018-10-09,2018-11-06,-109.7875,42.929,,68.24602181,,,,0.0005672888459076403,,,,40.83333333333334,,,,land,NAM,adjusted location to match NADP station WY06,
619,Brahney,2020,https://doi.org/10.1126/science.aaz5819,o,,,,6.0,,245.0,fiber,2018-11-06,2018-12-04,-109.7875,42.929,,98.03921569,,,,0.0008149420588544973,,,,40.83333333333334,,,,land,NAM,adjusted location to match NADP station WY06,
620,Brahney,2020,https://doi.org/10.1126/science.aaz5819,o,,,,6.0,,245.0,fiber,2018-12-04,2019-02-05,-109.7875,42.929,,31.09865049,,,,0.0002585047022209304,,,,40.83333333333334,,,,land,NAM,adjusted location to match NADP station WY06,
621,Brahney,2020,https://doi.org/10.1126/science.aaz5819,o,,,,6.0,,245.0,fiber,2019-02-05,2019-04-14,-109.7875,42.929,,10.95732411,,,,9.108175954788099e-05,,,,40.83333333333334,,,,land,NAM,adjusted location to match NADP station WY06,
622,Brahney,2020,https://doi.org/10.1126/science.aaz5819,o,,,,6.0,,245.0,fiber,2019-06-14,2019-07-02,-109.7875,42.929,,89.84375,,,,0.00074681799609375,,,,40.83333333333334,,,,land,NAM,adjusted location to match NADP station WY06,
623,Brahney,2020,https://doi.org/10.1126/science.aaz5819,o,,,,,,27.0,sphere,2018-05-01,2018-06-05,-112.184,36.0586,,24.68564822,,,,0.0003052921916686626,,,,,,,,land,NAM,adjusted location to match NADP station AZ03,
624,Brahney,2020,https://doi.org/10.1126/science.aaz5819,o,,,,,,27.0,sphere,2018-06-05,2018-08-14,-112.184,36.0586,,1.901030439,,,,2.351041155487833e-05,,,,,,,,land,NAM,adjusted location to match NADP station AZ03,
625,Brahney,2020,https://doi.org/10.1126/science.aaz5819,o,,,,,,27.0,sphere,2018-08-14,2018-10-16,-112.184,36.0586,,13.22600238,,,,0.0001635685325181689,,,,,,,,land,NAM,adjusted location to match NADP station AZ03,
626,Brahney,2020,https://doi.org/10.1126/science.aaz5819,o,,,,,,27.0,sphere,2018-10-16,2018-11-06,-112.184,36.0586,,0.933706816,,,,1.154733299657337e-05,,,,,,,,land,NAM,adjusted location to match NADP station AZ03,
627,Brahney,2020,https://doi.org/10.1126/science.aaz5819,o,,,,,,27.0,sphere,2018-11-06,2018-12-04,-112.184,36.0586,,18.51763433,,,,0.000229011169516073,,,,,,,,land,NAM,adjusted location to match NADP station AZ03,
628,Brahney,2020,https://doi.org/10.1126/science.aaz5819,o,,,,,,27.0,sphere,2018-12-04,2019-02-05,-112.184,36.0586,,16.25941054,,,,0.0002010832786224138,,,,,,,,land,NAM,adjusted location to match NADP station AZ03,
629,Brahney,2020,https://doi.org/10.1126/science.aaz5819,o,,,,,,27.0,sphere,2019-02-05,2019-03-05,-112.184,36.0586,,40.48544247,,,,0.0005006913066324921,,,,,,,,land,NAM,adjusted location to match NADP station AZ03,
630,Brahney,2020,https://doi.org/10.1126/science.aaz5819,o,,,,,,27.0,sphere,2019-03-05,2019-04-09,-112.184,36.0586,,9.424766075,,,,0.0001165579070623736,,,,,,,,land,NAM,adjusted location to match NADP station AZ03,
631,Brahney,2020,https://doi.org/10.1126/science.aaz5819,o,,,,,,27.0,sphere,2019-04-09,2019-05-08,-112.184,36.0586,,20.06124219,,,,0.0002481012668251067,,,,,,,,land,NAM,adjusted location to match NADP station AZ03,
632,Brahney,2020,https://doi.org/10.1126/science.aaz5819,o,,,,,,27.0,sphere,2019-05-08,2019-06-04,-112.184,36.0586,,14.00491199,,,,0.0001732014584931904,,,,,,,,land,NAM,adjusted location to match NADP station AZ03,
633,Brahney,2020,https://doi.org/10.1126/science.aaz5819,o,,,,,,27.0,sphere,2019-06-04,2019-07-02,-112.184,36.0586,,1.206220964,,,,1.491756823456212e-05,,,,,,,,land,NAM,adjusted location to match NADP station AZ03,
634,Brahney,2020,https://doi.org/10.1126/science.aaz5819,o,,,,,,27.0,sphere,2018-05-01,2018-06-05,-116.3889,34.0695,,0.948086829,,,,1.172517340189183e-05,,,,,,,,land,NAM,adjusted location to match NADP station CA67,
635,Brahney,2020,https://doi.org/10.1126/science.aaz5819,o,,,,,,27.0,sphere,2018-06-05,2018-08-07,-116.3889,34.0695,,0.772576516,,,,9.554603375182487e-06,,,,,,,,land,NAM,adjusted location to match NADP station CA67,
636,Brahney,2020,https://doi.org/10.1126/science.aaz5819,o,,,,,,27.0,sphere,2018-08-07,2018-09-11,-116.3889,34.0695,,0.0,,,,0.0,,,,,,,,land,NAM,adjusted location to match NADP station CA67,
637,Brahney,2020,https://doi.org/10.1126/science.aaz5819,o,,,,,,27.0,sphere,2018-09-11,2018-10-02,-116.3889,34.0695,,6.481086445,,,,8.015285106368218e-05,,,,,,,,land,NAM,adjusted location to match NADP station CA67,
638,Brahney,2020,https://doi.org/10.1126/science.aaz5819,o,,,,,,27.0,sphere,2018-10-02,2018-11-06,-116.3889,34.0695,,2.450524184,,,,3.030610710332892e-05,,,,,,,,land,NAM,adjusted location to match NADP station CA67,
639,Brahney,2020,https://doi.org/10.1126/science.aaz5819,o,,,,,,27.0,sphere,2018-11-06,2018-12-04,-116.3889,34.0695,,10.53304617,,,,0.000130264221604731,,,,,,,,land,NAM,adjusted location to match NADP station CA67,
640,Brahney,2020,https://doi.org/10.1126/science.aaz5819,o,,,,,,27.0,sphere,2018-12-04,2019-02-05,-116.3889,34.0695,,17.5935412,,,,0.000217582730835857,,,,,,,,land,NAM,adjusted location to match NADP station CA67,
641,Brahney,2020,https://doi.org/10.1126/science.aaz5819,o,,,,,,27.0,sphere,2019-02-05,2019-03-12,-116.3889,34.0695,,17.1552492,,,,0.0002121622888009408,,,,,,,,land,NAM,adjusted location to match NADP station CA67,
642,Brahney,2020,https://doi.org/10.1126/science.aaz5819,o,,,,,,27.0,sphere,2019-03-12,2019-06-04,-116.3889,34.0695,,7.030238256,,,,8.694431784814261e-05,,,,,,,,land,NAM,adjusted location to match NADP station CA67,
643,Brahney,2020,https://doi.org/10.1126/science.aaz5819,o,,,,,,27.0,sphere,2019-06-04,2019-07-02,-116.3889,34.0695,,5.602240896,,,,6.928399797944021e-05,,,,,,,,land,NAM,adjusted location to match NADP station CA67,
644,Brahney,2020,https://doi.org/10.1126/science.aaz5819,o,,,,,,27.0,sphere,2018-05-01,2018-06-05,-105.6628,40.2878,,0.0,,,,0.0,,,,,,,,land,NAM,adjusted location to match NADP station CO98,
645,Brahney,2020,https://doi.org/10.1126/science.aaz5819,o,,,,,,27.0,sphere,2018-08-14,2018-10-09,-105.6628,40.2878,,0.0,,,,0.0,,,,,,,,land,NAM,adjusted location to match NADP station CO98,
646,Brahney,2020,https://doi.org/10.1126/science.aaz5819,o,,,,,,27.0,sphere,2018-10-09,2018-11-06,-105.6628,40.2878,,64.29844665,,,,0.0007951913404795766,,,,,,,,land,NAM,adjusted location to match NADP station CO98,
647,Brahney,2020,https://doi.org/10.1126/science.aaz5819,o,,,,,,27.0,sphere,2018-11-06,2018-12-04,-105.6628,40.2878,,0.0,,,,0.0,,,,,,,,land,NAM,adjusted location to match NADP station CO98,
648,Brahney,2020,https://doi.org/10.1126/science.aaz5819,o,,,,,,27.0,sphere,2018-12-04,2019-02-05,-105.6628,40.2878,,50.12658764,,,,0.0006199252158624049,,,,,,,,land,NAM,adjusted location to match NADP station CO98,
649,Brahney,2020,https://doi.org/10.1126/science.aaz5819,o,,,,,,27.0,sphere,2019-02-05,2019-03-05,-105.6628,40.2878,,30.84379819,,,,0.0003814512248125615,,,,,,,,land,NAM,adjusted location to match NADP station CO98,
650,Brahney,2020,https://doi.org/10.1126/science.aaz5819,o,,,,,,27.0,sphere,2019-03-05,2019-04-09,-105.6628,40.2878,,20.68027211,,,,0.0002557569297147756,,,,,,,,land,NAM,adjusted location to match NADP station CO98,
651,Brahney,2020,https://doi.org/10.1126/science.aaz5819,o,,,,,,27.0,sphere,2019-04-09,2019-05-07,-105.6628,40.2878,,40.74293034,,,,0.0005038757089807645,,,,,,,,land,NAM,adjusted location to match NADP station CO98,
652,Brahney,2020,https://doi.org/10.1126/science.aaz5819,o,,,,,,27.0,sphere,2019-05-07,2019-06-04,-105.6628,40.2878,,24.86982906,,,,0.0003075699917817428,,,,,,,,land,NAM,adjusted location to match NADP station CO98,
653,Brahney,2020,https://doi.org/10.1126/science.aaz5819,o,,,,,,27.0,sphere,2019-06-04,2019-07-02,-105.6628,40.2878,,23.26360122,,,,0.0002877054610543086,,,,,,,,land,NAM,adjusted location to match NADP station CO98,
654,Brahney,2020,https://doi.org/10.1126/science.aaz5819,o,,,,,,27.0,sphere,2018-05-01,2018-06-05,-105.5891,40.0547,,0.0,,,,0.0,,,,,,,,land,NAM,adjusted location to match NADP station CO02,
655,Brahney,2020,https://doi.org/10.1126/science.aaz5819,o,,,,,,27.0,sphere,2018-06-05,2018-08-07,-105.5891,40.0547,,1.750218727,,,,2.164529390937609e-05,,,,,,,,land,NAM,adjusted location to match NADP station CO02,
656,Brahney,2020,https://doi.org/10.1126/science.aaz5819,o,,,,,,27.0,sphere,2018-08-07,2018-09-04,-105.5891,40.0547,,2.147272982,,,,2.65557407665953e-05,,,,,,,,land,NAM,adjusted location to match NADP station CO02,
657,Brahney,2020,https://doi.org/10.1126/science.aaz5819,o,,,,,,27.0,sphere,2018-09-04,2018-10-02,-105.5891,40.0547,,1.508785332,,,,1.865944036221912e-05,,,,,,,,land,NAM,adjusted location to match NADP station CO02,
658,Brahney,2020,https://doi.org/10.1126/science.aaz5819,o,,,,,,27.0,sphere,2018-10-02,2018-11-06,-105.5891,40.0547,,38.84338546,,,,0.000480383669621703,,,,,,,,land,NAM,adjusted location to match NADP station CO02,
659,Brahney,2020,https://doi.org/10.1126/science.aaz5819,o,,,,,,27.0,sphere,2018-11-06,2018-12-04,-105.5891,40.0547,,4.534392943,,,,5.607771556648177e-05,,,,,,,,land,NAM,adjusted location to match NADP station CO02,
660,Brahney,2020,https://doi.org/10.1126/science.aaz5819,o,,,,,,27.0,sphere,2018-12-04,2019-02-05,-105.5891,40.0547,,53.99910712,,,,0.0006678174141467078,,,,,,,,land,NAM,adjusted location to match NADP station CO02,
661,Brahney,2020,https://doi.org/10.1126/science.aaz5819,o,,,,,,27.0,sphere,2019-02-05,2019-03-05,-105.5891,40.0547,,46.59134347,,,,0.000576204166646904,,,,,,,,land,NAM,adjusted location to match NADP station CO02,
662,Brahney,2020,https://doi.org/10.1126/science.aaz5819,o,,,,,,27.0,sphere,2019-04-02,2019-05-07,-105.5891,40.0547,,11.7962678,,,,0.000145886728113331,,,,,,,,land,NAM,adjusted location to match NADP station CO02,
663,Brahney,2020,https://doi.org/10.1126/science.aaz5819,o,,,,,,27.0,sphere,2019-05-07,2019-07-03,-105.5891,40.0547,,60.17033612,,,,0.0007441381981872418,,,,,,,,land,NAM,adjusted location to match NADP station CO02,
664,Brahney,2020,https://doi.org/10.1126/science.aaz5819,o,,,,,,27.0,sphere,2018-05-01,2018-06-05,-109.4671,40.7543,,0.858756655,,,,1.062040984212808e-05,,,,,,,,land,NAM,adjusted location to match NADP station UT95,
665,Brahney,2020,https://doi.org/10.1126/science.aaz5819,o,,,,,,27.0,sphere,2018-08-07,2018-09-04,-109.4671,40.7543,,3.192766468,,,,3.948556115744304e-05,,,,,,,,land,NAM,adjusted location to match NADP station UT95,
666,Brahney,2020,https://doi.org/10.1126/science.aaz5819,o,,,,,,27.0,sphere,2018-09-04,2018-10-09,-109.4671,40.7543,,2.513013508,,,,3.107892467367722e-05,,,,,,,,land,NAM,adjusted location to match NADP station UT95,
667,Brahney,2020,https://doi.org/10.1126/science.aaz5819,o,,,,,,27.0,sphere,2018-06-05,2018-08-07,-109.4671,40.7543,,0.0,,,,0.0,,,,,,,,land,NAM,adjusted location to match NADP station UT95,
668,Brahney,2020,https://doi.org/10.1126/science.aaz5819,o,,,,,,27.0,sphere,2018-10-09,2018-11-06,-109.4671,40.7543,,3.521408563,,,,4.354994158460327e-05,,,,,,,,land,NAM,adjusted location to match NADP station UT95,
669,Brahney,2020,https://doi.org/10.1126/science.aaz5819,o,,,,,,27.0,sphere,2018-11-06,2018-12-04,-109.4671,40.7543,,6.358295531,,,,7.863427205299665e-05,,,,,,,,land,NAM,adjusted location to match NADP station UT95,
670,Brahney,2020,https://doi.org/10.1126/science.aaz5819,o,,,,,,27.0,sphere,2018-12-04,2019-02-05,-109.4671,40.7543,,14.32561456,,,,0.0001771676492772651,,,,,,,,land,NAM,adjusted location to match NADP station UT95,
671,Brahney,2020,https://doi.org/10.1126/science.aaz5819,o,,,,,,27.0,sphere,2019-02-05,2019-03-05,-109.4671,40.7543,,30.83826123,,,,0.0003813827481560638,,,,,,,,land,NAM,adjusted location to match NADP station UT95,
672,Brahney,2020,https://doi.org/10.1126/science.aaz5819,o,,,,,,27.0,sphere,2019-03-05,2019-04-09,-109.4671,40.7543,,19.02925104,,,,0.0002353384324381649,,,,,,,,land,NAM,adjusted location to match NADP station UT95,
673,Brahney,2020,https://doi.org/10.1126/science.aaz5819,o,,,,,,27.0,sphere,2019-04-09,2019-05-07,-109.4671,40.7543,,16.10644258,,,,0.0001991914942403594,,,,,,,,land,NAM,adjusted location to match NADP station UT95,
674,Brahney,2020,https://doi.org/10.1126/science.aaz5819,o,,,,,,27.0,sphere,2019-05-07,2019-06-04,-109.4671,40.7543,,27.67283384,,,,0.0003422352946701892,,,,,,,,land,NAM,adjusted location to match NADP station UT95,
675,Brahney,2020,https://doi.org/10.1126/science.aaz5819,o,,,,,,27.0,sphere,2018-05-01,2018-07-03,-106.986,38.9561,,0.0,,,,0.0,,,,,,,,land,NAM,adjusted location to match NADP station CO10,
676,Brahney,2020,https://doi.org/10.1126/science.aaz5819,o,,,,,,27.0,sphere,2018-07-03,2018-09-04,-106.986,38.9561,,0.0,,,,0.0,,,,,,,,land,NAM,adjusted location to match NADP station CO10,
677,Brahney,2020,https://doi.org/10.1126/science.aaz5819,o,,,,,,27.0,sphere,2018-09-04,2018-10-09,-106.986,38.9561,,10.49228202,,,,0.000129760083468106,,,,,,,,land,NAM,adjusted location to match NADP station CO10,
678,Brahney,2020,https://doi.org/10.1126/science.aaz5819,o,,,,,,27.0,sphere,2018-10-09,2018-11-18,-106.986,38.9561,,8.588787628,,,,0.0001062191997293565,,,,,,,,land,NAM,adjusted location to match NADP station CO10,
679,Brahney,2020,https://doi.org/10.1126/science.aaz5819,o,,,,,,27.0,sphere,2018-11-18,2018-12-04,-106.986,38.9561,,23.32261029,,,,0.0002884352376495221,,,,,,,,land,NAM,adjusted location to match NADP station CO10,
680,Brahney,2020,https://doi.org/10.1126/science.aaz5819,o,,,,,,27.0,sphere,2018-12-04,2019-02-05,-106.986,38.9561,,26.52576182,,,,0.0003280492328796838,,,,,,,,land,NAM,adjusted location to match NADP station CO10,
681,Brahney,2020,https://doi.org/10.1126/science.aaz5819,o,,,,,,27.0,sphere,2019-02-05,2019-03-05,-106.986,38.9561,,36.06303079,,,,0.0004459984850295966,,,,,,,,land,NAM,adjusted location to match NADP station CO10,
682,Brahney,2020,https://doi.org/10.1126/science.aaz5819,o,,,,,,27.0,sphere,2019-03-05,2019-04-09,-106.986,38.9561,,13.46986882,,,,0.000166584476003976,,,,,,,,land,NAM,adjusted location to match NADP station CO10,
683,Brahney,2020,https://doi.org/10.1126/science.aaz5819,o,,,,,,27.0,sphere,2019-04-09,2019-05-07,-106.986,38.9561,,42.19660837,,,,0.0005218536266681649,,,,,,,,land,NAM,adjusted location to match NADP station CO10,
684,Brahney,2020,https://doi.org/10.1126/science.aaz5819,o,,,,,,27.0,sphere,2019-05-07,2019-06-04,-106.986,38.9561,,25.25,,,,0.0003122716394130698,,,,,,,,land,NAM,adjusted location to match NADP station CO10,
685,Brahney,2020,https://doi.org/10.1126/science.aaz5819,o,,,,,,27.0,sphere,2019-06-04,2019-07-02,-106.986,38.9561,,25.76793429,,,,0.0003186770330703587,,,,,,,,land,NAM,adjusted location to match NADP station CO10,
686,Brahney,2020,https://doi.org/10.1126/science.aaz5819,o,,,,,,27.0,sphere,2018-06-05,2018-09-10,-113.5551,43.4605,,0.0,,,,0.0,,,,,,,,land,NAM,adjusted location to match NADP station ID03,
687,Brahney,2020,https://doi.org/10.1126/science.aaz5819,o,,,,,,27.0,sphere,2018-11-20,2018-12-04,-113.5551,43.4605,,48.21790785,,,,0.0005963202033024884,,,,,,,,land,NAM,adjusted location to match NADP station ID03,
688,Brahney,2020,https://doi.org/10.1126/science.aaz5819,o,,,,,,27.0,sphere,2018-12-04,2019-04-09,-113.5551,43.4605,,6.535947712,,,,8.083133097601358e-05,,,,,,,,land,NAM,adjusted location to match NADP station ID03,
689,Brahney,2020,https://doi.org/10.1126/science.aaz5819,o,,,,,,27.0,sphere,2019-04-09,2019-05-07,-113.5551,43.4605,,10.50420168,,,,0.0001299074962114504,,,,,,,,land,NAM,adjusted location to match NADP station ID03,
690,Brahney,2020,https://doi.org/10.1126/science.aaz5819,o,,,,,,27.0,sphere,2019-05-07,2019-06-11,-113.5551,43.4605,,19.40110476,,,,0.0002399372193992045,,,,,,,,land,NAM,adjusted location to match NADP station ID03,
691,Brahney,2020,https://doi.org/10.1126/science.aaz5819,o,,,,,,27.0,sphere,2018-05-01,2018-06-05,-114.217,39.0054,,0.820684295,,,,1.014956159367166e-05,,,,,,,,land,NAM,adjusted location to match NADP station NV05,
692,Brahney,2020,https://doi.org/10.1126/science.aaz5819,o,,,,,,27.0,sphere,2018-06-05,2018-08-14,-114.217,39.0054,,0.844063507,,,,1.043869683562912e-05,,,,,,,,land,NAM,adjusted location to match NADP station NV05,
693,Brahney,2020,https://doi.org/10.1126/science.aaz5819,o,,,,,,27.0,sphere,2018-08-14,2018-10-02,-114.217,39.0054,,0.0,,,,0.0,,,,,,,,land,NAM,adjusted location to match NADP station NV05,
694,Brahney,2020,https://doi.org/10.1126/science.aaz5819,o,,,,,,27.0,sphere,2018-10-02,2018-11-06,-114.217,39.0054,,0.0,,,,0.0,,,,,,,,land,NAM,adjusted location to match NADP station NV05,
695,Brahney,2020,https://doi.org/10.1126/science.aaz5819,o,,,,,,27.0,sphere,2018-11-06,2018-12-04,-114.217,39.0054,,8.943010194,,,,0.0001105999387947792,,,,,,,,land,NAM,adjusted location to match NADP station NV05,
696,Brahney,2020,https://doi.org/10.1126/science.aaz5819,o,,,,,,27.0,sphere,2018-12-04,2019-02-05,-114.217,39.0054,,31.74531681,,,,0.0003926004801562766,,,,,,,,land,NAM,adjusted location to match NADP station NV05,
697,Brahney,2020,https://doi.org/10.1126/science.aaz5819,o,,,,,,27.0,sphere,2019-02-05,2019-03-05,-114.217,39.0054,,13.0369394,,,,0.0001612303540343304,,,,,,,,land,NAM,adjusted location to match NADP station NV05,
698,Brahney,2020,https://doi.org/10.1126/science.aaz5819,o,,,,,,27.0,sphere,2019-03-05,2019-04-09,-114.217,39.0054,,26.11670622,,,,0.0003229903630649077,,,,,,,,land,NAM,adjusted location to match NADP station NV05,
699,Brahney,2020,https://doi.org/10.1126/science.aaz5819,o,,,,,,27.0,sphere,2019-04-09,2019-05-07,-114.217,39.0054,,7.703081232,,,,9.526549722173029e-05,,,,,,,,land,NAM,adjusted location to match NADP station NV05,
700,Brahney,2020,https://doi.org/10.1126/science.aaz5819,o,,,,,,27.0,sphere,2019-05-07,2019-06-04,-114.217,39.0054,,18.83784487,,,,0.0002329712752698609,,,,,,,,land,NAM,adjusted location to match NADP station NV05,
701,Brahney,2020,https://doi.org/10.1126/science.aaz5819,o,,,,,,27.0,sphere,2019-06-04,2019-07-02,-114.217,39.0054,,11.2,,,,0.0001385125687693617,,,,,,,,land,NAM,adjusted location to match NADP station NV05,
702,Brahney,2020,https://doi.org/10.1126/science.aaz5819,o,,,,,,27.0,sphere,2018-08-07,2018-09-04,-109.821,38.4584,,2.902286219,,,,3.58931356694293e-05,,,,,,,,land,NAM,adjusted location to match NADP station UT09,
703,Brahney,2020,https://doi.org/10.1126/science.aaz5819,o,,,,,,27.0,sphere,2018-09-04,2018-10-09,-109.821,38.4584,,1.820377054,,,,2.251295552485206e-05,,,,,,,,land,NAM,adjusted location to match NADP station UT09,
704,Brahney,2020,https://doi.org/10.1126/science.aaz5819,o,,,,,,27.0,sphere,2018-10-09,2018-11-06,-109.821,38.4584,,7.993487776,,,,9.885701118573679e-05,,,,,,,,land,NAM,adjusted location to match NADP station UT09,
705,Brahney,2020,https://doi.org/10.1126/science.aaz5819,o,,,,,,27.0,sphere,2018-12-18,2019-02-05,-109.821,38.4584,,7.839840964,,,,9.695683130954544e-05,,,,,,,,land,NAM,adjusted location to match NADP station UT09,
706,Brahney,2020,https://doi.org/10.1126/science.aaz5819,o,,,,,,27.0,sphere,2019-02-05,2019-03-26,-109.821,38.4584,,1.843301443,,,,2.279646588269653e-05,,,,,,,,land,NAM,adjusted location to match NADP station UT09,
707,Brahney,2020,https://doi.org/10.1126/science.aaz5819,o,,,,,,27.0,sphere,2019-03-26,2019-05-07,-109.821,38.4584,,3.784737766,,,,4.680658482920315e-05,,,,,,,,land,NAM,adjusted location to match NADP station UT09,
708,Brahney,2020,https://doi.org/10.1126/science.aaz5819,o,,,,,,27.0,sphere,2019-05-07,2019-06-18,-109.821,38.4584,,2.045124605,,,,2.529245200821215e-05,,,,,,,,land,NAM,adjusted location to match NADP station UT09,
709,Brahney,2020,https://doi.org/10.1126/science.aaz5819,o,,,,,,27.0,sphere,2018-05-01,2018-06-05,-112.1728,37.6186,,0.0,,,,0.0,,,,,,,,land,NAM,adjusted location to match NADP station UT99,
710,Brahney,2020,https://doi.org/10.1126/science.aaz5819,o,,,,,,27.0,sphere,2018-06-05,2018-09-14,-112.1728,37.6186,,0.0,,,,0.0,,,,,,,,land,NAM,adjusted location to match NADP station UT99,
711,Brahney,2020,https://doi.org/10.1126/science.aaz5819,o,,,,,,27.0,sphere,2018-09-14,2018-10-02,-112.1728,37.6186,,4.403817676,,,,5.446286595488219e-05,,,,,,,,land,NAM,adjusted location to match NADP station UT99,
712,Brahney,2020,https://doi.org/10.1126/science.aaz5819,o,,,,,,27.0,sphere,2018-10-02,2018-11-06,-112.1728,37.6186,,0.0,,,,0.0,,,,,,,,land,NAM,adjusted location to match NADP station UT99,
713,Brahney,2020,https://doi.org/10.1126/science.aaz5819,o,,,,,,27.0,sphere,2018-11-06,2018-12-04,-112.1728,37.6186,,0.0,,,,0.0,,,,,,,,land,NAM,adjusted location to match NADP station UT99,
714,Brahney,2020,https://doi.org/10.1126/science.aaz5819,o,,,,,,27.0,sphere,2018-12-04,2019-02-12,-112.1728,37.6186,,10.28639876,,,,0.0001272138853244265,,,,,,,,land,NAM,adjusted location to match NADP station UT99,
715,Brahney,2020,https://doi.org/10.1126/science.aaz5819,o,,,,,,27.0,sphere,2019-02-12,2019-04-09,-112.1728,37.6186,,8.252735056,,,,0.0001020631724981716,,,,,,,,land,NAM,adjusted location to match NADP station UT99,
716,Brahney,2020,https://doi.org/10.1126/science.aaz5819,o,,,,,,27.0,sphere,2019-04-09,2019-05-14,-112.1728,37.6186,,16.74461933,,,,0.0002070839496842328,,,,,,,,land,NAM,adjusted location to match NADP station UT99,
717,Brahney,2020,https://doi.org/10.1126/science.aaz5819,o,,,,,,27.0,sphere,2019-05-14,2019-06-04,-112.1728,37.6186,,24.73982294,,,,0.0003059621809213019,,,,,,,,land,NAM,adjusted location to match NADP station UT99,
718,Brahney,2020,https://doi.org/10.1126/science.aaz5819,o,,,,,,27.0,sphere,2019-06-04,2019-07-02,-112.1728,37.6186,,49.92315327,,,,0.0006174093036155588,,,,,,,,land,NAM,adjusted location to match NADP station UT99,
719,Brahney,2020,https://doi.org/10.1126/science.aaz5819,o,,,,,,27.0,sphere,2018-06-05,2018-08-07,-109.7875,42.929,,1.358102754,,,,1.67959197419004e-05,,,,,,,,land,NAM,adjusted location to match NADP station WY06,
720,Brahney,2020,https://doi.org/10.1126/science.aaz5819,o,,,,,,27.0,sphere,2018-08-07,2018-09-04,-109.7875,42.929,,0.0,,,,0.0,,,,,,,,land,NAM,adjusted location to match NADP station WY06,
721,Brahney,2020,https://doi.org/10.1126/science.aaz5819,o,,,,,,27.0,sphere,2018-10-09,2018-11-06,-109.7875,42.929,,6.204183801,,,,7.672834244587252e-05,,,,,,,,land,NAM,adjusted location to match NADP station WY06,
722,Brahney,2020,https://doi.org/10.1126/science.aaz5819,o,,,,,,27.0,sphere,2018-11-06,2018-12-04,-109.7875,42.929,,9.103641457,,,,0.0001125864967289575,,,,,,,,land,NAM,adjusted location to match NADP station WY06,
723,Brahney,2020,https://doi.org/10.1126/science.aaz5819,o,,,,,,27.0,sphere,2018-12-04,2019-02-05,-109.7875,42.929,,11.71247876,,,,0.0001448504928307311,,,,,,,,land,NAM,adjusted location to match NADP station WY06,
724,Brahney,2020,https://doi.org/10.1126/science.aaz5819,o,,,,,,27.0,sphere,2019-02-05,2019-04-14,-109.7875,42.929,,3.748558247,,,,4.63591457119237e-05,,,,,,,,land,NAM,adjusted location to match NADP station WY06,
725,Brahney,2020,https://doi.org/10.1126/science.aaz5819,o,,,,,,27.0,sphere,2019-06-14,2019-07-02,-109.7875,42.929,,21.39136905,,,,0.0002645512032686536,,,,,,,,land,NAM,adjusted location to match NADP station WY06,
726,Gaston,2020,https://doi.org/10.1177/0003702820920652,,,,o,15.4,"101-300, 301-500",616.0,fiber,2019-01-01,2019-03-31,-119.0333333333333,34.15,,,,,0.6,,,,8.260982896319999e-05,40.0,,,,coastal,NAM,adjusted parts and mg to use counts based on Nile red staining,
727,Gaston,2020,https://doi.org/10.1177/0003702820920652,,,,o,52.4,"76-100, 51-75",104.8,fragment,2019-01-01,2019-03-31,-119.0333333333333,34.15,,,,,5.6,,,,0.0015186937385625596,2.0,,,,coastal,NAM,adjusted parts and mg to use counts based on Nile red staining,
728,Prata,2020,https://doi.org/10.1016/j.marpolbul.2020.111522,,,,o,7.475,26-1928,299.0,fiber,2019-09-01,2019-09-30,-8.651,40.63,,,,,6.0,,,,9.447200910956248e-05,40.0,,,,coastal,EUR,,
729,Liu,2019,https://doi.org/10.1016/j.envint.2019.105127,,,,o,61.0,,122.0,fragment,2019-05-01,2019-06-30,121.4,31.0,,,,,0.0288,,,,1.232169082272e-05,2.0,,,,coastal,EAS,,
730,Liu,2019,https://doi.org/10.1016/j.envint.2019.105127,,,,o,10.725,,429.0,fiber,2019-05-01,2019-06-30,121.4,31.0,,,,,0.0258,,,,1.199858185492931e-06,40.0,,,,coastal,EAS,,
731,Liu,2019,https://doi.org/10.1016/j.envint.2019.105127,,,,o,,,36.6,sphere,2019-05-01,2019-06-30,121.4,31.0,,,,,0.005399999999999999,,,,1.663477321261296e-07,,,,,coastal,EAS,,
732,Akhbarizadeh,2021,https://doi.org/10.1016/j.envres.2020.110339,,,,o,7.071067811865476,8-10000,282.842712474619,fiber,2017-01-04,2017-01-05,50.8343,28.9796,,,,,0.88,,,,1.172886503235501e-05,40.0,,,,coastal,WAS,,
733,Akhbarizadeh,2021,https://doi.org/10.1016/j.envres.2020.110339,,,,o,7.071067811865476,,282.842712474619,fiber,2017-02-09,2017-02-10,50.8343,28.9796,,,,,0.59,,,,7.86367087396529e-06,40.0,,,,coastal,WAS,,
734,Akhbarizadeh,2021,https://doi.org/10.1016/j.envres.2020.110339,,,,o,7.071067811865476,,282.842712474619,fiber,2017-02-27,2017-02-28,50.8343,28.9796,,,,,0.76,,,,1.012947434612478e-05,40.0,,,,coastal,WAS,,
735,Akhbarizadeh,2021,https://doi.org/10.1016/j.envres.2020.110339,,,,o,7.071067811865476,,282.842712474619,fiber,2017-03-05,2017-03-06,50.8343,28.9796,,,,,0.0,,,,0.0,40.0,,,,coastal,WAS,,
736,Akhbarizadeh,2021,https://doi.org/10.1016/j.envres.2020.110339,,,,o,7.071067811865476,,282.842712474619,fiber,2017-04-22,2017-04-23,50.8343,28.9796,,,,,1.3,,,,1.732673243416081e-05,40.0,,,,coastal,WAS,,
737,Akhbarizadeh,2021,https://doi.org/10.1016/j.envres.2020.110339,,,,o,7.071067811865476,,282.842712474619,fiber,2017-05-04,2017-05-05,50.8343,28.9796,,,,,1.1,,,,1.466108129044376e-05,40.0,,,,coastal,WAS,,
738,Akhbarizadeh,2021,https://doi.org/10.1016/j.envres.2020.110339,,,,o,7.071067811865476,,282.842712474619,fiber,2017-05-22,2017-05-23,50.8343,28.9796,,,,,1.2,,,,1.599390686230228e-05,40.0,,,,coastal,WAS,,
739,Akhbarizadeh,2021,https://doi.org/10.1016/j.envres.2020.110339,,,,o,7.071067811865476,,282.842712474619,fiber,2017-06-09,2017-06-10,50.8343,28.9796,,,,,0.0,,,,0.0,40.0,,,,coastal,WAS,,
740,Akhbarizadeh,2021,https://doi.org/10.1016/j.envres.2020.110339,,,,o,7.071067811865476,,282.842712474619,fiber,2017-06-15,2017-06-16,50.8343,28.9796,,,,,5.4,,,,7.197258088036029e-05,40.0,,,,coastal,WAS,,
741,Akhbarizadeh,2021,https://doi.org/10.1016/j.envres.2020.110339,,,,o,7.071067811865476,,282.842712474619,fiber,2017-06-27,2017-06-28,50.8343,28.9796,,,,,0.0,,,,0.0,40.0,,,,coastal,WAS,,
742,Akhbarizadeh,2021,https://doi.org/10.1016/j.envres.2020.110339,,,,o,7.071067811865476,,282.842712474619,fiber,2017-07-09,2017-07-10,50.8343,28.9796,,,,,3.8,,,,5.06473717306239e-05,40.0,,,,coastal,WAS,,
743,Akhbarizadeh,2021,https://doi.org/10.1016/j.envres.2020.110339,,,,o,7.071067811865476,,282.842712474619,fiber,2017-09-19,2017-09-20,50.8343,28.9796,,,,,0.88,,,,1.172886503235501e-05,40.0,,,,coastal,WAS,,
744,Abbasi,2019,https://doi.org/10.1016/j.envpol.2018.10.039,,,,o,0.7905694150420948,"<25, 25-100, >100",31.62277660168379,fiber,2017-08-06,2017-08-07,52.33,27.31,,,,,1.396425425876995,,,,2.601094219197411e-08,40.0,,,,coastal,WAS,,
745,Abbasi,2019,https://doi.org/10.1016/j.envpol.2018.10.039,,,,o,0.7905694150420948,,31.62277660168379,fiber,2017-08-07,2017-08-08,52.33,27.31,,,,,1.255493275663134,,,,2.338582670476422e-08,40.0,,,,coastal,WAS,,
746,Abbasi,2019,https://doi.org/10.1016/j.envpol.2018.10.039,,,,o,0.7905694150420948,,31.62277660168379,fiber,2017-08-08,2017-08-09,52.33,27.31,,,,,0.04178854993731718,,,,7.783871136715652e-10,40.0,,,,coastal,WAS,,
747,Abbasi,2019,https://doi.org/10.1016/j.envpol.2018.10.039,,,,o,0.7905694150420948,,31.62277660168379,fiber,2017-08-22,2017-08-23,52.33,27.31,,,,,1.306507055613626,,,,2.433605036633427e-08,40.0,,,,coastal,WAS,,
748,Abbasi,2019,https://doi.org/10.1016/j.envpol.2018.10.039,,,,o,0.7905694150420948,,31.62277660168379,fiber,2017-08-23,2017-08-24,52.33,27.31,,,,,1.51362990180345,,,,2.819408694963207e-08,40.0,,,,coastal,WAS,,
749,Abbasi,2019,https://doi.org/10.1016/j.envpol.2018.10.039,,,,o,0.7905694150420948,,31.62277660168379,fiber,2017-08-24,2017-08-25,52.33,27.31,,,,,1.630434782608695,,,,3.036978852743568e-08,40.0,,,,coastal,WAS,,
750,Abbasi,2019,https://doi.org/10.1016/j.envpol.2018.10.039,,,,o,0.7905694150420948,,31.62277660168379,fiber,2017-08-27,2017-08-28,52.33,27.31,,,,,0.7528935815830916,,,,1.402400089855651e-08,40.0,,,,coastal,WAS,,
751,Abbasi,2019,https://doi.org/10.1016/j.envpol.2018.10.039,,,,o,0.7905694150420948,,31.62277660168379,fiber,2017-07-31,2017-08-01,52.33,27.31,,,,,1.348389858887462,,,,2.511619311839665e-08,40.0,,,,coastal,WAS,,
752,Jenner,2022,https://doi.org/10.3390/atmos13020265,,,o,,9.082951062292475,"11-20, 21-30 (<40)",18.16590212458495,fragment,2019-10-01,2019-10-31,-0.348044,53.739996,,,,279.36,,,,0.0003945785379686324,,2.0,,,,coastal,EUR,"fixed author, year, and DOI",
753,Jenner,2022,https://doi.org/10.3390/atmos13020265,,,o,,9.082951062292475,,18.16590212458495,fragment,2019-11-01,2019-11-30,-0.348044,53.739996,,,,75.84,,,,0.0001071192594485291,,2.0,,,,coastal,EUR,"fixed author, year, and DOI",
754,Jenner,2022,https://doi.org/10.3390/atmos13020265,,,o,,9.082951062292475,,18.16590212458495,fragment,2019-12-01,2019-12-31,-0.348044,53.739996,,,,73.92,,,,0.0001044073794624904,,2.0,,,,coastal,EUR,"fixed author, year, and DOI",
755,Jenner,2022,https://doi.org/10.3390/atmos13020265,,,o,,9.082951062292475,,18.16590212458495,fragment,2020-01-01,2020-01-31,-0.348044,53.739996,,,,347.04,,,,0.0004901723074764968,,2.0,,,,coastal,EUR,"fixed author, year, and DOI",
756,Jenner,2022,https://doi.org/10.3390/atmos13020265,,,o,,9.082951062292475,,18.16590212458495,fragment,2020-02-01,2020-02-29,-0.348044,53.739996,,,,144.72,,,,0.0002044079539476678,,2.0,,,,coastal,EUR,"fixed author, year, and DOI",
757,Jenner,2022,https://doi.org/10.3390/atmos13020265,,,o,,9.082951062292475,,18.16590212458495,fragment,2020-03-01,2020-03-31,-0.348044,53.739996,,,,191.76,,,,0.0002708490136056162,,2.0,,,,coastal,EUR,"fixed author, year, and DOI",
758,Jenner,2022,https://doi.org/10.3390/atmos13020265,,,o,,9.082951062292475,,18.16590212458495,fragment,2020-04-01,2020-04-30,-0.348044,53.739996,,,,740.64,,,,0.001046107704614432,,2.0,,,,coastal,EUR,"fixed author, year, and DOI",
759,Jenner,2022,https://doi.org/10.3390/atmos13020265,,,o,,9.082951062292475,,18.16590212458495,fragment,2020-05-01,2020-05-31,-0.348044,53.739996,,,,1318.56,,,,0.001862383580412084,,2.0,,,,coastal,EUR,"fixed author, year, and DOI",
760,Jenner,2022,https://doi.org/10.3390/atmos13020265,,,o,,9.082951062292475,,18.16590212458495,fragment,2020-06-01,2020-06-30,-0.348044,53.739996,,,,1131.6,,,,0.001598314266771565,,2.0,,,,coastal,EUR,"fixed author, year, and DOI",
761,Jenner,2022,https://doi.org/10.3390/atmos13020265,,,o,,9.082951062292475,,18.16590212458495,fragment,2020-07-01,2020-07-31,-0.348044,53.739996,,,,4559.04,,,,0.006439359026848918,,2.0,,,,coastal,EUR,"fixed author, year, and DOI",
762,Jenner,2022,https://doi.org/10.3390/atmos13020265,,,o,,9.082951062292475,,18.16590212458495,fragment,2020-08-01,2020-08-31,-0.348044,53.739996,,,,220.08,,,,0.0003108492433996872,,2.0,,,,coastal,EUR,"fixed author, year, and DOI",
763,Jenner,2022,https://doi.org/10.3390/atmos13020265,,,o,,9.082951062292475,,18.16590212458495,fragment,2020-09-01,2020-09-30,-0.348044,53.739996,,,,18.96,,,,2.677981486213227e-05,,2.0,,,,coastal,EUR,"fixed author, year, and DOI",
764,Jenner,2022,https://doi.org/10.3390/atmos13020265,,,o,,9.082951062292475,,18.16590212458495,fragment,2020-10-01,2020-10-31,-0.348044,53.739996,,,,623.28,,,,0.0008803440404678163,,2.0,,,,coastal,EUR,"fixed author, year, and DOI",
765,Jenner,2022,https://doi.org/10.3390/atmos13020265,,,o,,0.6274950199005567,21-30 (<50),25.09980079602227,fiber,2019-10-01,2019-10-31,-0.348044,53.739996,,,,104.76,,,,9.757636830032663e-07,,40.0,,,,coastal,EUR,"fixed author, year, and DOI",
766,Jenner,2022,https://doi.org/10.3390/atmos13020265,,,o,,0.6274950199005567,,25.09980079602227,fiber,2019-11-01,2019-11-30,-0.348044,53.739996,,,,28.44,,,,2.648980445266599e-07,,40.0,,,,coastal,EUR,"fixed author, year, and DOI",
767,Jenner,2022,https://doi.org/10.3390/atmos13020265,,,o,,0.6274950199005567,,25.09980079602227,fiber,2019-12-01,2019-12-31,-0.348044,53.739996,,,,27.72,,,,2.5819176491839e-07,,40.0,,,,coastal,EUR,"fixed author, year, and DOI",
768,Jenner,2022,https://doi.org/10.3390/atmos13020265,,,o,,0.6274950199005567,,25.09980079602227,fiber,2020-01-01,2020-01-31,-0.348044,53.739996,,,,130.14,,,,1.212160039194779e-06,,40.0,,,,coastal,EUR,"fixed author, year, and DOI",
769,Jenner,2022,https://doi.org/10.3390/atmos13020265,,,o,,0.6274950199005567,,25.09980079602227,fiber,2020-02-01,2020-02-29,-0.348044,53.739996,,,,54.27,,,,5.054858254733415e-07,,40.0,,,,coastal,EUR,"fixed author, year, and DOI",
770,Jenner,2022,https://doi.org/10.3390/atmos13020265,,,o,,0.6274950199005567,,25.09980079602227,fiber,2020-03-01,2020-03-31,-0.348044,53.739996,,,,71.91,,,,6.697896758759534e-07,,40.0,,,,coastal,EUR,"fixed author, year, and DOI",
771,Jenner,2022,https://doi.org/10.3390/atmos13020265,,,o,,0.6274950199005567,,25.09980079602227,fiber,2020-04-01,2020-04-30,-0.348044,53.739996,,,,277.74,,,,2.586947358890103e-06,,40.0,,,,coastal,EUR,"fixed author, year, and DOI",
772,Jenner,2022,https://doi.org/10.3390/atmos13020265,,,o,,0.6274950199005567,,25.09980079602227,fiber,2020-05-01,2020-05-31,-0.348044,53.739996,,,,494.46,,,,4.605537520979334e-06,,40.0,,,,coastal,EUR,"fixed author, year, and DOI",
773,Jenner,2022,https://doi.org/10.3390/atmos13020265,,,o,,0.6274950199005567,,25.09980079602227,fiber,2020-06-01,2020-06-30,-0.348044,53.739996,,,,424.35,,,,3.952513544124055e-06,,40.0,,,,coastal,EUR,"fixed author, year, and DOI",
774,Jenner,2022,https://doi.org/10.3390/atmos13020265,,,o,,0.6274950199005567,,25.09980079602227,fiber,2020-07-01,2020-07-31,-0.348044,53.739996,,,,1709.64,,,,1.592406092983681e-05,,40.0,,,,coastal,EUR,"fixed author, year, and DOI",
775,Jenner,2022,https://doi.org/10.3390/atmos13020265,,,o,,0.6274950199005567,,25.09980079602227,fiber,2020-08-01,2020-08-31,-0.348044,53.739996,,,,82.53,,,,7.68707300097934e-07,,40.0,,,,coastal,EUR,"fixed author, year, and DOI",
776,Jenner,2022,https://doi.org/10.3390/atmos13020265,,,o,,0.6274950199005567,,25.09980079602227,fiber,2020-09-01,2020-09-30,-0.348044,53.739996,,,,7.109999999999999,,,,6.622451113166497e-08,,40.0,,,,coastal,EUR,"fixed author, year, and DOI",
777,Jenner,2022,https://doi.org/10.3390/atmos13020265,,,o,,0.6274950199005567,,25.09980079602227,fiber,2020-10-01,2020-10-31,-0.348044,53.739996,,,,233.73,,,,2.177026017834607e-06,,40.0,,,,coastal,EUR,"fixed author, year, and DOI",
778,Amato,2022,https://doi.org/10.1016/j.scitotenv.2022.153450,,,o,,4.048,various sizes (fibers/other),161.92,fiber,2019-10-15,2019-11-01,-46.66666666666666,-23.55,,,,56.0,,,,0.0001400321795824681,,40.0,,,,land,SAM,,
779,Amato,2022,https://doi.org/10.1016/j.scitotenv.2022.153450,,,o,,5.10425,,204.17,fiber,2019-11-01,2019-11-15,-46.66666666666666,-23.55,,,,169.0,,,,0.0008472290276068928,,40.0,,,,land,SAM,,
780,Amato,2022,https://doi.org/10.1016/j.scitotenv.2022.153450,,,o,,5.5335,,221.34,fiber,2019-11-15,2019-12-01,-46.66666666666666,-23.55,,,,203.0,,,,0.001296624104194036,,40.0,,,,land,SAM,,
781,Amato,2022,https://doi.org/10.1016/j.scitotenv.2022.153450,,,o,,5.59825,,223.93,fiber,2019-12-01,2019-12-15,-46.66666666666666,-23.55,,,,115.0,,,,0.0007606292404936072,,40.0,,,,land,SAM,,
782,Amato,2022,https://doi.org/10.1016/j.scitotenv.2022.153450,,,o,,3.51125,,140.45,fiber,2019-12-15,2020-01-01,-46.66666666666666,-23.55,,,,118.0,,,,0.0001925686447836776,,40.0,,,,land,SAM,,
783,Amato,2022,https://doi.org/10.1016/j.scitotenv.2022.153450,,,o,,3.4275,,137.1,fiber,2020-01-01,2020-01-15,-46.66666666666666,-23.55,,,,117.0,,,,0.0001775973831311269,,40.0,,,,land,SAM,,
784,Amato,2022,https://doi.org/10.1016/j.scitotenv.2022.153450,,,o,,5.922,,236.88,fiber,2020-01-15,2020-02-01,-46.66666666666666,-23.55,,,,119.0,,,,0.0009316879544640496,,40.0,,,,land,SAM,,
785,Amato,2022,https://doi.org/10.1016/j.scitotenv.2022.153450,,,o,,4.887,,195.48,fiber,2020-02-01,2020-02-15,-46.66666666666666,-23.55,,,,47.0,,,,0.0002067965004786479,,40.0,,,,land,SAM,,
786,Amato,2022,https://doi.org/10.1016/j.scitotenv.2022.153450,,,o,,5.60875,,224.35,fiber,2020-02-15,2020-02-29,-46.66666666666666,-23.55,,,,83.0,,,,0.0005520706385002987,,40.0,,,,land,SAM,,
787,Amato,2022,https://doi.org/10.1016/j.scitotenv.2022.153450,,,o,,4.3125,,172.5,fiber,2020-07-01,2020-07-15,-46.66666666666666,-23.55,,,,137.0,,,,0.0004142153619711915,,40.0,,,,land,SAM,,
788,Amato,2022,https://doi.org/10.1016/j.scitotenv.2022.153450,,,o,,3.43425,,137.37,fiber,2020-07-15,2020-08-01,-46.66666666666666,-23.55,,,,80.0,,,,0.0001221529663640437,,40.0,,,,land,SAM,,
789,Amato,2022,https://doi.org/10.1016/j.scitotenv.2022.153450,,,o,,3.84125,,153.65,fiber,2020-08-01,2020-08-15,-46.66666666666666,-23.55,,,,97.0,,,,0.00020725631117825,,40.0,,,,land,SAM,,
790,Amato,2022,https://doi.org/10.1016/j.scitotenv.2022.153450,,,o,,6.221,,248.84,fiber,2020-08-15,2020-09-01,-46.66666666666666,-23.55,,,,32.0,,,,0.0002904349604894713,,40.0,,,,land,SAM,,
791,Amato,2022,https://doi.org/10.1016/j.scitotenv.2022.153450,,,o,,4.4475,,177.9,fiber,2020-09-01,2020-09-15,-46.66666666666666,-23.55,,,,37.0,,,,0.0001227065948442627,,40.0,,,,land,SAM,,
792,Amato,2022,https://doi.org/10.1016/j.scitotenv.2022.153450,,,o,,0.42975,,17.19,fiber,2020-09-15,2020-10-01,-46.66666666666666,-23.55,,,,47.0,,,,1.406254172691243e-07,,40.0,,,,land,SAM,,
793,Amato,2022,https://doi.org/10.1016/j.scitotenv.2022.153450,,,o,,6.459000000000001,,258.36,fiber,2020-10-01,2020-10-15,-46.66666666666666,-23.55,,,,185.0,,,,0.001879255769002821,,40.0,,,,land,SAM,,
794,Amato,2022,https://doi.org/10.1016/j.scitotenv.2022.153450,,,o,,3.9875,,159.5,fiber,2020-10-15,2020-11-01,-46.66666666666666,-23.55,,,,68.0,,,,0.0001625284190882344,,40.0,,,,land,SAM,,
795,Amato,2022,https://doi.org/10.1016/j.scitotenv.2022.153450,,,o,,6.8175,,272.7,fiber,2020-11-01,2020-11-15,-46.66666666666666,-23.55,,,,142.0,,,,0.001696219666795166,,40.0,,,,land,SAM,,
796,Amato,2022,https://doi.org/10.1016/j.scitotenv.2022.153450,,,o,,4.13125,,165.25,fiber,2020-11-15,2020-12-01,-46.66666666666666,-23.55,,,,99.0,,,,0.0002631467042919096,,40.0,,,,land,SAM,,
797,Amato,2022,https://doi.org/10.1016/j.scitotenv.2022.153450,,,o,,4.16425,,166.57,fiber,2020-12-01,2020-12-15,-46.66666666666666,-23.55,,,,158.0,,,,0.0004301161802488188,,40.0,,,,land,SAM,,
798,Amato,2022,https://doi.org/10.1016/j.scitotenv.2022.153450,,,o,,,,155.27,sphere,2019-10-15,2019-11-01,-46.66666666666666,-23.55,,,,19.0,,,,0.04468853609806535,,,,,,land,SAM,,
799,Amato,2022,https://doi.org/10.1016/j.scitotenv.2022.153450,,,o,,,,95.54,sphere,2019-11-01,2019-11-15,-46.66666666666666,-23.55,,,,8.0,,,,0.004383545978640278,,,,,,land,SAM,,
800,Amato,2022,https://doi.org/10.1016/j.scitotenv.2022.153450,,,o,,,,103.78,sphere,2019-11-15,2019-12-01,-46.66666666666666,-23.55,,,,4.0,,,,0.002809188350516067,,,,,,land,SAM,,
801,Amato,2022,https://doi.org/10.1016/j.scitotenv.2022.153450,,,o,,,,184.09,sphere,2019-12-01,2019-12-15,-46.66666666666666,-23.55,,,,7.0,,,,0.02743901401685515,,,,,,land,SAM,,
802,Amato,2022,https://doi.org/10.1016/j.scitotenv.2022.153450,,,o,,,,152.94,sphere,2019-12-15,2020-01-01,-46.66666666666666,-23.55,,,,4.0,,,,0.008990898963454612,,,,,,land,SAM,,
803,Amato,2022,https://doi.org/10.1016/j.scitotenv.2022.153450,,,o,,,,105.41,sphere,2020-01-01,2020-01-15,-46.66666666666666,-23.55,,,,12.0,,,,0.008830932280209973,,,,,,land,SAM,,
804,Amato,2022,https://doi.org/10.1016/j.scitotenv.2022.153450,,,o,,,,76.23,sphere,2020-01-15,2020-02-01,-46.66666666666666,-23.55,,,,5.0,,,,0.001391642335328628,,,,,,land,SAM,,
805,Amato,2022,https://doi.org/10.1016/j.scitotenv.2022.153450,,,o,,,,83.16,sphere,2020-02-01,2020-02-15,-46.66666666666666,-23.55,,,,13.0,,,,0.004697498635735879,,,,,,land,SAM,,
806,Amato,2022,https://doi.org/10.1016/j.scitotenv.2022.153450,,,o,,,,207.42,sphere,2020-02-15,2020-02-29,-46.66666666666666,-23.55,,,,10.0,,,,0.05607015519043862,,,,,,land,SAM,,
807,Amato,2022,https://doi.org/10.1016/j.scitotenv.2022.153450,,,o,,,,163.61,sphere,2020-07-01,2020-07-15,-46.66666666666666,-23.55,,,,17.0,,,,0.04677979600859054,,,,,,land,SAM,,
808,Amato,2022,https://doi.org/10.1016/j.scitotenv.2022.153450,,,o,,,,141.79,sphere,2020-07-15,2020-08-01,-46.66666666666666,-23.55,,,,15.0,,,,0.0268663046396216,,,,,,land,SAM,,
809,Amato,2022,https://doi.org/10.1016/j.scitotenv.2022.153450,,,o,,,,80.4,sphere,2020-08-01,2020-08-15,-46.66666666666666,-23.55,,,,29.0,,,,0.009469913508936756,,,,,,land,SAM,,
810,Amato,2022,https://doi.org/10.1016/j.scitotenv.2022.153450,,,o,,,,80.8,sphere,2020-08-15,2020-09-01,-46.66666666666666,-23.55,,,,25.0,,,,0.008286172294620715,,,,,,land,SAM,,
811,Amato,2022,https://doi.org/10.1016/j.scitotenv.2022.153450,,,o,,,,73.69,sphere,2020-09-01,2020-09-15,-46.66666666666666,-23.55,,,,29.0,,,,0.007291275961916342,,,,,,land,SAM,,
812,Amato,2022,https://doi.org/10.1016/j.scitotenv.2022.153450,,,o,,,,139.21,sphere,2020-09-15,2020-10-01,-46.66666666666666,-23.55,,,,75.0,,,,0.1271312836669153,,,,,,land,SAM,,
813,Amato,2022,https://doi.org/10.1016/j.scitotenv.2022.153450,,,o,,,,142.15,sphere,2020-10-01,2020-10-15,-46.66666666666666,-23.55,,,,35.0,,,,0.0631667459647029,,,,,,land,SAM,,
814,Amato,2022,https://doi.org/10.1016/j.scitotenv.2022.153450,,,o,,,,179.13,sphere,2020-10-15,2020-11-01,-46.66666666666666,-23.55,,,,12.0,,,,0.0433377232714278,,,,,,land,SAM,,
815,Amato,2022,https://doi.org/10.1016/j.scitotenv.2022.153450,,,o,,,,188.12,sphere,2020-11-01,2020-11-15,-46.66666666666666,-23.55,,,,10.0,,,,0.04182970276634164,,,,,,land,SAM,,
816,Amato,2022,https://doi.org/10.1016/j.scitotenv.2022.153450,,,o,,,,215.01,sphere,2020-11-15,2020-12-01,-46.66666666666666,-23.55,,,,5.0,,,,0.03122668269486869,,,,,,land,SAM,,
817,Amato,2022,https://doi.org/10.1016/j.scitotenv.2022.153450,,,o,,,,194.31,sphere,2020-12-01,2020-12-15,-46.66666666666666,-23.55,,,,21.0,,,,0.09680206423174327,,,,,,land,SAM,,
818,Jia,2022,https://doi.org/10.1016/j.scitotenv.2022.157609,o,,,,7.72325,<500,308.93,fiber,2021-04-19,2021-04-20,121.45,31.2,,1860.93268,,,,0.03231835536205894,,,,40.0,,,,land,EAS,,
819,Jia,2022,https://doi.org/10.1016/j.scitotenv.2022.157609,o,,,,7.72325,,308.93,fiber,2021-05-24,2021-05-25,121.45,31.2,,2774.077995,,,,0.04817672310665099,,,,40.0,,,,land,EAS,,
820,Jia,2022,https://doi.org/10.1016/j.scitotenv.2022.157609,o,,,,7.72325,,308.93,fiber,2021-06-22,2021-06-23,121.45,31.2,,1200.02709,,,,0.02084057223322957,,,,40.0,,,,land,EAS,,
821,Jia,2022,https://doi.org/10.1016/j.scitotenv.2022.157609,,o,,,7.72325,,308.93,fiber,2021-07-08,2021-07-09,121.45,31.2,,,4167.924045000001,,,,0.07238330104900954,,,40.0,,,,land,EAS,,
822,Jia,2022,https://doi.org/10.1016/j.scitotenv.2022.157609,,o,,,7.72325,,308.93,fiber,2021-05-11,2021-05-12,121.45,31.2,,,2642.22491,,,,0.04588686334847115,,,40.0,,,,land,EAS,,
823,Jia,2022,https://doi.org/10.1016/j.scitotenv.2022.157609,,o,,,7.72325,,308.93,fiber,2021-06-10,2021-06-11,121.45,31.2,,,1746.59185,,,,0.03033262658420074,,,40.0,,,,land,EAS,,
824,Jia,2022,https://doi.org/10.1016/j.scitotenv.2022.157609,o,,,,,<500,308.93,sphere,2021-04-19,2021-04-20,121.45,31.2,,190.015016,,,,3.520043611408521,,,,,,,,land,EAS,,
825,Jia,2022,https://doi.org/10.1016/j.scitotenv.2022.157609,o,,,,,,308.93,sphere,2021-05-24,2021-05-25,121.45,31.2,,283.253919,,,,5.247301865776633,,,,,,,,land,EAS,,
826,Jia,2022,https://doi.org/10.1016/j.scitotenv.2022.157609,o,,,,,,308.93,sphere,2021-06-22,2021-06-23,121.45,31.2,,122.531658,,,,2.269908920978086,,,,,,,,land,EAS,,
827,Jia,2022,https://doi.org/10.1016/j.scitotenv.2022.157609,,o,,,,,308.93,sphere,2021-07-08,2021-07-09,121.45,31.2,,,425.575929,,,,7.883828665655015,,,,,,,land,EAS,,
828,Jia,2022,https://doi.org/10.1016/j.scitotenv.2022.157609,,o,,,,,308.93,sphere,2021-05-11,2021-05-12,121.45,31.2,,,269.790742,,,,4.997895417877209,,,,,,,land,EAS,,
829,Jia,2022,https://doi.org/10.1016/j.scitotenv.2022.157609,,o,,,,,308.93,sphere,2021-06-10,2021-06-11,121.45,31.2,,,178.33997,,,,3.303762435581866,,,,,,,land,EAS,,
830,Jia,2022,https://doi.org/10.1016/j.scitotenv.2022.157609,o,,,,,<500,308.93,film,2021-04-19,2021-04-20,121.45,31.2,,479.212304,,,,0.003488079478501747,,,,61.786,308.93,218.4464979119601,5.0,land,EAS,,
831,Jia,2022,https://doi.org/10.1016/j.scitotenv.2022.157609,o,,,,,,308.93,film,2021-05-24,2021-05-25,121.45,31.2,,714.3580860000001,,,,0.005199653179352395,,,,61.786,308.93,218.4464979119601,5.0,land,EAS,,
832,Jia,2022,https://doi.org/10.1016/j.scitotenv.2022.157609,o,,,,,,308.93,film,2021-06-22,2021-06-23,121.45,31.2,,309.021252,,,,0.002249296769980507,,,,61.786,308.93,218.4464979119601,5.0,land,EAS,,
833,Jia,2022,https://doi.org/10.1016/j.scitotenv.2022.157609,,o,,,,,308.93,film,2021-07-08,2021-07-09,121.45,31.2,,,1073.290026,,,,0.007812238715329827,,,61.786,308.93,218.4464979119601,5.0,land,EAS,,
834,Jia,2022,https://doi.org/10.1016/j.scitotenv.2022.157609,,o,,,,,308.93,film,2021-05-11,2021-05-12,121.45,31.2,,,680.404348,,,,0.004952511493407234,,,61.786,308.93,218.4464979119601,5.0,land,EAS,,
835,Jia,2022,https://doi.org/10.1016/j.scitotenv.2022.157609,,o,,,,,308.93,film,2021-06-10,2021-06-11,121.45,31.2,,,449.76818,,,,0.003273762267049553,,,61.786,308.93,218.4464979119601,5.0,land,EAS,,
836,Welsh,2022,https://doi.org/10.1016/j.scitotenv.2022.155426,,,o,,19.25,<600,770.0,fiber,2019-03-01,2020-03-10,-78.933167,45.224194,,,,8.01,,,,0.002153986751286563,,40.0,,,,land,NAM,,
837,Welsh,2022,https://doi.org/10.1016/j.scitotenv.2022.155426,,,o,,19.25,,770.0,fiber,2019-02-20,2020-02-25,-79.003194,45.399111,,,,4.45,,,,0.001196659306270313,,40.0,,,,land,NAM,,
838,Welsh,2022,https://doi.org/10.1016/j.scitotenv.2022.155426,,,o,,19.25,,770.0,fiber,2019-02-20,2020-03-11,-79.097861,45.130417,,,,7.12,,,,0.0019146548900325,,40.0,,,,land,NAM,,
839,Welsh,2022,https://doi.org/10.1016/j.scitotenv.2022.155426,,,o,,19.25,,770.0,fiber,2019-04-11,2020-03-04,-78.824611,45.181667,,,,2.67,,,,0.0007179955837621875,,40.0,,,,land,NAM,,
840,Welsh,2022,https://doi.org/10.1016/j.scitotenv.2022.155426,,,o,,19.25,,770.0,fiber,2019-04-11,2020-03-04,-78.824639,45.181611,,,,4.45,,,,0.001196659306270313,,40.0,,,,land,NAM,,
841,Welsh,2022,https://doi.org/10.1016/j.scitotenv.2022.155426,,o,,,19.25,,770.0,fiber,2019-08-09,2020-01-13,-78.932861,45.224417,,,5.34,,,,0.001435991167524375,,,40.0,,,,land,NAM,,
842,Welsh,2022,https://doi.org/10.1016/j.scitotenv.2022.155426,,,o,,95.0,<200,190.0,fragment,2019-03-01,2020-03-10,-78.933167,45.224194,,,,0.99,,,,0.001599905476125,,2.0,,,,land,NAM,,
843,Welsh,2022,https://doi.org/10.1016/j.scitotenv.2022.155426,,,o,,95.0,,190.0,fragment,2019-02-20,2020-02-25,-79.003194,45.399111,,,,0.55,,,,0.0008888363756250001,,2.0,,,,land,NAM,,
844,Welsh,2022,https://doi.org/10.1016/j.scitotenv.2022.155426,,,o,,95.0,,190.0,fragment,2019-02-20,2020-03-11,-79.097861,45.130417,,,,0.88,,,,0.001422138201,,2.0,,,,land,NAM,,
845,Welsh,2022,https://doi.org/10.1016/j.scitotenv.2022.155426,,,o,,95.0,,190.0,fragment,2019-04-11,2020-03-04,-78.824611,45.181667,,,,0.33,,,,0.000533301825375,,2.0,,,,land,NAM,,
846,Welsh,2022,https://doi.org/10.1016/j.scitotenv.2022.155426,,,o,,95.0,,190.0,fragment,2019-04-11,2020-03-04,-78.824639,45.181611,,,,0.55,,,,0.0008888363756250001,,2.0,,,,land,NAM,,
847,Welsh,2022,https://doi.org/10.1016/j.scitotenv.2022.155426,,o,,,95.0,,190.0,fragment,2019-08-09,2020-01-13,-78.932861,45.224417,,,0.66,,,,0.00106660365075,,,2.0,,,,land,NAM,,
848,Liu,2022,https://doi.org/10.1016/j.ecoenv.2022.113353,,o,,,3.061862178478973,50-300,122.4744871391589,fiber,2020-02-01,2020-04-30,103.7,36.0,,,10.26,,,,1.110254610888864e-05,,,40.0,,,,land,EAS,,
849,Liu,2022,https://doi.org/10.1016/j.ecoenv.2022.113353,,o,,,3.061862178478973,,122.4744871391589,fiber,2020-05-01,2020-06-30,103.7,36.0,,,127.49,,,,0.0001379594155382273,,,40.0,,,,land,EAS,,
850,Liu,2022,https://doi.org/10.1016/j.ecoenv.2022.113353,,o,,,3.061862178478973,,122.4744871391589,fiber,2020-07-01,2020-08-31,103.7,36.0,,,188.67,,,,0.0002041634867801188,,,40.0,,,,land,EAS,,
851,Liu,2022,https://doi.org/10.1016/j.ecoenv.2022.113353,,o,,,61.23724356957946,,122.4744871391589,fragment,2020-02-01,2020-04-30,103.7,36.0,,,9.5904,,,,0.004151183555660258,,,2.0,,,,land,EAS,,
852,Liu,2022,https://doi.org/10.1016/j.ecoenv.2022.113353,,o,,,61.23724356957946,,122.4744871391589,fragment,2020-05-01,2020-06-30,103.7,36.0,,,119.1696,,,,0.05158229936755615,,,2.0,,,,land,EAS,,
853,Liu,2022,https://doi.org/10.1016/j.ecoenv.2022.113353,,o,,,61.23724356957946,,122.4744871391589,fragment,2020-07-01,2020-08-31,103.7,36.0,,,176.3568,,,,0.07633565316241916,,,2.0,,,,land,EAS,,
854,Abbasi,2021,https://doi.org/10.1016/j.scitotenv.2021.147358,o,,,,0.7905694150420948,<100,31.62277660168379,fiber,2019-10-01,2019-10-31,52.46666666666667,29.61666666666667,,109.35483870967742,,,,2.0369311066530415e-06,,,,40.0,,,,land,WAS,adjusted parts and mg from per month to per day,
855,Abbasi,2021,https://doi.org/10.1016/j.scitotenv.2021.147358,o,,,,0.7905694150420948,,31.62277660168379,fiber,2019-11-01,2019-11-30,52.46666666666667,29.61666666666667,,74.53333333333333,,,,1.3883177639013e-06,,,,40.0,,,,land,WAS,adjusted parts and mg from per month to per day,
856,Abbasi,2021,https://doi.org/10.1016/j.scitotenv.2021.147358,o,,,,0.7905694150420948,,31.62277660168379,fiber,2019-12-01,2019-12-31,52.46666666666667,29.61666666666667,,41.61290322580645,,,,7.751153768679716e-07,,,,40.0,,,,land,WAS,adjusted parts and mg from per month to per day,
857,Abbasi,2021,https://doi.org/10.1016/j.scitotenv.2021.147358,o,,,,0.7905694150420948,,31.62277660168379,fiber,2020-01-01,2020-01-31,52.46666666666667,29.61666666666667,,32.193548387096776,,,,5.996629039645239e-07,,,,40.0,,,,land,WAS,adjusted parts and mg from per month to per day,
858,Abbasi,2021,https://doi.org/10.1016/j.scitotenv.2021.147358,o,,,,0.7905694150420948,,31.62277660168379,fiber,2020-02-01,2020-02-29,52.46666666666667,29.61666666666667,,30.137931034482758,,,,5.61373323198632e-07,,,,40.0,,,,land,WAS,adjusted parts and mg from per month to per day,
859,Abbasi,2021,https://doi.org/10.1016/j.scitotenv.2021.147358,o,,,,0.7905694150420948,,31.62277660168379,fiber,2020-03-01,2020-03-31,52.46666666666667,29.61666666666667,,26.516129032258064,,,,4.939107285158703e-07,,,,40.0,,,,land,WAS,adjusted parts and mg from per month to per day,
860,Abbasi,2021,https://doi.org/10.1016/j.scitotenv.2021.147358,o,,,,0.7905694150420948,,31.62277660168379,fiber,2020-04-01,2020-04-30,52.46666666666667,29.61666666666667,,35.36666666666667,,,,6.58767955053345e-07,,,,40.0,,,,land,WAS,adjusted parts and mg from per month to per day,
861,Abbasi,2021,https://doi.org/10.1016/j.scitotenv.2021.147358,o,,,,0.7905694150420948,,31.62277660168379,fiber,2020-05-01,2020-05-31,52.46666666666667,29.61666666666667,,37.58064516129032,,,,7.000072977140984e-07,,,,40.0,,,,land,WAS,adjusted parts and mg from per month to per day,
862,Abbasi,2021,https://doi.org/10.1016/j.scitotenv.2021.147358,o,,,,0.7905694150420948,,31.62277660168379,fiber,2020-06-01,2020-06-30,52.46666666666667,29.61666666666667,,63.8,,,,1.1883900716042435e-06,,,,40.0,,,,land,WAS,adjusted parts and mg from per month to per day,
863,Abbasi,2021,https://doi.org/10.1016/j.scitotenv.2021.147358,o,,,,0.7905694150420948,,31.62277660168379,fiber,2020-07-01,2020-07-31,52.46666666666667,29.61666666666667,,74.12903225806451,,,,1.3807869271648052e-06,,,,40.0,,,,land,WAS,adjusted parts and mg from per month to per day,
864,Abbasi,2021,https://doi.org/10.1016/j.scitotenv.2021.147358,o,,,,0.7905694150420948,,31.62277660168379,fiber,2020-08-01,2020-08-31,52.46666666666667,29.61666666666667,,108.70967741935483,,,,2.0249138139884217e-06,,,,40.0,,,,land,WAS,adjusted parts and mg from per month to per day,
865,Abbasi,2021,https://doi.org/10.1016/j.scitotenv.2021.147358,o,,,,0.7905694150420948,,31.62277660168379,fiber,2020-09-01,2020-09-30,52.46666666666667,29.61666666666667,,116.46666666666667,,,,2.1694017294593665e-06,,,,40.0,,,,land,WAS,adjusted parts and mg from per month to per day,
866,Abbasi,2021,https://doi.org/10.1016/j.scitotenv.2021.147358,o,,,,0.7905694150420948,,31.62277660168379,fiber,2019-10-01,2019-10-31,52.38333333333333,29.68333333333333,,18.774193548387096,,,,3.497032165404335e-07,,,,40.0,,,,land,WAS,adjusted parts and mg from per month to per day,
867,Abbasi,2021,https://doi.org/10.1016/j.scitotenv.2021.147358,o,,,,0.7905694150420948,,31.62277660168379,fiber,2019-11-01,2019-11-30,52.38333333333333,29.68333333333333,,14.566666666666666,,,,2.713304395460054e-07,,,,40.0,,,,land,WAS,adjusted parts and mg from per month to per day,
868,Abbasi,2021,https://doi.org/10.1016/j.scitotenv.2021.147358,o,,,,0.7905694150420948,,31.62277660168379,fiber,2019-12-01,2019-12-31,52.38333333333333,29.68333333333333,,11.741935483870968,,,,2.1871472649607882e-07,,,,40.0,,,,land,WAS,adjusted parts and mg from per month to per day,
869,Abbasi,2021,https://doi.org/10.1016/j.scitotenv.2021.147358,o,,,,0.7905694150420948,,31.62277660168379,fiber,2020-01-01,2020-01-31,52.38333333333333,29.68333333333333,,7.032258064516129,,,,1.3098849004435487e-07,,,,40.0,,,,land,WAS,adjusted parts and mg from per month to per day,
870,Abbasi,2021,https://doi.org/10.1016/j.scitotenv.2021.147358,o,,,,0.7905694150420948,,31.62277660168379,fiber,2020-02-01,2020-02-29,52.38333333333333,29.68333333333333,,6.448275862068965,,,,1.201107682358629e-07,,,,40.0,,,,land,WAS,adjusted parts and mg from per month to per day,
871,Abbasi,2021,https://doi.org/10.1016/j.scitotenv.2021.147358,o,,,,0.7905694150420948,,31.62277660168379,fiber,2020-03-01,2020-03-31,52.38333333333333,29.68333333333333,,6.387096774193548,,,,1.1897119737973515e-07,,,,40.0,,,,land,WAS,adjusted parts and mg from per month to per day,
872,Abbasi,2021,https://doi.org/10.1016/j.scitotenv.2021.147358,o,,,,0.7905694150420948,,31.62277660168379,fiber,2020-04-01,2020-04-30,52.38333333333333,29.68333333333333,,9.0,,,,1.67641232671445e-07,,,,40.0,,,,land,WAS,adjusted parts and mg from per month to per day,
873,Abbasi,2021,https://doi.org/10.1016/j.scitotenv.2021.147358,o,,,,0.7905694150420948,,31.62277660168379,fiber,2020-05-01,2020-05-31,52.38333333333333,29.68333333333333,,8.387096774193548,,,,1.5622480464005628e-07,,,,40.0,,,,land,WAS,adjusted parts and mg from per month to per day,
874,Abbasi,2021,https://doi.org/10.1016/j.scitotenv.2021.147358,o,,,,0.7905694150420948,,31.62277660168379,fiber,2020-06-01,2020-06-30,52.38333333333333,29.68333333333333,,11.8,,,,2.1979628283589458e-07,,,,40.0,,,,land,WAS,adjusted parts and mg from per month to per day,
875,Abbasi,2021,https://doi.org/10.1016/j.scitotenv.2021.147358,o,,,,0.7905694150420948,,31.62277660168379,fiber,2020-07-01,2020-07-31,52.38333333333333,29.68333333333333,,14.096774193548388,,,,2.625778447219407e-07,,,,40.0,,,,land,WAS,adjusted parts and mg from per month to per day,
876,Abbasi,2021,https://doi.org/10.1016/j.scitotenv.2021.147358,o,,,,0.7905694150420948,,31.62277660168379,fiber,2020-08-01,2020-08-31,52.38333333333333,29.68333333333333,,17.096774193548388,,,,3.1845825561242243e-07,,,,40.0,,,,land,WAS,adjusted parts and mg from per month to per day,
877,Abbasi,2021,https://doi.org/10.1016/j.scitotenv.2021.147358,o,,,,0.7905694150420948,,31.62277660168379,fiber,2020-09-01,2020-09-30,52.38333333333333,29.68333333333333,,18.366666666666667,,,,3.4211229334061566e-07,,,,40.0,,,,land,WAS,adjusted parts and mg from per month to per day,
878,Abbasi,2021,https://doi.org/10.1016/j.scitotenv.2021.147358,,o,,,0.7905694150420948,,31.62277660168379,fiber,2019-10-01,2019-10-31,52.46666666666667,29.61666666666667,,,0.0,,,,0.0,,,40.0,,,,land,WAS,adjusted parts and mg from per month to per day,
879,Abbasi,2021,https://doi.org/10.1016/j.scitotenv.2021.147358,,o,,,0.7905694150420948,,31.62277660168379,fiber,2019-11-01,2019-11-30,52.46666666666667,29.61666666666667,,,0.0,,,,0.0,,,40.0,,,,land,WAS,adjusted parts and mg from per month to per day,
880,Abbasi,2021,https://doi.org/10.1016/j.scitotenv.2021.147358,,o,,,0.7905694150420948,,31.62277660168379,fiber,2019-12-01,2019-12-31,52.46666666666667,29.61666666666667,,,15.096774193548388,,,,2.8120464835210125e-07,,,40.0,,,,land,WAS,adjusted parts and mg from per month to per day,
881,Abbasi,2021,https://doi.org/10.1016/j.scitotenv.2021.147358,,o,,,0.7905694150420948,,31.62277660168379,fiber,2020-01-01,2020-01-31,52.46666666666667,29.61666666666667,,,1.3548387096774193,,,,2.52363145957014e-08,,,40.0,,,,land,WAS,adjusted parts and mg from per month to per day,
882,Abbasi,2021,https://doi.org/10.1016/j.scitotenv.2021.147358,,o,,,0.7905694150420948,,31.62277660168379,fiber,2020-02-01,2020-02-29,52.46666666666667,29.61666666666667,,,3.586206896551724,,,,6.679957163919648e-08,,,40.0,,,,land,WAS,adjusted parts and mg from per month to per day,
883,Abbasi,2021,https://doi.org/10.1016/j.scitotenv.2021.147358,,o,,,0.7905694150420948,,31.62277660168379,fiber,2020-03-01,2020-03-31,52.46666666666667,29.61666666666667,,,7.032258064516129,,,,1.3098849004435487e-07,,,40.0,,,,land,WAS,adjusted parts and mg from per month to per day,
884,Abbasi,2021,https://doi.org/10.1016/j.scitotenv.2021.147358,,o,,,0.7905694150420948,,31.62277660168379,fiber,2020-04-01,2020-04-30,52.46666666666667,29.61666666666667,,,5.9,,,,1.098981414179473e-07,,,40.0,,,,land,WAS,adjusted parts and mg from per month to per day,
885,Abbasi,2021,https://doi.org/10.1016/j.scitotenv.2021.147358,,o,,,0.7905694150420948,,31.62277660168379,fiber,2020-05-01,2020-05-31,52.46666666666667,29.61666666666667,,,4.709677419354839,,,,8.77262364517239e-08,,,40.0,,,,land,WAS,adjusted parts and mg from per month to per day,
886,Abbasi,2021,https://doi.org/10.1016/j.scitotenv.2021.147358,,o,,,0.7905694150420948,,31.62277660168379,fiber,2020-06-01,2020-06-30,52.46666666666667,29.61666666666667,,,0.0,,,,0.0,,,40.0,,,,land,WAS,adjusted parts and mg from per month to per day,
887,Abbasi,2021,https://doi.org/10.1016/j.scitotenv.2021.147358,,o,,,0.7905694150420948,,31.62277660168379,fiber,2020-07-01,2020-07-31,52.46666666666667,29.61666666666667,,,0.0,,,,0.0,,,40.0,,,,land,WAS,adjusted parts and mg from per month to per day,
888,Abbasi,2021,https://doi.org/10.1016/j.scitotenv.2021.147358,,o,,,0.7905694150420948,,31.62277660168379,fiber,2020-08-01,2020-08-31,52.46666666666667,29.61666666666667,,,0.0,,,,0.0,,,40.0,,,,land,WAS,adjusted parts and mg from per month to per day,
889,Abbasi,2021,https://doi.org/10.1016/j.scitotenv.2021.147358,,o,,,0.7905694150420948,,31.62277660168379,fiber,2020-09-01,2020-09-30,52.46666666666667,29.61666666666667,,,0.0,,,,0.0,,,40.0,,,,land,WAS,adjusted parts and mg from per month to per day,
890,Abbasi,2021,https://doi.org/10.1016/j.scitotenv.2021.147358,,o,,,0.7905694150420948,,31.62277660168379,fiber,2019-10-01,2019-10-31,52.38333333333333,29.68333333333333,,,0.0,,,,0.0,,,40.0,,,,land,WAS,adjusted parts and mg from per month to per day,
891,Abbasi,2021,https://doi.org/10.1016/j.scitotenv.2021.147358,,o,,,0.7905694150420948,,31.62277660168379,fiber,2019-11-01,2019-11-30,52.38333333333333,29.68333333333333,,,0.0,,,,0.0,,,40.0,,,,land,WAS,adjusted parts and mg from per month to per day,
892,Abbasi,2021,https://doi.org/10.1016/j.scitotenv.2021.147358,,o,,,0.7905694150420948,,31.62277660168379,fiber,2019-12-01,2019-12-31,52.38333333333333,29.68333333333333,,,3.032258064516129,,,,5.648127552371264e-08,,,40.0,,,,land,WAS,adjusted parts and mg from per month to per day,
893,Abbasi,2021,https://doi.org/10.1016/j.scitotenv.2021.147358,,o,,,0.7905694150420948,,31.62277660168379,fiber,2020-01-01,2020-01-31,52.38333333333333,29.68333333333333,,,0.3225806451612903,,,,6.008646332309858e-09,,,40.0,,,,land,WAS,adjusted parts and mg from per month to per day,
894,Abbasi,2021,https://doi.org/10.1016/j.scitotenv.2021.147358,,o,,,0.7905694150420948,,31.62277660168379,fiber,2020-02-01,2020-02-29,52.38333333333333,29.68333333333333,,,1.0689655172413792,,,,1.991141077706818e-08,,,40.0,,,,land,WAS,adjusted parts and mg from per month to per day,
895,Abbasi,2021,https://doi.org/10.1016/j.scitotenv.2021.147358,,o,,,0.7905694150420948,,31.62277660168379,fiber,2020-03-01,2020-03-31,52.38333333333333,29.68333333333333,,,3.032258064516129,,,,5.648127552371264e-08,,,40.0,,,,land,WAS,adjusted parts and mg from per month to per day,
896,Abbasi,2021,https://doi.org/10.1016/j.scitotenv.2021.147358,,o,,,0.7905694150420948,,31.62277660168379,fiber,2020-04-01,2020-04-30,52.38333333333333,29.68333333333333,,,2.433333333333333,,,,4.532522216672404e-08,,,40.0,,,,land,WAS,adjusted parts and mg from per month to per day,
897,Abbasi,2021,https://doi.org/10.1016/j.scitotenv.2021.147358,,o,,,0.7905694150420948,,31.62277660168379,fiber,2020-05-01,2020-05-31,52.38333333333333,29.68333333333333,,,1.6774193548387097,,,,3.1244960928011256e-08,,,40.0,,,,land,WAS,adjusted parts and mg from per month to per day,
898,Abbasi,2021,https://doi.org/10.1016/j.scitotenv.2021.147358,,o,,,0.7905694150420948,,31.62277660168379,fiber,2020-06-01,2020-06-30,52.38333333333333,29.68333333333333,,,0.0,,,,0.0,,,40.0,,,,land,WAS,adjusted parts and mg from per month to per day,
899,Abbasi,2021,https://doi.org/10.1016/j.scitotenv.2021.147358,,o,,,0.7905694150420948,,31.62277660168379,fiber,2020-07-01,2020-07-31,52.38333333333333,29.68333333333333,,,0.0,,,,0.0,,,40.0,,,,land,WAS,adjusted parts and mg from per month to per day,
900,Abbasi,2021,https://doi.org/10.1016/j.scitotenv.2021.147358,,o,,,0.7905694150420948,,31.62277660168379,fiber,2020-08-01,2020-08-31,52.38333333333333,29.68333333333333,,,0.0,,,,0.0,,,40.0,,,,land,WAS,adjusted parts and mg from per month to per day,
901,Abbasi,2021,https://doi.org/10.1016/j.scitotenv.2021.147358,,o,,,0.7905694150420948,,31.62277660168379,fiber,2020-09-01,2020-09-30,52.38333333333333,29.68333333333333,,,0.0,,,,0.0,,,40.0,,,,land,WAS,adjusted parts and mg from per month to per day,
902,Szewc,2021,https://doi.org/10.1016/j.scitotenv.2020.143272,,,o,,15.30931089239486,75-5000,612.3724356957945,fiber,2017-01-12,2017-01-19,18.53333333333333,54.5,,,,2.0,,,,0.0002705298759475788,,40.0,,,,coastal,EUR,,
903,Szewc,2021,https://doi.org/10.1016/j.scitotenv.2020.143272,,,o,,15.30931089239486,,612.3724356957945,fiber,2017-02-02,2017-02-09,18.53333333333333,54.5,,,,2.0,,,,0.0002705298759475788,,40.0,,,,coastal,EUR,,
904,Szewc,2021,https://doi.org/10.1016/j.scitotenv.2020.143272,,,o,,15.30931089239486,,612.3724356957945,fiber,2017-02-16,2017-02-23,18.53333333333333,54.5,,,,12.0,,,,0.001623179255685473,,40.0,,,,coastal,EUR,,
905,Szewc,2021,https://doi.org/10.1016/j.scitotenv.2020.143272,,,o,,15.30931089239486,,612.3724356957945,fiber,2017-02-23,2017-03-02,18.53333333333333,54.5,,,,6.0,,,,0.0008115896278427365,,40.0,,,,coastal,EUR,,
906,Szewc,2021,https://doi.org/10.1016/j.scitotenv.2020.143272,,,o,,15.30931089239486,,612.3724356957945,fiber,2017-03-02,2017-03-09,18.53333333333333,54.5,,,,10.0,,,,0.001352649379737894,,40.0,,,,coastal,EUR,,
907,Szewc,2021,https://doi.org/10.1016/j.scitotenv.2020.143272,,,o,,15.30931089239486,,612.3724356957945,fiber,2017-03-16,2017-03-23,18.53333333333333,54.5,,,,14.0,,,,0.001893709131633052,,40.0,,,,coastal,EUR,,
908,Szewc,2021,https://doi.org/10.1016/j.scitotenv.2020.143272,,,o,,15.30931089239486,,612.3724356957945,fiber,2017-03-23,2017-03-30,18.53333333333333,54.5,,,,7.0,,,,0.0009468545658165259,,40.0,,,,coastal,EUR,,
909,Szewc,2021,https://doi.org/10.1016/j.scitotenv.2020.143272,,,o,,15.30931089239486,,612.3724356957945,fiber,2017-04-13,2017-04-20,18.53333333333333,54.5,,,,2.0,,,,0.0002705298759475788,,40.0,,,,coastal,EUR,,
910,Szewc,2021,https://doi.org/10.1016/j.scitotenv.2020.143272,,,o,,15.30931089239486,,612.3724356957945,fiber,2017-04-20,2017-04-27,18.53333333333333,54.5,,,,0.0,,,,0.0,,40.0,,,,coastal,EUR,,
911,Szewc,2021,https://doi.org/10.1016/j.scitotenv.2020.143272,,,o,,15.30931089239486,,612.3724356957945,fiber,2017-04-27,2017-05-04,18.53333333333333,54.5,,,,13.0,,,,0.001758444193659262,,40.0,,,,coastal,EUR,,
912,Szewc,2021,https://doi.org/10.1016/j.scitotenv.2020.143272,,,o,,15.30931089239486,,612.3724356957945,fiber,2017-05-04,2017-05-11,18.53333333333333,54.5,,,,1.0,,,,0.0001352649379737894,,40.0,,,,coastal,EUR,,
913,Szewc,2021,https://doi.org/10.1016/j.scitotenv.2020.143272,,,o,,15.30931089239486,,612.3724356957945,fiber,2017-06-01,2017-06-08,18.53333333333333,54.5,,,,5.0,,,,0.0006763246898689471,,40.0,,,,coastal,EUR,,
914,Szewc,2021,https://doi.org/10.1016/j.scitotenv.2020.143272,,,o,,15.30931089239486,,612.3724356957945,fiber,2017-06-08,2017-06-15,18.53333333333333,54.5,,,,3.0,,,,0.0004057948139213682,,40.0,,,,coastal,EUR,,
915,Szewc,2021,https://doi.org/10.1016/j.scitotenv.2020.143272,,,o,,15.30931089239486,,612.3724356957945,fiber,2017-06-15,2017-06-29,18.53333333333333,54.5,,,,7.0,,,,0.0009468545658165259,,40.0,,,,coastal,EUR,,
916,Szewc,2021,https://doi.org/10.1016/j.scitotenv.2020.143272,,,o,,15.30931089239486,,612.3724356957945,fiber,2017-07-06,2017-07-13,18.53333333333333,54.5,,,,7.0,,,,0.0009468545658165259,,40.0,,,,coastal,EUR,,
917,Szewc,2021,https://doi.org/10.1016/j.scitotenv.2020.143272,,,o,,15.30931089239486,,612.3724356957945,fiber,2017-07-20,2017-07-27,18.53333333333333,54.5,,,,5.0,,,,0.0006763246898689471,,40.0,,,,coastal,EUR,,
918,Szewc,2021,https://doi.org/10.1016/j.scitotenv.2020.143272,,,o,,15.30931089239486,,612.3724356957945,fiber,2017-07-27,2017-08-03,18.53333333333333,54.5,,,,16.0,,,,0.002164239007580631,,40.0,,,,coastal,EUR,,
919,Szewc,2021,https://doi.org/10.1016/j.scitotenv.2020.143272,,o,,,15.30931089239486,,612.3724356957945,fiber,2017-12-12,2017-12-14,18.53333333333333,54.5,,,18.0,,,,0.002434768883528209,,,40.0,,,,coastal,EUR,,
920,Szewc,2021,https://doi.org/10.1016/j.scitotenv.2020.143272,,o,,,15.30931089239486,,612.3724356957945,fiber,2018-01-04,2018-01-07,18.53333333333333,54.5,,,10.0,,,,0.001352649379737894,,,40.0,,,,coastal,EUR,,
921,Szewc,2021,https://doi.org/10.1016/j.scitotenv.2020.143272,,o,,,15.30931089239486,,612.3724356957945,fiber,2018-01-15,2018-01-22,18.53333333333333,54.5,,,4.0,,,,0.0005410597518951577,,,40.0,,,,coastal,EUR,,
922,Szewc,2021,https://doi.org/10.1016/j.scitotenv.2020.143272,,o,,,15.30931089239486,,612.3724356957945,fiber,2018-02-23,2018-03-02,18.53333333333333,54.5,,,1.0,,,,0.0001352649379737894,,,40.0,,,,coastal,EUR,,
923,Szewc,2021,https://doi.org/10.1016/j.scitotenv.2020.143272,,o,,,15.30931089239486,,612.3724356957945,fiber,2018-03-07,2018-03-15,18.53333333333333,54.5,,,2.0,,,,0.0002705298759475788,,,40.0,,,,coastal,EUR,,
924,Szewc,2021,https://doi.org/10.1016/j.scitotenv.2020.143272,,o,,,15.30931089239486,,612.3724356957945,fiber,2018-04-23,2018-04-26,18.53333333333333,54.5,,,1.0,,,,0.0001352649379737894,,,40.0,,,,coastal,EUR,,
925,Szewc,2021,https://doi.org/10.1016/j.scitotenv.2020.143272,,o,,,15.30931089239486,,612.3724356957945,fiber,2018-05-10,2018-05-12,18.53333333333333,54.5,,,3.0,,,,0.0004057948139213682,,,40.0,,,,coastal,EUR,,
926,Szewc,2021,https://doi.org/10.1016/j.scitotenv.2020.143272,,o,,,15.30931089239486,,612.3724356957945,fiber,2018-06-09,2018-06-13,18.53333333333333,54.5,,,2.0,,,,0.0002705298759475788,,,40.0,,,,coastal,EUR,,
927,Szewc,2021,https://doi.org/10.1016/j.scitotenv.2020.143272,,o,,,15.30931089239486,,612.3724356957945,fiber,2018-06-22,2018-06-25,18.53333333333333,54.5,,,12.0,,,,0.001623179255685473,,,40.0,,,,coastal,EUR,,
928,Szewc,2021,https://doi.org/10.1016/j.scitotenv.2020.143272,,o,,,15.30931089239486,,612.3724356957945,fiber,2018-09-21,2018-09-22,18.53333333333333,54.5,,,0.0,,,,0.0,,,40.0,,,,coastal,EUR,,
929,Szewc,2021,https://doi.org/10.1016/j.scitotenv.2020.143272,,o,,,15.30931089239486,,612.3724356957945,fiber,2018-10-01,2018-10-03,18.53333333333333,54.5,,,9.0,,,,0.001217384441764105,,,40.0,,,,coastal,EUR,,
930,Szewc,2021,https://doi.org/10.1016/j.scitotenv.2020.143272,,o,,,15.30931089239486,,612.3724356957945,fiber,2018-10-06,2018-10-08,18.53333333333333,54.5,,,15.0,,,,0.002028974069606841,,,40.0,,,,coastal,EUR,,
931,Szewc,2021,https://doi.org/10.1016/j.scitotenv.2020.143272,,o,,,15.30931089239486,,612.3724356957945,fiber,2018-10-22,2018-10-24,18.53333333333333,54.5,,,16.0,,,,0.002164239007580631,,,40.0,,,,coastal,EUR,,
932,Szewc,2021,https://doi.org/10.1016/j.scitotenv.2020.143272,,o,,,15.30931089239486,,612.3724356957945,fiber,2018-11-13,2018-11-14,18.53333333333333,54.5,,,18.0,,,,0.002434768883528209,,,40.0,,,,coastal,EUR,,
933,Szewc,2021,https://doi.org/10.1016/j.scitotenv.2020.143272,,o,,,15.30931089239486,,612.3724356957945,fiber,2018-12-02,2018-12-06,18.53333333333333,54.5,,,5.0,,,,0.0006763246898689471,,,40.0,,,,coastal,EUR,,
934,Szewc,2021,https://doi.org/10.1016/j.scitotenv.2020.143272,o,,,,15.30931089239486,,612.3724356957945,fiber,2018-10-10,2018-10-17,18.53333333333333,54.5,,2.0,,,,0.0002705298759475788,,,,40.0,,,,coastal,EUR,,
935,Szewc,2021,https://doi.org/10.1016/j.scitotenv.2020.143272,o,,,,15.30931089239486,,612.3724356957945,fiber,2018-09-17,2018-09-21,18.53333333333333,54.5,,2.0,,,,0.0002705298759475788,,,,40.0,,,,coastal,EUR,,
936,Szewc,2021,https://doi.org/10.1016/j.scitotenv.2020.143272,o,,,,15.30931089239486,,612.3724356957945,fiber,2018-05-28,2018-06-04,18.53333333333333,54.5,,2.0,,,,0.0002705298759475788,,,,40.0,,,,coastal,EUR,,
937,Szewc,2021,https://doi.org/10.1016/j.scitotenv.2020.143272,o,,,,15.30931089239486,,612.3724356957945,fiber,2018-04-06,2018-04-13,18.53333333333333,54.5,,3.0,,,,0.0004057948139213682,,,,40.0,,,,coastal,EUR,,
938,Szewc,2021,https://doi.org/10.1016/j.scitotenv.2020.143272,o,,,,15.30931089239486,,612.3724356957945,fiber,2018-04-19,2018-04-23,18.53333333333333,54.5,,2.0,,,,0.0002705298759475788,,,,40.0,,,,coastal,EUR,,
939,Szewc,2021,https://doi.org/10.1016/j.scitotenv.2020.143272,o,,,,15.30931089239486,,612.3724356957945,fiber,2018-02-07,2018-02-14,18.53333333333333,54.5,,1.0,,,,0.0001352649379737894,,,,40.0,,,,coastal,EUR,,
940,Szewc,2021,https://doi.org/10.1016/j.scitotenv.2020.143272,o,,,,15.30931089239486,,612.3724356957945,fiber,2018-01-12,2018-01-15,18.53333333333333,54.5,,3.0,,,,0.0004057948139213682,,,,40.0,,,,coastal,EUR,,
941,Szewc,2021,https://doi.org/10.1016/j.scitotenv.2020.143272,o,,,,15.30931089239486,,612.3724356957945,fiber,2017-07-13,2017-07-20,18.53333333333333,54.5,,3.0,,,,0.0004057948139213682,,,,40.0,,,,coastal,EUR,,
942,Szewc,2021,https://doi.org/10.1016/j.scitotenv.2020.143272,o,,,,15.30931089239486,,612.3724356957945,fiber,2017-05-11,2017-05-18,18.53333333333333,54.5,,6.0,,,,0.0008115896278427365,,,,40.0,,,,coastal,EUR,,
943,Szewc,2021,https://doi.org/10.1016/j.scitotenv.2020.143272,o,,,,15.30931089239486,,612.3724356957945,fiber,2017-05-18,2017-05-25,18.53333333333333,54.5,,1.0,,,,0.0001352649379737894,,,,40.0,,,,coastal,EUR,,
944,Szewc,2021,https://doi.org/10.1016/j.scitotenv.2020.143272,o,,,,15.30931089239486,,612.3724356957945,fiber,2017-05-25,2017-06-01,18.53333333333333,54.5,,5.0,,,,0.0006763246898689471,,,,40.0,,,,coastal,EUR,,
945,Szewc,2021,https://doi.org/10.1016/j.scitotenv.2020.143272,o,,,,15.30931089239486,,612.3724356957945,fiber,2017-03-30,2017-04-06,18.53333333333333,54.5,,7.0,,,,0.0009468545658165259,,,,40.0,,,,coastal,EUR,,
946,Szewc,2021,https://doi.org/10.1016/j.scitotenv.2020.143272,o,,,,15.30931089239486,,612.3724356957945,fiber,2017-04-06,2017-04-13,18.53333333333333,54.5,,14.0,,,,0.001893709131633052,,,,40.0,,,,coastal,EUR,,
947,Szewc,2021,https://doi.org/10.1016/j.scitotenv.2020.143272,o,,,,15.30931089239486,,612.3724356957945,fiber,2017-03-09,2017-03-16,18.53333333333333,54.5,,8.0,,,,0.001082119503790315,,,,40.0,,,,coastal,EUR,,
948,Szewc,2021,https://doi.org/10.1016/j.scitotenv.2020.143272,o,,,,15.30931089239486,,612.3724356957945,fiber,2017-02-09,2017-02-16,18.53333333333333,54.5,,8.0,,,,0.001082119503790315,,,,40.0,,,,coastal,EUR,,
949,Szewc,2021,https://doi.org/10.1016/j.scitotenv.2020.143272,o,,,,15.30931089239486,,612.3724356957945,fiber,2017-01-19,2017-01-26,18.53333333333333,54.5,,2.0,,,,0.0002705298759475788,,,,40.0,,,,coastal,EUR,,
950,Szewc,2021,https://doi.org/10.1016/j.scitotenv.2020.143272,o,,,,15.30931089239486,,612.3724356957945,fiber,2017-01-26,2017-02-02,18.53333333333333,54.5,,3.0,,,,0.0004057948139213682,,,,40.0,,,,coastal,EUR,,
951,Szewc,2021,https://doi.org/10.1016/j.scitotenv.2020.143272,,,o,,30.61862178478973,5-750,61.23724356957946,fragment,2017-01-12,2017-01-19,18.53333333333333,54.5,,,,0.0,,,,0.0,,2.0,,,,coastal,EUR,,
952,Szewc,2021,https://doi.org/10.1016/j.scitotenv.2020.143272,,,o,,30.61862178478973,,61.23724356957946,fragment,2017-02-02,2017-02-09,18.53333333333333,54.5,,,,2.0,,,,0.0001082119503790316,,2.0,,,,coastal,EUR,,
953,Szewc,2021,https://doi.org/10.1016/j.scitotenv.2020.143272,,,o,,30.61862178478973,,61.23724356957946,fragment,2017-02-16,2017-02-23,18.53333333333333,54.5,,,,6.0,,,,0.0003246358511370947,,2.0,,,,coastal,EUR,,
954,Szewc,2021,https://doi.org/10.1016/j.scitotenv.2020.143272,,,o,,30.61862178478973,,61.23724356957946,fragment,2017-02-23,2017-03-02,18.53333333333333,54.5,,,,5.0,,,,0.0002705298759475789,,2.0,,,,coastal,EUR,,
955,Szewc,2021,https://doi.org/10.1016/j.scitotenv.2020.143272,,,o,,30.61862178478973,,61.23724356957946,fragment,2017-03-02,2017-03-09,18.53333333333333,54.5,,,,2.0,,,,0.0001082119503790316,,2.0,,,,coastal,EUR,,
956,Szewc,2021,https://doi.org/10.1016/j.scitotenv.2020.143272,,,o,,30.61862178478973,,61.23724356957946,fragment,2017-03-16,2017-03-23,18.53333333333333,54.5,,,,1.0,,,,5.410597518951578e-05,,2.0,,,,coastal,EUR,,
957,Szewc,2021,https://doi.org/10.1016/j.scitotenv.2020.143272,,,o,,30.61862178478973,,61.23724356957946,fragment,2017-03-23,2017-03-30,18.53333333333333,54.5,,,,2.0,,,,0.0001082119503790316,,2.0,,,,coastal,EUR,,
958,Szewc,2021,https://doi.org/10.1016/j.scitotenv.2020.143272,,,o,,30.61862178478973,,61.23724356957946,fragment,2017-04-13,2017-04-20,18.53333333333333,54.5,,,,0.0,,,,0.0,,2.0,,,,coastal,EUR,,
959,Szewc,2021,https://doi.org/10.1016/j.scitotenv.2020.143272,,,o,,30.61862178478973,,61.23724356957946,fragment,2017-04-20,2017-04-27,18.53333333333333,54.5,,,,0.0,,,,0.0,,2.0,,,,coastal,EUR,,
960,Szewc,2021,https://doi.org/10.1016/j.scitotenv.2020.143272,,,o,,30.61862178478973,,61.23724356957946,fragment,2017-04-27,2017-05-04,18.53333333333333,54.5,,,,6.0,,,,0.0003246358511370947,,2.0,,,,coastal,EUR,,
961,Szewc,2021,https://doi.org/10.1016/j.scitotenv.2020.143272,,,o,,30.61862178478973,,61.23724356957946,fragment,2017-05-04,2017-05-11,18.53333333333333,54.5,,,,1.0,,,,5.410597518951578e-05,,2.0,,,,coastal,EUR,,
962,Szewc,2021,https://doi.org/10.1016/j.scitotenv.2020.143272,,,o,,30.61862178478973,,61.23724356957946,fragment,2017-06-01,2017-06-08,18.53333333333333,54.5,,,,1.0,,,,5.410597518951578e-05,,2.0,,,,coastal,EUR,,
963,Szewc,2021,https://doi.org/10.1016/j.scitotenv.2020.143272,,,o,,30.61862178478973,,61.23724356957946,fragment,2017-06-08,2017-06-15,18.53333333333333,54.5,,,,1.0,,,,5.410597518951578e-05,,2.0,,,,coastal,EUR,,
964,Szewc,2021,https://doi.org/10.1016/j.scitotenv.2020.143272,,,o,,30.61862178478973,,61.23724356957946,fragment,2017-06-15,2017-06-29,18.53333333333333,54.5,,,,1.0,,,,5.410597518951578e-05,,2.0,,,,coastal,EUR,,
965,Szewc,2021,https://doi.org/10.1016/j.scitotenv.2020.143272,,,o,,30.61862178478973,,61.23724356957946,fragment,2017-07-06,2017-07-13,18.53333333333333,54.5,,,,7.0,,,,0.0003787418263266105,,2.0,,,,coastal,EUR,,
966,Szewc,2021,https://doi.org/10.1016/j.scitotenv.2020.143272,,,o,,30.61862178478973,,61.23724356957946,fragment,2017-07-20,2017-07-27,18.53333333333333,54.5,,,,0.0,,,,0.0,,2.0,,,,coastal,EUR,,
967,Szewc,2021,https://doi.org/10.1016/j.scitotenv.2020.143272,,,o,,30.61862178478973,,61.23724356957946,fragment,2017-07-27,2017-08-03,18.53333333333333,54.5,,,,7.0,,,,0.0003787418263266105,,2.0,,,,coastal,EUR,,
968,Szewc,2021,https://doi.org/10.1016/j.scitotenv.2020.143272,,o,,,30.61862178478973,,61.23724356957946,fragment,2017-12-12,2017-12-14,18.53333333333333,54.5,,,6.0,,,,0.0003246358511370947,,,2.0,,,,coastal,EUR,,
969,Szewc,2021,https://doi.org/10.1016/j.scitotenv.2020.143272,,o,,,30.61862178478973,,61.23724356957946,fragment,2018-01-04,2018-01-07,18.53333333333333,54.5,,,2.0,,,,0.0001082119503790316,,,2.0,,,,coastal,EUR,,
970,Szewc,2021,https://doi.org/10.1016/j.scitotenv.2020.143272,,o,,,30.61862178478973,,61.23724356957946,fragment,2018-01-15,2018-01-22,18.53333333333333,54.5,,,3.0,,,,0.0001623179255685474,,,2.0,,,,coastal,EUR,,
971,Szewc,2021,https://doi.org/10.1016/j.scitotenv.2020.143272,,o,,,30.61862178478973,,61.23724356957946,fragment,2018-02-23,2018-03-02,18.53333333333333,54.5,,,0.0,,,,0.0,,,2.0,,,,coastal,EUR,,
972,Szewc,2021,https://doi.org/10.1016/j.scitotenv.2020.143272,,o,,,30.61862178478973,,61.23724356957946,fragment,2018-03-07,2018-03-15,18.53333333333333,54.5,,,2.0,,,,0.0001082119503790316,,,2.0,,,,coastal,EUR,,
973,Szewc,2021,https://doi.org/10.1016/j.scitotenv.2020.143272,,o,,,30.61862178478973,,61.23724356957946,fragment,2018-04-23,2018-04-26,18.53333333333333,54.5,,,2.0,,,,0.0001082119503790316,,,2.0,,,,coastal,EUR,,
974,Szewc,2021,https://doi.org/10.1016/j.scitotenv.2020.143272,,o,,,30.61862178478973,,61.23724356957946,fragment,2018-05-10,2018-05-12,18.53333333333333,54.5,,,9.0,,,,0.000486953776705642,,,2.0,,,,coastal,EUR,,
975,Szewc,2021,https://doi.org/10.1016/j.scitotenv.2020.143272,,o,,,30.61862178478973,,61.23724356957946,fragment,2018-06-09,2018-06-13,18.53333333333333,54.5,,,1.0,,,,5.410597518951578e-05,,,2.0,,,,coastal,EUR,,
976,Szewc,2021,https://doi.org/10.1016/j.scitotenv.2020.143272,,o,,,30.61862178478973,,61.23724356957946,fragment,2018-06-22,2018-06-25,18.53333333333333,54.5,,,5.0,,,,0.0002705298759475789,,,2.0,,,,coastal,EUR,,
977,Szewc,2021,https://doi.org/10.1016/j.scitotenv.2020.143272,,o,,,30.61862178478973,,61.23724356957946,fragment,2018-09-21,2018-09-22,18.53333333333333,54.5,,,0.0,,,,0.0,,,2.0,,,,coastal,EUR,,
978,Szewc,2021,https://doi.org/10.1016/j.scitotenv.2020.143272,,o,,,30.61862178478973,,61.23724356957946,fragment,2018-10-01,2018-10-03,18.53333333333333,54.5,,,5.0,,,,0.0002705298759475789,,,2.0,,,,coastal,EUR,,
979,Szewc,2021,https://doi.org/10.1016/j.scitotenv.2020.143272,,o,,,30.61862178478973,,61.23724356957946,fragment,2018-10-06,2018-10-08,18.53333333333333,54.5,,,11.0,,,,0.0005951657270846735,,,2.0,,,,coastal,EUR,,
980,Szewc,2021,https://doi.org/10.1016/j.scitotenv.2020.143272,,o,,,30.61862178478973,,61.23724356957946,fragment,2018-10-22,2018-10-24,18.53333333333333,54.5,,,0.0,,,,0.0,,,2.0,,,,coastal,EUR,,
981,Szewc,2021,https://doi.org/10.1016/j.scitotenv.2020.143272,,o,,,30.61862178478973,,61.23724356957946,fragment,2018-11-13,2018-11-14,18.53333333333333,54.5,,,6.0,,,,0.0003246358511370947,,,2.0,,,,coastal,EUR,,
982,Szewc,2021,https://doi.org/10.1016/j.scitotenv.2020.143272,,o,,,30.61862178478973,,61.23724356957946,fragment,2018-12-02,2018-12-06,18.53333333333333,54.5,,,8.0,,,,0.0004328478015161262,,,2.0,,,,coastal,EUR,,
983,Szewc,2021,https://doi.org/10.1016/j.scitotenv.2020.143272,o,,,,30.61862178478973,,61.23724356957946,fragment,2017-07-13,2017-07-20,18.53333333333333,54.5,,1.0,,,,5.410597518951578e-05,,,,2.0,,,,coastal,EUR,,
984,Szewc,2021,https://doi.org/10.1016/j.scitotenv.2020.143272,o,,,,30.61862178478973,,61.23724356957946,fragment,2018-01-12,2018-01-15,18.53333333333333,54.5,,2.0,,,,0.0001082119503790316,,,,2.0,,,,coastal,EUR,,
985,Szewc,2021,https://doi.org/10.1016/j.scitotenv.2020.143272,o,,,,30.61862178478973,,61.23724356957946,fragment,2018-02-07,2018-02-14,18.53333333333333,54.5,,1.0,,,,5.410597518951578e-05,,,,2.0,,,,coastal,EUR,,
986,Szewc,2021,https://doi.org/10.1016/j.scitotenv.2020.143272,o,,,,30.61862178478973,,61.23724356957946,fragment,2018-10-10,2018-10-17,18.53333333333333,54.5,,1.0,,,,5.410597518951578e-05,,,,2.0,,,,coastal,EUR,,
987,Szewc,2021,https://doi.org/10.1016/j.scitotenv.2020.143272,o,,,,30.61862178478973,,61.23724356957946,fragment,2018-09-17,2018-09-21,18.53333333333333,54.5,,1.0,,,,5.410597518951578e-05,,,,2.0,,,,coastal,EUR,,
988,Szewc,2021,https://doi.org/10.1016/j.scitotenv.2020.143272,o,,,,30.61862178478973,,61.23724356957946,fragment,2018-05-28,2018-06-04,18.53333333333333,54.5,,1.0,,,,5.410597518951578e-05,,,,2.0,,,,coastal,EUR,,
989,Szewc,2021,https://doi.org/10.1016/j.scitotenv.2020.143272,o,,,,30.61862178478973,,61.23724356957946,fragment,2018-04-06,2018-04-13,18.53333333333333,54.5,,4.0,,,,0.0002164239007580631,,,,2.0,,,,coastal,EUR,,
990,Szewc,2021,https://doi.org/10.1016/j.scitotenv.2020.143272,o,,,,30.61862178478973,,61.23724356957946,fragment,2018-04-19,2018-04-23,18.53333333333333,54.5,,0.0,,,,0.0,,,,2.0,,,,coastal,EUR,,
991,Szewc,2021,https://doi.org/10.1016/j.scitotenv.2020.143272,o,,,,30.61862178478973,,61.23724356957946,fragment,2017-05-11,2017-05-18,18.53333333333333,54.5,,1.0,,,,5.410597518951578e-05,,,,2.0,,,,coastal,EUR,,
992,Szewc,2021,https://doi.org/10.1016/j.scitotenv.2020.143272,o,,,,30.61862178478973,,61.23724356957946,fragment,2017-05-18,2017-05-25,18.53333333333333,54.5,,1.0,,,,5.410597518951578e-05,,,,2.0,,,,coastal,EUR,,
993,Szewc,2021,https://doi.org/10.1016/j.scitotenv.2020.143272,o,,,,30.61862178478973,,61.23724356957946,fragment,2017-05-25,2017-06-01,18.53333333333333,54.5,,0.0,,,,0.0,,,,2.0,,,,coastal,EUR,,
994,Szewc,2021,https://doi.org/10.1016/j.scitotenv.2020.143272,o,,,,30.61862178478973,,61.23724356957946,fragment,2017-03-30,2017-04-06,18.53333333333333,54.5,,0.0,,,,0.0,,,,2.0,,,,coastal,EUR,,
995,Szewc,2021,https://doi.org/10.1016/j.scitotenv.2020.143272,o,,,,30.61862178478973,,61.23724356957946,fragment,2017-04-06,2017-04-13,18.53333333333333,54.5,,5.0,,,,0.0002705298759475789,,,,2.0,,,,coastal,EUR,,
996,Szewc,2021,https://doi.org/10.1016/j.scitotenv.2020.143272,o,,,,30.61862178478973,,61.23724356957946,fragment,2017-03-09,2017-03-16,18.53333333333333,54.5,,2.0,,,,0.0001082119503790316,,,,2.0,,,,coastal,EUR,,
997,Szewc,2021,https://doi.org/10.1016/j.scitotenv.2020.143272,o,,,,30.61862178478973,,61.23724356957946,fragment,2017-02-09,2017-02-16,18.53333333333333,54.5,,5.0,,,,0.0002705298759475789,,,,2.0,,,,coastal,EUR,,
998,Szewc,2021,https://doi.org/10.1016/j.scitotenv.2020.143272,o,,,,30.61862178478973,,61.23724356957946,fragment,2017-01-19,2017-01-26,18.53333333333333,54.5,,0.0,,,,0.0,,,,2.0,,,,coastal,EUR,,
999,Szewc,2021,https://doi.org/10.1016/j.scitotenv.2020.143272,o,,,,30.61862178478973,,61.23724356957946,fragment,2017-01-26,2017-02-02,18.53333333333333,54.5,,2.0,,,,0.0001082119503790316,,,,2.0,,,,coastal,EUR,,
1000,Szewc,2021,https://doi.org/10.1016/j.scitotenv.2020.143272,,,o,,,10-1520,123.2882800593795,film,2017-01-12,2017-01-19,18.53333333333333,54.5,,,,1.0,,,,2.904825988549056e-06,,24.65765601187591,123.2882800593795,87.17797887081346,5.0,coastal,EUR,,
1001,Szewc,2021,https://doi.org/10.1016/j.scitotenv.2020.143272,,,o,,,,123.2882800593795,film,2017-02-02,2017-02-09,18.53333333333333,54.5,,,,0.0,,,,0.0,,24.65765601187591,123.2882800593795,87.17797887081346,5.0,coastal,EUR,,
1002,Szewc,2021,https://doi.org/10.1016/j.scitotenv.2020.143272,,,o,,,,123.2882800593795,film,2017-02-16,2017-02-23,18.53333333333333,54.5,,,,0.0,,,,0.0,,24.65765601187591,123.2882800593795,87.17797887081346,5.0,coastal,EUR,,
1003,Szewc,2021,https://doi.org/10.1016/j.scitotenv.2020.143272,,,o,,,,123.2882800593795,film,2017-02-23,2017-03-02,18.53333333333333,54.5,,,,5.0,,,,1.452412994274528e-05,,24.65765601187591,123.2882800593795,87.17797887081346,5.0,coastal,EUR,,
1004,Szewc,2021,https://doi.org/10.1016/j.scitotenv.2020.143272,,,o,,,,123.2882800593795,film,2017-03-02,2017-03-09,18.53333333333333,54.5,,,,0.0,,,,0.0,,24.65765601187591,123.2882800593795,87.17797887081346,5.0,coastal,EUR,,
1005,Szewc,2021,https://doi.org/10.1016/j.scitotenv.2020.143272,,,o,,,,123.2882800593795,film,2017-03-16,2017-03-23,18.53333333333333,54.5,,,,0.0,,,,0.0,,24.65765601187591,123.2882800593795,87.17797887081346,5.0,coastal,EUR,,
1006,Szewc,2021,https://doi.org/10.1016/j.scitotenv.2020.143272,,,o,,,,123.2882800593795,film,2017-03-23,2017-03-30,18.53333333333333,54.5,,,,1.0,,,,2.904825988549056e-06,,24.65765601187591,123.2882800593795,87.17797887081346,5.0,coastal,EUR,,
1007,Szewc,2021,https://doi.org/10.1016/j.scitotenv.2020.143272,,,o,,,,123.2882800593795,film,2017-04-13,2017-04-20,18.53333333333333,54.5,,,,0.0,,,,0.0,,24.65765601187591,123.2882800593795,87.17797887081346,5.0,coastal,EUR,,
1008,Szewc,2021,https://doi.org/10.1016/j.scitotenv.2020.143272,,,o,,,,123.2882800593795,film,2017-04-20,2017-04-27,18.53333333333333,54.5,,,,0.0,,,,0.0,,24.65765601187591,123.2882800593795,87.17797887081346,5.0,coastal,EUR,,
1009,Szewc,2021,https://doi.org/10.1016/j.scitotenv.2020.143272,,,o,,,,123.2882800593795,film,2017-04-27,2017-05-04,18.53333333333333,54.5,,,,1.0,,,,2.904825988549056e-06,,24.65765601187591,123.2882800593795,87.17797887081346,5.0,coastal,EUR,,
1010,Szewc,2021,https://doi.org/10.1016/j.scitotenv.2020.143272,,,o,,,,123.2882800593795,film,2017-05-04,2017-05-11,18.53333333333333,54.5,,,,0.0,,,,0.0,,24.65765601187591,123.2882800593795,87.17797887081346,5.0,coastal,EUR,,
1011,Szewc,2021,https://doi.org/10.1016/j.scitotenv.2020.143272,,,o,,,,123.2882800593795,film,2017-06-01,2017-06-08,18.53333333333333,54.5,,,,2.0,,,,5.809651977098112e-06,,24.65765601187591,123.2882800593795,87.17797887081346,5.0,coastal,EUR,,
1012,Szewc,2021,https://doi.org/10.1016/j.scitotenv.2020.143272,,,o,,,,123.2882800593795,film,2017-06-08,2017-06-15,18.53333333333333,54.5,,,,3.0,,,,8.714477965647168e-06,,24.65765601187591,123.2882800593795,87.17797887081346,5.0,coastal,EUR,,
1013,Szewc,2021,https://doi.org/10.1016/j.scitotenv.2020.143272,,,o,,,,123.2882800593795,film,2017-06-15,2017-06-29,18.53333333333333,54.5,,,,1.0,,,,2.904825988549056e-06,,24.65765601187591,123.2882800593795,87.17797887081346,5.0,coastal,EUR,,
1014,Szewc,2021,https://doi.org/10.1016/j.scitotenv.2020.143272,,,o,,,,123.2882800593795,film,2017-07-06,2017-07-13,18.53333333333333,54.5,,,,0.0,,,,0.0,,24.65765601187591,123.2882800593795,87.17797887081346,5.0,coastal,EUR,,
1015,Szewc,2021,https://doi.org/10.1016/j.scitotenv.2020.143272,,,o,,,,123.2882800593795,film,2017-07-20,2017-07-27,18.53333333333333,54.5,,,,1.0,,,,2.904825988549056e-06,,24.65765601187591,123.2882800593795,87.17797887081346,5.0,coastal,EUR,,
1016,Szewc,2021,https://doi.org/10.1016/j.scitotenv.2020.143272,,,o,,,,123.2882800593795,film,2017-07-27,2017-08-03,18.53333333333333,54.5,,,,3.0,,,,8.714477965647168e-06,,24.65765601187591,123.2882800593795,87.17797887081346,5.0,coastal,EUR,,
1017,Szewc,2021,https://doi.org/10.1016/j.scitotenv.2020.143272,,o,,,,,123.2882800593795,film,2017-12-12,2017-12-14,18.53333333333333,54.5,,,5.0,,,,1.452412994274528e-05,,,24.65765601187591,123.2882800593795,87.17797887081346,5.0,coastal,EUR,,
1018,Szewc,2021,https://doi.org/10.1016/j.scitotenv.2020.143272,,o,,,,,123.2882800593795,film,2018-01-04,2018-01-07,18.53333333333333,54.5,,,4.0,,,,1.161930395419622e-05,,,24.65765601187591,123.2882800593795,87.17797887081346,5.0,coastal,EUR,,
1019,Szewc,2021,https://doi.org/10.1016/j.scitotenv.2020.143272,,o,,,,,123.2882800593795,film,2018-01-15,2018-01-22,18.53333333333333,54.5,,,3.0,,,,8.714477965647168e-06,,,24.65765601187591,123.2882800593795,87.17797887081346,5.0,coastal,EUR,,
1020,Szewc,2021,https://doi.org/10.1016/j.scitotenv.2020.143272,,o,,,,,123.2882800593795,film,2018-02-23,2018-03-02,18.53333333333333,54.5,,,0.0,,,,0.0,,,24.65765601187591,123.2882800593795,87.17797887081346,5.0,coastal,EUR,,
1021,Szewc,2021,https://doi.org/10.1016/j.scitotenv.2020.143272,,o,,,,,123.2882800593795,film,2018-03-07,2018-03-15,18.53333333333333,54.5,,,1.0,,,,2.904825988549056e-06,,,24.65765601187591,123.2882800593795,87.17797887081346,5.0,coastal,EUR,,
1022,Szewc,2021,https://doi.org/10.1016/j.scitotenv.2020.143272,,o,,,,,123.2882800593795,film,2018-04-23,2018-04-26,18.53333333333333,54.5,,,0.0,,,,0.0,,,24.65765601187591,123.2882800593795,87.17797887081346,5.0,coastal,EUR,,
1023,Szewc,2021,https://doi.org/10.1016/j.scitotenv.2020.143272,,o,,,,,123.2882800593795,film,2018-05-10,2018-05-12,18.53333333333333,54.5,,,2.0,,,,5.809651977098112e-06,,,24.65765601187591,123.2882800593795,87.17797887081346,5.0,coastal,EUR,,
1024,Szewc,2021,https://doi.org/10.1016/j.scitotenv.2020.143272,,o,,,,,123.2882800593795,film,2018-06-09,2018-06-13,18.53333333333333,54.5,,,0.0,,,,0.0,,,24.65765601187591,123.2882800593795,87.17797887081346,5.0,coastal,EUR,,
1025,Szewc,2021,https://doi.org/10.1016/j.scitotenv.2020.143272,,o,,,,,123.2882800593795,film,2018-06-22,2018-06-25,18.53333333333333,54.5,,,0.0,,,,0.0,,,24.65765601187591,123.2882800593795,87.17797887081346,5.0,coastal,EUR,,
1026,Szewc,2021,https://doi.org/10.1016/j.scitotenv.2020.143272,,o,,,,,123.2882800593795,film,2018-09-21,2018-09-22,18.53333333333333,54.5,,,11.0,,,,3.195308587403961e-05,,,24.65765601187591,123.2882800593795,87.17797887081346,5.0,coastal,EUR,,
1027,Szewc,2021,https://doi.org/10.1016/j.scitotenv.2020.143272,,o,,,,,123.2882800593795,film,2018-10-01,2018-10-03,18.53333333333333,54.5,,,0.0,,,,0.0,,,24.65765601187591,123.2882800593795,87.17797887081346,5.0,coastal,EUR,,
1028,Szewc,2021,https://doi.org/10.1016/j.scitotenv.2020.143272,,o,,,,,123.2882800593795,film,2018-10-06,2018-10-08,18.53333333333333,54.5,,,5.0,,,,1.452412994274528e-05,,,24.65765601187591,123.2882800593795,87.17797887081346,5.0,coastal,EUR,,
1029,Szewc,2021,https://doi.org/10.1016/j.scitotenv.2020.143272,,o,,,,,123.2882800593795,film,2018-10-22,2018-10-24,18.53333333333333,54.5,,,0.0,,,,0.0,,,24.65765601187591,123.2882800593795,87.17797887081346,5.0,coastal,EUR,,
1030,Szewc,2021,https://doi.org/10.1016/j.scitotenv.2020.143272,,o,,,,,123.2882800593795,film,2018-11-13,2018-11-14,18.53333333333333,54.5,,,3.0,,,,8.714477965647168e-06,,,24.65765601187591,123.2882800593795,87.17797887081346,5.0,coastal,EUR,,
1031,Szewc,2021,https://doi.org/10.1016/j.scitotenv.2020.143272,,o,,,,,123.2882800593795,film,2018-12-02,2018-12-06,18.53333333333333,54.5,,,4.0,,,,1.161930395419622e-05,,,24.65765601187591,123.2882800593795,87.17797887081346,5.0,coastal,EUR,,
1032,Szewc,2021,https://doi.org/10.1016/j.scitotenv.2020.143272,o,,,,,,123.2882800593795,film,2017-01-19,2017-01-26,18.53333333333333,54.5,,0.0,,,,0.0,,,,24.65765601187591,123.2882800593795,87.17797887081346,5.0,coastal,EUR,,
1033,Szewc,2021,https://doi.org/10.1016/j.scitotenv.2020.143272,o,,,,,,123.2882800593795,film,2017-01-26,2017-02-02,18.53333333333333,54.5,,0.0,,,,0.0,,,,24.65765601187591,123.2882800593795,87.17797887081346,5.0,coastal,EUR,,
1034,Szewc,2021,https://doi.org/10.1016/j.scitotenv.2020.143272,o,,,,,,123.2882800593795,film,2017-02-09,2017-02-16,18.53333333333333,54.5,,1.0,,,,2.904825988549056e-06,,,,24.65765601187591,123.2882800593795,87.17797887081346,5.0,coastal,EUR,,
1035,Szewc,2021,https://doi.org/10.1016/j.scitotenv.2020.143272,o,,,,,,123.2882800593795,film,2017-03-09,2017-03-16,18.53333333333333,54.5,,1.0,,,,2.904825988549056e-06,,,,24.65765601187591,123.2882800593795,87.17797887081346,5.0,coastal,EUR,,
1036,Szewc,2021,https://doi.org/10.1016/j.scitotenv.2020.143272,o,,,,,,123.2882800593795,film,2017-03-30,2017-04-06,18.53333333333333,54.5,,1.0,,,,2.904825988549056e-06,,,,24.65765601187591,123.2882800593795,87.17797887081346,5.0,coastal,EUR,,
1037,Szewc,2021,https://doi.org/10.1016/j.scitotenv.2020.143272,o,,,,,,123.2882800593795,film,2017-04-06,2017-04-13,18.53333333333333,54.5,,0.0,,,,0.0,,,,24.65765601187591,123.2882800593795,87.17797887081346,5.0,coastal,EUR,,
1038,Szewc,2021,https://doi.org/10.1016/j.scitotenv.2020.143272,o,,,,,,123.2882800593795,film,2017-05-11,2017-05-18,18.53333333333333,54.5,,2.0,,,,5.809651977098112e-06,,,,24.65765601187591,123.2882800593795,87.17797887081346,5.0,coastal,EUR,,
1039,Szewc,2021,https://doi.org/10.1016/j.scitotenv.2020.143272,o,,,,,,123.2882800593795,film,2017-05-18,2017-05-25,18.53333333333333,54.5,,2.0,,,,5.809651977098112e-06,,,,24.65765601187591,123.2882800593795,87.17797887081346,5.0,coastal,EUR,,
1040,Szewc,2021,https://doi.org/10.1016/j.scitotenv.2020.143272,o,,,,,,123.2882800593795,film,2017-05-25,2017-06-01,18.53333333333333,54.5,,2.0,,,,5.809651977098112e-06,,,,24.65765601187591,123.2882800593795,87.17797887081346,5.0,coastal,EUR,,
1041,Szewc,2021,https://doi.org/10.1016/j.scitotenv.2020.143272,o,,,,,,123.2882800593795,film,2017-07-13,2017-07-20,18.53333333333333,54.5,,0.0,,,,0.0,,,,24.65765601187591,123.2882800593795,87.17797887081346,5.0,coastal,EUR,,
1042,Szewc,2021,https://doi.org/10.1016/j.scitotenv.2020.143272,o,,,,,,123.2882800593795,film,2018-01-12,2018-01-15,18.53333333333333,54.5,,2.0,,,,5.809651977098112e-06,,,,24.65765601187591,123.2882800593795,87.17797887081346,5.0,coastal,EUR,,
1043,Szewc,2021,https://doi.org/10.1016/j.scitotenv.2020.143272,o,,,,,,123.2882800593795,film,2018-02-07,2018-02-14,18.53333333333333,54.5,,0.0,,,,0.0,,,,24.65765601187591,123.2882800593795,87.17797887081346,5.0,coastal,EUR,,
1044,Szewc,2021,https://doi.org/10.1016/j.scitotenv.2020.143272,o,,,,,,123.2882800593795,film,2018-04-06,2018-04-13,18.53333333333333,54.5,,0.0,,,,0.0,,,,24.65765601187591,123.2882800593795,87.17797887081346,5.0,coastal,EUR,,
1045,Szewc,2021,https://doi.org/10.1016/j.scitotenv.2020.143272,o,,,,,,123.2882800593795,film,2018-04-19,2018-04-23,18.53333333333333,54.5,,0.0,,,,0.0,,,,24.65765601187591,123.2882800593795,87.17797887081346,5.0,coastal,EUR,,
1046,Szewc,2021,https://doi.org/10.1016/j.scitotenv.2020.143272,o,,,,,,123.2882800593795,film,2018-05-28,2018-06-04,18.53333333333333,54.5,,0.0,,,,0.0,,,,24.65765601187591,123.2882800593795,87.17797887081346,5.0,coastal,EUR,,
1047,Szewc,2021,https://doi.org/10.1016/j.scitotenv.2020.143272,o,,,,,,123.2882800593795,film,2018-09-17,2018-09-21,18.53333333333333,54.5,,1.0,,,,2.904825988549056e-06,,,,24.65765601187591,123.2882800593795,87.17797887081346,5.0,coastal,EUR,,
1048,Szewc,2021,https://doi.org/10.1016/j.scitotenv.2020.143272,o,,,,,,123.2882800593795,film,2018-10-10,2018-10-17,18.53333333333333,54.5,,0.0,,,,0.0,,,,24.65765601187591,123.2882800593795,87.17797887081346,5.0,coastal,EUR,,
1049,Kernchen,2022,https://doi.org/10.1016/j.scitotenv.2021.151812,,,o,,16.583123951777,11-100,33.166247903554,fragment,2018-03-22,2018-04-16,9.93586,50.49769,,,,58.2,,,,0.0005002767730389551,,2.0,,,,land,EUR,,
1050,Kernchen,2022,https://doi.org/10.1016/j.scitotenv.2021.151812,,,o,,16.583123951777,,33.166247903554,fragment,2018-04-18,2018-04-23,9.93586,50.49769,,,,57.23,,,,0.0004919388268216393,,2.0,,,,land,EUR,,
1051,Kernchen,2022,https://doi.org/10.1016/j.scitotenv.2021.151812,,,o,,16.583123951777,,33.166247903554,fragment,2018-04-23,2018-05-22,9.93586,50.49769,,,,86.33,,,,0.0007420772133411169,,2.0,,,,land,EUR,,
1052,Kernchen,2022,https://doi.org/10.1016/j.scitotenv.2021.151812,,,o,,16.583123951777,,33.166247903554,fragment,2018-05-22,2018-06-13,9.93586,50.49769,,,,56.26,,,,0.0004836008806043233,,2.0,,,,land,EUR,,
1053,Kernchen,2022,https://doi.org/10.1016/j.scitotenv.2021.151812,,,o,,16.583123951777,,33.166247903554,fragment,2018-06-13,2018-07-16,9.93586,50.49769,,,,11.64,,,,0.0001000553546077911,,2.0,,,,land,EUR,,
1054,Kernchen,2022,https://doi.org/10.1016/j.scitotenv.2021.151812,,,o,,16.583123951777,,33.166247903554,fragment,2018-07-16,2018-08-14,9.93586,50.49769,,,,30.07,,,,0.0002584763327367935,,2.0,,,,land,EUR,,
1055,Kernchen,2022,https://doi.org/10.1016/j.scitotenv.2021.151812,,,o,,16.583123951777,,33.166247903554,fragment,2018-08-14,2018-09-07,9.93586,50.49769,,,,97.0,,,,0.000833794621731592,,2.0,,,,land,EUR,,
1056,Kernchen,2022,https://doi.org/10.1016/j.scitotenv.2021.151812,,,o,,16.583123951777,,33.166247903554,fragment,2018-03-22,2018-04-16,9.52471,51.32476,,,,89.24,,,,0.0007670910519930646,,2.0,,,,land,EUR,,
1057,Kernchen,2022,https://doi.org/10.1016/j.scitotenv.2021.151812,,,o,,16.583123951777,,33.166247903554,fragment,2018-04-18,2018-05-15,9.52471,51.32476,,,,44.62,,,,0.0003835455259965323,,2.0,,,,land,EUR,,
1058,Kernchen,2022,https://doi.org/10.1016/j.scitotenv.2021.151812,,,o,,16.583123951777,,33.166247903554,fragment,2018-05-15,2018-06-18,9.52471,51.32476,,,,43.65,,,,0.0003752075797792164,,2.0,,,,land,EUR,,
1059,Kernchen,2022,https://doi.org/10.1016/j.scitotenv.2021.151812,,,o,,16.583123951777,,33.166247903554,fragment,2018-06-18,2018-07-16,9.52471,51.32476,,,,85.36,,,,0.0007337392671238009,,2.0,,,,land,EUR,,
1060,Kernchen,2022,https://doi.org/10.1016/j.scitotenv.2021.151812,,,o,,16.583123951777,,33.166247903554,fragment,2018-07-16,2018-08-17,9.52471,51.32476,,,,74.69,,,,0.0006420218587333258,,2.0,,,,land,EUR,,
1061,Kernchen,2022,https://doi.org/10.1016/j.scitotenv.2021.151812,,,o,,16.583123951777,,33.166247903554,fragment,2018-08-17,2018-09-20,9.52471,51.32476,,,,64.99,,,,0.0005586423965601666,,2.0,,,,land,EUR,,
1062,Kernchen,2022,https://doi.org/10.1016/j.scitotenv.2021.151812,,,o,,16.583123951777,,33.166247903554,fragment,2018-09-20,2018-10-03,9.52471,51.32476,,,,90.21,,,,0.0007754289982103806,,2.0,,,,land,EUR,,
1063,Kernchen,2022,https://doi.org/10.1016/j.scitotenv.2021.151812,,,o,,16.583123951777,,33.166247903554,fragment,2018-03-22,2018-04-16,8.7171,53.11274,,,,255.11,,,,0.002192879855154087,,2.0,,,,land,EUR,,
1064,Kernchen,2022,https://doi.org/10.1016/j.scitotenv.2021.151812,,,o,,16.583123951777,,33.166247903554,fragment,2018-04-19,2018-05-16,8.7171,53.11274,,,,88.27,,,,0.0007587531057757487,,2.0,,,,land,EUR,,
1065,Kernchen,2022,https://doi.org/10.1016/j.scitotenv.2021.151812,,,o,,16.583123951777,,33.166247903554,fragment,2018-05-16,2018-06-10,8.7171,53.11274,,,,35.89,,,,0.0003085040100406891,,2.0,,,,land,EUR,,
1066,Kernchen,2022,https://doi.org/10.1016/j.scitotenv.2021.151812,,,o,,16.583123951777,,33.166247903554,fragment,2018-06-10,2018-07-11,8.7171,53.11274,,,,151.32,,,,0.001300719609901283,,2.0,,,,land,EUR,,
1067,Kernchen,2022,https://doi.org/10.1016/j.scitotenv.2021.151812,,,o,,16.583123951777,,33.166247903554,fragment,2018-07-11,2018-07-28,8.7171,53.11274,,,,69.84,,,,0.0006003321276467462,,2.0,,,,land,EUR,,
1068,Kernchen,2022,https://doi.org/10.1016/j.scitotenv.2021.151812,,,o,,16.583123951777,,33.166247903554,fragment,2018-07-28,2018-08-27,8.7171,53.11274,,,,35.89,,,,0.0003085040100406891,,2.0,,,,land,EUR,,
1069,Kernchen,2022,https://doi.org/10.1016/j.scitotenv.2021.151812,,,o,,16.583123951777,,33.166247903554,fragment,2018-08-27,2018-09-24,8.7171,53.11274,,,,139.68,,,,0.001200664255293492,,2.0,,,,land,EUR,,
1070,Kernchen,2022,https://doi.org/10.1016/j.scitotenv.2021.151812,,,o,,16.583123951777,,33.166247903554,fragment,2018-03-23,2018-04-16,8.56951,53.56267,,,,274.51,,,,0.002359638779500405,,2.0,,,,coastal,EUR,,
1071,Kernchen,2022,https://doi.org/10.1016/j.scitotenv.2021.151812,,,o,,16.583123951777,,33.166247903554,fragment,2018-04-19,2018-05-01,8.56951,53.56267,,,,196.91,,,,0.001692603082115132,,2.0,,,,coastal,EUR,,
1072,Kernchen,2022,https://doi.org/10.1016/j.scitotenv.2021.151812,,,o,,16.583123951777,,33.166247903554,fragment,2018-05-01,2018-06-24,8.56951,53.56267,,,,226.98,,,,0.001951079414851925,,2.0,,,,coastal,EUR,,
1073,Kernchen,2022,https://doi.org/10.1016/j.scitotenv.2021.151812,,,o,,16.583123951777,,33.166247903554,fragment,2018-06-24,2018-07-17,8.56951,53.56267,,,,114.46,,,,0.0009838776536432786,,2.0,,,,coastal,EUR,,
1074,Kernchen,2022,https://doi.org/10.1016/j.scitotenv.2021.151812,,,o,,16.583123951777,,33.166247903554,fragment,2018-07-17,2018-08-20,8.56951,53.56267,,,,44.62,,,,0.0003835455259965323,,2.0,,,,coastal,EUR,,
1075,Kernchen,2022,https://doi.org/10.1016/j.scitotenv.2021.151812,,,o,,16.583123951777,,33.166247903554,fragment,2018-08-20,2018-09-25,8.56951,53.56267,,,,355.99,,,,0.003060026261754943,,2.0,,,,coastal,EUR,,
1076,Kernchen,2022,https://doi.org/10.1016/j.scitotenv.2021.151812,,,o,,16.583123951777,,33.166247903554,fragment,2018-09-25,2018-10-04,8.56951,53.56267,,,,31.04,,,,0.0002668142789541094,,2.0,,,,coastal,EUR,,
1077,Kernchen,2022,https://doi.org/10.1016/j.scitotenv.2021.151812,,,o,,16.583123951777,,33.166247903554,fragment,2018-03-23,2018-04-20,9.06364,52.16877,,,,45.59,,,,0.0003918834722138482,,2.0,,,,land,EUR,,
1078,Kernchen,2022,https://doi.org/10.1016/j.scitotenv.2021.151812,,,o,,16.583123951777,,33.166247903554,fragment,2018-08-23,2018-10-06,9.06364,52.16877,,,,9.7,,,,8.337946217315919e-05,,2.0,,,,land,EUR,,
1079,Kernchen,2022,https://doi.org/10.1016/j.scitotenv.2021.151812,,,o,,16.583123951777,,33.166247903554,fragment,2018-03-23,2018-04-20,9.55462,51.70884,,,,57.23,,,,0.0004919388268216393,,2.0,,,,land,EUR,,
1080,Kernchen,2022,https://doi.org/10.1016/j.scitotenv.2021.151812,,,o,,16.583123951777,,33.166247903554,fragment,2018-08-23,2018-10-06,9.55462,51.70884,,,,36.86,,,,0.000316841956258005,,2.0,,,,land,EUR,,
1081,Kernchen,2022,https://doi.org/10.1016/j.scitotenv.2021.151812,,,o,,24.6291874612217,499-1945,985.1674984488678,fiber,2018-03-22,2018-04-16,9.93586,50.49769,,,,1.2,,,,0.0006758492078333912,,40.0,,,,land,EUR,,
1082,Kernchen,2022,https://doi.org/10.1016/j.scitotenv.2021.151812,,,o,,24.6291874612217,,985.1674984488678,fiber,2018-04-18,2018-04-23,9.93586,50.49769,,,,1.18,,,,0.0006645850543695014,,40.0,,,,land,EUR,,
1083,Kernchen,2022,https://doi.org/10.1016/j.scitotenv.2021.151812,,,o,,24.6291874612217,,985.1674984488678,fiber,2018-04-23,2018-05-22,9.93586,50.49769,,,,1.78,,,,0.001002509658286197,,40.0,,,,land,EUR,,
1084,Kernchen,2022,https://doi.org/10.1016/j.scitotenv.2021.151812,,,o,,24.6291874612217,,985.1674984488678,fiber,2018-05-22,2018-06-13,9.93586,50.49769,,,,1.16,,,,0.0006533209009056115,,40.0,,,,land,EUR,,
1085,Kernchen,2022,https://doi.org/10.1016/j.scitotenv.2021.151812,,,o,,24.6291874612217,,985.1674984488678,fiber,2018-06-13,2018-07-16,9.93586,50.49769,,,,0.24,,,,0.0001351698415666782,,40.0,,,,land,EUR,,
1086,Kernchen,2022,https://doi.org/10.1016/j.scitotenv.2021.151812,,,o,,24.6291874612217,,985.1674984488678,fiber,2018-07-16,2018-08-14,9.93586,50.49769,,,,0.62,,,,0.0003491887573805854,,40.0,,,,land,EUR,,
1087,Kernchen,2022,https://doi.org/10.1016/j.scitotenv.2021.151812,,,o,,24.6291874612217,,985.1674984488678,fiber,2018-08-14,2018-09-07,9.93586,50.49769,,,,2.0,,,,0.001126415346388985,,40.0,,,,land,EUR,,
1088,Kernchen,2022,https://doi.org/10.1016/j.scitotenv.2021.151812,,,o,,24.6291874612217,,985.1674984488678,fiber,2018-03-22,2018-04-16,9.52471,51.32476,,,,1.84,,,,0.001036302118677867,,40.0,,,,land,EUR,,
1089,Kernchen,2022,https://doi.org/10.1016/j.scitotenv.2021.151812,,,o,,24.6291874612217,,985.1674984488678,fiber,2018-04-18,2018-05-15,9.52471,51.32476,,,,0.92,,,,0.0005181510593389333,,40.0,,,,land,EUR,,
1090,Kernchen,2022,https://doi.org/10.1016/j.scitotenv.2021.151812,,,o,,24.6291874612217,,985.1674984488678,fiber,2018-05-15,2018-06-18,9.52471,51.32476,,,,0.9,,,,0.0005068869058750434,,40.0,,,,land,EUR,,
1091,Kernchen,2022,https://doi.org/10.1016/j.scitotenv.2021.151812,,,o,,24.6291874612217,,985.1674984488678,fiber,2018-06-18,2018-07-16,9.52471,51.32476,,,,1.76,,,,0.0009912455048223072,,40.0,,,,land,EUR,,
1092,Kernchen,2022,https://doi.org/10.1016/j.scitotenv.2021.151812,,,o,,24.6291874612217,,985.1674984488678,fiber,2018-07-16,2018-08-17,9.52471,51.32476,,,,1.54,,,,0.0008673398167195188,,40.0,,,,land,EUR,,
1093,Kernchen,2022,https://doi.org/10.1016/j.scitotenv.2021.151812,,,o,,24.6291874612217,,985.1674984488678,fiber,2018-08-17,2018-09-20,9.52471,51.32476,,,,1.34,,,,0.0007546982820806203,,40.0,,,,land,EUR,,
1094,Kernchen,2022,https://doi.org/10.1016/j.scitotenv.2021.151812,,,o,,24.6291874612217,,985.1674984488678,fiber,2018-09-20,2018-10-03,9.52471,51.32476,,,,1.86,,,,0.001047566272141756,,40.0,,,,land,EUR,,
1095,Kernchen,2022,https://doi.org/10.1016/j.scitotenv.2021.151812,,,o,,24.6291874612217,,985.1674984488678,fiber,2018-03-22,2018-04-16,8.7171,53.11274,,,,5.26,,,,0.002962472361003032,,40.0,,,,land,EUR,,
1096,Kernchen,2022,https://doi.org/10.1016/j.scitotenv.2021.151812,,,o,,24.6291874612217,,985.1674984488678,fiber,2018-04-19,2018-05-16,8.7171,53.11274,,,,1.82,,,,0.001025037965213977,,40.0,,,,land,EUR,,
1097,Kernchen,2022,https://doi.org/10.1016/j.scitotenv.2021.151812,,,o,,24.6291874612217,,985.1674984488678,fiber,2018-05-16,2018-06-10,8.7171,53.11274,,,,0.74,,,,0.0004167736781639246,,40.0,,,,land,EUR,,
1098,Kernchen,2022,https://doi.org/10.1016/j.scitotenv.2021.151812,,,o,,24.6291874612217,,985.1674984488678,fiber,2018-06-10,2018-07-11,8.7171,53.11274,,,,3.12,,,,0.001757207940366817,,40.0,,,,land,EUR,,
1099,Kernchen,2022,https://doi.org/10.1016/j.scitotenv.2021.151812,,,o,,24.6291874612217,,985.1674984488678,fiber,2018-07-11,2018-07-28,8.7171,53.11274,,,,1.44,,,,0.0008110190494000695,,40.0,,,,land,EUR,,
1100,Kernchen,2022,https://doi.org/10.1016/j.scitotenv.2021.151812,,,o,,24.6291874612217,,985.1674984488678,fiber,2018-07-28,2018-08-27,8.7171,53.11274,,,,0.74,,,,0.0004167736781639246,,40.0,,,,land,EUR,,
1101,Kernchen,2022,https://doi.org/10.1016/j.scitotenv.2021.151812,,,o,,24.6291874612217,,985.1674984488678,fiber,2018-08-27,2018-09-24,8.7171,53.11274,,,,2.88,,,,0.001622038098800139,,40.0,,,,land,EUR,,
1102,Kernchen,2022,https://doi.org/10.1016/j.scitotenv.2021.151812,,,o,,24.6291874612217,,985.1674984488678,fiber,2018-03-23,2018-04-16,8.56951,53.56267,,,,5.66,,,,0.003187755430280829,,40.0,,,,coastal,EUR,,
1103,Kernchen,2022,https://doi.org/10.1016/j.scitotenv.2021.151812,,,o,,24.6291874612217,,985.1674984488678,fiber,2018-04-19,2018-05-01,8.56951,53.56267,,,,4.06,,,,0.002286623153169641,,40.0,,,,coastal,EUR,,
1104,Kernchen,2022,https://doi.org/10.1016/j.scitotenv.2021.151812,,,o,,24.6291874612217,,985.1674984488678,fiber,2018-05-01,2018-06-24,8.56951,53.56267,,,,4.68,,,,0.002635811910550226,,40.0,,,,coastal,EUR,,
1105,Kernchen,2022,https://doi.org/10.1016/j.scitotenv.2021.151812,,,o,,24.6291874612217,,985.1674984488678,fiber,2018-06-24,2018-07-17,8.56951,53.56267,,,,2.36,,,,0.001329170108739003,,40.0,,,,coastal,EUR,,
1106,Kernchen,2022,https://doi.org/10.1016/j.scitotenv.2021.151812,,,o,,24.6291874612217,,985.1674984488678,fiber,2018-07-17,2018-08-20,8.56951,53.56267,,,,0.92,,,,0.0005181510593389333,,40.0,,,,coastal,EUR,,
1107,Kernchen,2022,https://doi.org/10.1016/j.scitotenv.2021.151812,,,o,,24.6291874612217,,985.1674984488678,fiber,2018-08-20,2018-09-25,8.56951,53.56267,,,,7.34,,,,0.004133944321247576,,40.0,,,,coastal,EUR,,
1108,Kernchen,2022,https://doi.org/10.1016/j.scitotenv.2021.151812,,,o,,24.6291874612217,,985.1674984488678,fiber,2018-09-25,2018-10-04,8.56951,53.56267,,,,0.64,,,,0.0003604529108444753,,40.0,,,,coastal,EUR,,
1109,Kernchen,2022,https://doi.org/10.1016/j.scitotenv.2021.151812,,,o,,24.6291874612217,,985.1674984488678,fiber,2018-03-23,2018-04-20,9.06364,52.16877,,,,0.9400000000000001,,,,0.0005294152128028232,,40.0,,,,land,EUR,,
1110,Kernchen,2022,https://doi.org/10.1016/j.scitotenv.2021.151812,,,o,,24.6291874612217,,985.1674984488678,fiber,2018-08-23,2018-10-06,9.06364,52.16877,,,,0.2,,,,0.0001126415346388985,,40.0,,,,land,EUR,,
1111,Kernchen,2022,https://doi.org/10.1016/j.scitotenv.2021.151812,,,o,,24.6291874612217,,985.1674984488678,fiber,2018-03-23,2018-04-20,9.55462,51.70884,,,,1.18,,,,0.0006645850543695014,,40.0,,,,land,EUR,,
1112,Kernchen,2022,https://doi.org/10.1016/j.scitotenv.2021.151812,,,o,,24.6291874612217,,985.1674984488678,fiber,2018-08-23,2018-10-06,9.55462,51.70884,,,,0.76,,,,0.0004280378316278144,,40.0,,,,land,EUR,,
1113,Hamilton,2021,https://doi.org/10.1016/j.scitotenv.2021.145536,,,o,,15.8113883008419,"1000-2000, 200-300",632.4555320336759,fiber,2018-08-10,2018-08-12,-62.5,67.2,,,,1970.73,,,,0.2936672057445306,,40.0,,,,coastal,ATL,,
1114,Hamilton,2021,https://doi.org/10.1016/j.scitotenv.2021.145536,,,o,,316.227766016838,"1000-2000, 200-300",632.4555320336759,fragment,2018-08-10,2018-08-12,-62.5,67.2,,,,437.94,,,,26.10375162173605,,2.0,,,,coastal,ATL,,
1115,Truong,2021,https://doi.org/10.1016/j.chemosphere.2021.129874,,,o,,21.0,301-4872,840.0,fiber,2018-06-14,2018-06-15,106.4833333333333,10.96666666666667,,,,82.0,,,,0.02862793659600001,,40.0,,,,land,SAS,,
1116,Truong,2021,https://doi.org/10.1016/j.chemosphere.2021.129874,,,o,,21.0,,840.0,fiber,2018-06-25,2018-06-26,106.4833333333333,10.96666666666667,,,,88.0,,,,0.03072266366400001,,40.0,,,,land,SAS,,
1117,Truong,2021,https://doi.org/10.1016/j.chemosphere.2021.129874,,,o,,21.0,,840.0,fiber,2018-07-12,2018-07-13,106.4833333333333,10.96666666666667,,,,331.0,,,,0.115559109918,,40.0,,,,land,SAS,,
1118,Truong,2021,https://doi.org/10.1016/j.chemosphere.2021.129874,,,o,,21.0,,840.0,fiber,2018-07-26,2018-07-27,106.4833333333333,10.96666666666667,,,,197.0,,,,0.06877687206600001,,40.0,,,,land,SAS,,
1119,Truong,2021,https://doi.org/10.1016/j.chemosphere.2021.129874,,,o,,21.0,,840.0,fiber,2018-08-31,2018-09-01,106.4833333333333,10.96666666666667,,,,290.0,,,,0.10124514162,,40.0,,,,land,SAS,,
1120,Truong,2021,https://doi.org/10.1016/j.chemosphere.2021.129874,,,o,,21.0,,840.0,fiber,2018-08-23,2018-08-24,106.4833333333333,10.96666666666667,,,,95.0,,,,0.03316651191000001,,40.0,,,,land,SAS,,
1121,Truong,2021,https://doi.org/10.1016/j.chemosphere.2021.129874,,,o,,21.0,,840.0,fiber,2018-09-14,2018-09-15,106.4833333333333,10.96666666666667,,,,494.0,,,,0.172465861932,,40.0,,,,land,SAS,,
1122,Truong,2021,https://doi.org/10.1016/j.chemosphere.2021.129874,,,o,,21.0,,840.0,fiber,2018-09-24,2018-09-25,106.4833333333333,10.96666666666667,,,,380.0,,,,0.13266604764,,40.0,,,,land,SAS,,
1123,Truong,2021,https://doi.org/10.1016/j.chemosphere.2021.129874,,,o,,21.0,,840.0,fiber,2018-10-15,2018-10-16,106.4833333333333,10.96666666666667,,,,178.0,,,,0.06214356968400001,,40.0,,,,land,SAS,,
1124,Truong,2021,https://doi.org/10.1016/j.chemosphere.2021.129874,,,o,,21.0,,840.0,fiber,2018-10-25,2018-10-26,106.4833333333333,10.96666666666667,,,,245.0,,,,0.08553468861000002,,40.0,,,,land,SAS,,
1125,Truong,2021,https://doi.org/10.1016/j.chemosphere.2021.129874,,,o,,21.0,,840.0,fiber,2018-11-19,2018-11-20,106.4833333333333,10.96666666666667,,,,148.0,,,,0.05166993434400001,,40.0,,,,land,SAS,,
1126,Truong,2021,https://doi.org/10.1016/j.chemosphere.2021.129874,,,o,,21.0,,840.0,fiber,2018-11-29,2018-11-30,106.4833333333333,10.96666666666667,,,,143.0,,,,0.04992432845400002,,40.0,,,,land,SAS,,
1127,Truong,2021,https://doi.org/10.1016/j.chemosphere.2021.129874,,,o,,21.0,,840.0,fiber,2018-12-13,2018-12-14,106.4833333333333,10.96666666666667,,,,280.0,,,,0.09775392984000002,,40.0,,,,land,SAS,,
1128,Truong,2021,https://doi.org/10.1016/j.chemosphere.2021.129874,,,o,,21.0,,840.0,fiber,2018-12-24,2018-12-25,106.4833333333333,10.96666666666667,,,,217.0,,,,0.07575929562600002,,40.0,,,,land,SAS,,
1129,Truong,2021,https://doi.org/10.1016/j.chemosphere.2021.129874,,,o,,21.0,,840.0,fiber,2019-01-14,2019-01-15,106.4833333333333,10.96666666666667,,,,331.0,,,,0.115559109918,,40.0,,,,land,SAS,,
1130,Truong,2021,https://doi.org/10.1016/j.chemosphere.2021.129874,,,o,,21.0,,840.0,fiber,2019-01-24,2019-01-25,106.4833333333333,10.96666666666667,,,,122.0,,,,0.04259278371600001,,40.0,,,,land,SAS,,
1131,Truong,2021,https://doi.org/10.1016/j.chemosphere.2021.129874,,,o,,21.0,,840.0,fiber,2019-02-14,2019-02-15,106.4833333333333,10.96666666666667,,,,194.0,,,,0.06772950853200002,,40.0,,,,land,SAS,,
1132,Truong,2021,https://doi.org/10.1016/j.chemosphere.2021.129874,,,o,,21.0,,840.0,fiber,2019-02-25,2019-02-26,106.4833333333333,10.96666666666667,,,,163.0,,,,0.05690675201400001,,40.0,,,,land,SAS,,
1133,Truong,2021,https://doi.org/10.1016/j.chemosphere.2021.129874,,,o,,21.0,,840.0,fiber,2019-03-14,2019-03-15,106.4833333333333,10.96666666666667,,,,250.0,,,,0.08728029450000002,,40.0,,,,land,SAS,,
1134,Truong,2021,https://doi.org/10.1016/j.chemosphere.2021.129874,,,o,,21.0,,840.0,fiber,2019-03-25,2019-03-26,106.4833333333333,10.96666666666667,,,,367.0,,,,0.128127472326,,40.0,,,,land,SAS,,
1135,Truong,2021,https://doi.org/10.1016/j.chemosphere.2021.129874,,,o,,21.0,,840.0,fiber,2019-04-15,2019-04-16,106.4833333333333,10.96666666666667,,,,606.0,,,,0.2115674338680001,,40.0,,,,land,SAS,,
1136,Truong,2021,https://doi.org/10.1016/j.chemosphere.2021.129874,,,o,,21.0,,840.0,fiber,2019-04-25,2019-04-26,106.4833333333333,10.96666666666667,,,,421.0,,,,0.146980015938,,40.0,,,,land,SAS,,
1137,Truong,2021,https://doi.org/10.1016/j.chemosphere.2021.129874,,,o,,21.0,,840.0,fiber,2019-05-13,2019-05-14,106.4833333333333,10.96666666666667,,,,163.0,,,,0.05690675201400001,,40.0,,,,land,SAS,,
1138,Truong,2021,https://doi.org/10.1016/j.chemosphere.2021.129874,,,o,,21.0,,840.0,fiber,2019-05-24,2019-05-25,106.4833333333333,10.96666666666667,,,,245.0,,,,0.08553468861000002,,40.0,,,,land,SAS,,
1139,Truong,2021,https://doi.org/10.1016/j.chemosphere.2021.129874,,,o,,18.25,,730.0,fiber,2018-07-12,2018-07-13,106.65,10.76666666666667,,,,280.0,,,,0.06416008753875001,,40.0,,,,land,SAS,,
1140,Truong,2021,https://doi.org/10.1016/j.chemosphere.2021.129874,,,o,,18.25,,730.0,fiber,2018-07-26,2018-07-27,106.65,10.76666666666667,,,,394.0,,,,0.0902824088938125,,40.0,,,,land,SAS,,
1141,Truong,2021,https://doi.org/10.1016/j.chemosphere.2021.129874,,,o,,18.25,,730.0,fiber,2018-08-31,2018-09-01,106.65,10.76666666666667,,,,280.0,,,,0.06416008753875001,,40.0,,,,land,SAS,,
1142,Truong,2021,https://doi.org/10.1016/j.chemosphere.2021.129874,,,o,,18.25,,730.0,fiber,2018-08-23,2018-08-24,106.65,10.76666666666667,,,,489.0,,,,0.1120510100230313,,40.0,,,,land,SAS,,
1143,Truong,2021,https://doi.org/10.1016/j.chemosphere.2021.129874,,,o,,18.25,,730.0,fiber,2018-09-14,2018-09-15,106.65,10.76666666666667,,,,255.0,,,,0.05843150829421875,,40.0,,,,land,SAS,,
1144,Truong,2021,https://doi.org/10.1016/j.chemosphere.2021.129874,,,o,,18.25,,730.0,fiber,2018-09-24,2018-09-25,106.65,10.76666666666667,,,,285.0,,,,0.06530580338765626,,40.0,,,,land,SAS,,
1145,Truong,2021,https://doi.org/10.1016/j.chemosphere.2021.129874,,,o,,18.25,,730.0,fiber,2018-10-15,2018-10-16,106.65,10.76666666666667,,,,250.0,,,,0.0572857924453125,,40.0,,,,land,SAS,,
1146,Truong,2021,https://doi.org/10.1016/j.chemosphere.2021.129874,,,o,,18.25,,730.0,fiber,2018-10-25,2018-10-26,106.65,10.76666666666667,,,,326.0,,,,0.0747006733486875,,40.0,,,,land,SAS,,
1147,Truong,2021,https://doi.org/10.1016/j.chemosphere.2021.129874,,,o,,18.25,,730.0,fiber,2018-11-19,2018-11-20,106.65,10.76666666666667,,,,153.0,,,,0.03505890497653125,,40.0,,,,land,SAS,,
1148,Truong,2021,https://doi.org/10.1016/j.chemosphere.2021.129874,,,o,,18.25,,730.0,fiber,2018-11-29,2018-11-30,106.65,10.76666666666667,,,,149.0,,,,0.03414233229740626,,40.0,,,,land,SAS,,
1149,Truong,2021,https://doi.org/10.1016/j.chemosphere.2021.129874,,,o,,18.25,,730.0,fiber,2018-12-13,2018-12-14,106.65,10.76666666666667,,,,296.0,,,,0.06782637825525001,,40.0,,,,land,SAS,,
1150,Truong,2021,https://doi.org/10.1016/j.chemosphere.2021.129874,,,o,,18.25,,730.0,fiber,2018-12-24,2018-12-25,106.65,10.76666666666667,,,,557.0,,,,0.1276327455681563,,40.0,,,,land,SAS,,
1151,Truong,2021,https://doi.org/10.1016/j.chemosphere.2021.129874,,,o,,18.25,,730.0,fiber,2019-01-14,2019-01-15,106.65,10.76666666666667,,,,586.0,,,,0.1342778974918125,,40.0,,,,land,SAS,,
1152,Truong,2021,https://doi.org/10.1016/j.chemosphere.2021.129874,,,o,,18.25,,730.0,fiber,2019-01-24,2019-01-25,106.65,10.76666666666667,,,,238.0,,,,0.05453607440793751,,40.0,,,,land,SAS,,
1153,Truong,2021,https://doi.org/10.1016/j.chemosphere.2021.129874,,,o,,18.25,,730.0,fiber,2019-02-14,2019-02-15,106.65,10.76666666666667,,,,550.0,,,,0.1260287433796875,,40.0,,,,land,SAS,,
1154,Truong,2021,https://doi.org/10.1016/j.chemosphere.2021.129874,,,o,,18.25,,730.0,fiber,2019-02-25,2019-02-26,106.65,10.76666666666667,,,,815.0,,,,0.1867516833717188,,40.0,,,,land,SAS,,
1155,Truong,2021,https://doi.org/10.1016/j.chemosphere.2021.129874,,,o,,18.25,,730.0,fiber,2019-03-14,2019-03-15,106.65,10.76666666666667,,,,917.0,,,,0.2101242866894063,,40.0,,,,land,SAS,,
1156,Truong,2021,https://doi.org/10.1016/j.chemosphere.2021.129874,,,o,,18.25,,730.0,fiber,2019-03-25,2019-03-26,106.65,10.76666666666667,,,,170.0,,,,0.03895433886281251,,40.0,,,,land,SAS,,
1157,Truong,2021,https://doi.org/10.1016/j.chemosphere.2021.129874,,,o,,18.25,,730.0,fiber,2019-04-15,2019-04-16,106.65,10.76666666666667,,,,367.0,,,,0.08409554330971876,,40.0,,,,land,SAS,,
1158,Truong,2021,https://doi.org/10.1016/j.chemosphere.2021.129874,,,o,,18.25,,730.0,fiber,2019-04-25,2019-04-26,106.65,10.76666666666667,,,,380.0,,,,0.08707440451687501,,40.0,,,,land,SAS,,
1159,Truong,2021,https://doi.org/10.1016/j.chemosphere.2021.129874,,,o,,18.25,,730.0,fiber,2019-05-13,2019-05-14,106.65,10.76666666666667,,,,189.0,,,,0.04330805908865625,,40.0,,,,land,SAS,,
1160,Truong,2021,https://doi.org/10.1016/j.chemosphere.2021.129874,,,o,,18.25,,730.0,fiber,2019-05-24,2019-05-25,106.65,10.76666666666667,,,,211.0,,,,0.04834920882384375,,40.0,,,,land,SAS,,
1161,Truong,2021,https://doi.org/10.1016/j.chemosphere.2021.129874,,,o,,18.25,,730.0,fiber,2019-06-14,2019-06-15,106.65,10.76666666666667,,,,290.0,,,,0.0664515192365625,,40.0,,,,land,SAS,,
1162,Truong,2021,https://doi.org/10.1016/j.chemosphere.2021.129874,,,o,,18.25,,730.0,fiber,2019-06-25,2019-06-26,106.65,10.76666666666667,,,,401.0,,,,0.09188641108228127,,40.0,,,,land,SAS,,
1163,Truong,2021,https://doi.org/10.1016/j.chemosphere.2021.129874,,,o,,16.675,,667.0,fiber,2018-06-25,2018-06-26,106.4166666666667,10.95,,,,82.0,,,,0.01433275542969169,,40.0,,,,land,SAS,,
1164,Truong,2021,https://doi.org/10.1016/j.chemosphere.2021.129874,,,o,,16.675,,667.0,fiber,2018-07-12,2018-07-13,106.4166666666667,10.95,,,,82.0,,,,0.01433275542969169,,40.0,,,,land,SAS,,
1165,Truong,2021,https://doi.org/10.1016/j.chemosphere.2021.129874,,,o,,16.675,,667.0,fiber,2018-07-26,2018-07-27,106.4166666666667,10.95,,,,265.0,,,,0.04631927059595485,,40.0,,,,land,SAS,,
1166,Truong,2021,https://doi.org/10.1016/j.chemosphere.2021.129874,,,o,,16.675,,667.0,fiber,2018-08-31,2018-09-01,106.4166666666667,10.95,,,,122.0,,,,0.02132434344417544,,40.0,,,,land,SAS,,
1167,Truong,2021,https://doi.org/10.1016/j.chemosphere.2021.129874,,,o,,16.675,,667.0,fiber,2018-08-23,2018-08-24,106.4166666666667,10.95,,,,115.0,,,,0.02010081554164078,,40.0,,,,land,SAS,,
1168,Truong,2021,https://doi.org/10.1016/j.chemosphere.2021.129874,,,o,,16.675,,667.0,fiber,2018-09-14,2018-09-15,106.4166666666667,10.95,,,,87.0,,,,0.01520670393150216,,40.0,,,,land,SAS,,
1169,Truong,2021,https://doi.org/10.1016/j.chemosphere.2021.129874,,,o,,16.675,,667.0,fiber,2018-09-24,2018-09-25,106.4166666666667,10.95,,,,170.0,,,,0.02971424906155594,,40.0,,,,land,SAS,,
1170,Truong,2021,https://doi.org/10.1016/j.chemosphere.2021.129874,,,o,,16.675,,667.0,fiber,2018-10-15,2018-10-16,106.4166666666667,10.95,,,,143.0,,,,0.02499492715177941,,40.0,,,,land,SAS,,
1171,Truong,2021,https://doi.org/10.1016/j.chemosphere.2021.129874,,,o,,16.675,,667.0,fiber,2018-10-25,2018-10-26,106.4166666666667,10.95,,,,306.0,,,,0.05348564831080069,,40.0,,,,land,SAS,,
1172,Truong,2021,https://doi.org/10.1016/j.chemosphere.2021.129874,,,o,,16.675,,667.0,fiber,2018-11-19,2018-11-20,106.4166666666667,10.95,,,,107.0,,,,0.01870249793874403,,40.0,,,,land,SAS,,
1173,Truong,2021,https://doi.org/10.1016/j.chemosphere.2021.129874,,,o,,16.675,,667.0,fiber,2018-11-29,2018-11-30,106.4166666666667,10.95,,,,258.0,,,,0.04509574269342019,,40.0,,,,land,SAS,,
1174,Truong,2021,https://doi.org/10.1016/j.chemosphere.2021.129874,,,o,,16.675,,667.0,fiber,2018-12-13,2018-12-14,106.4166666666667,10.95,,,,413.0,,,,0.07218814624954473,,40.0,,,,land,SAS,,
1175,Truong,2021,https://doi.org/10.1016/j.chemosphere.2021.129874,,,o,,16.675,,667.0,fiber,2018-12-24,2018-12-25,106.4166666666667,10.95,,,,645.0,,,,0.1127393567335505,,40.0,,,,land,SAS,,
1176,Truong,2021,https://doi.org/10.1016/j.chemosphere.2021.129874,,,o,,16.675,,667.0,fiber,2019-01-14,2019-01-15,106.4166666666667,10.95,,,,168.0,,,,0.02936466966083175,,40.0,,,,land,SAS,,
1177,Truong,2021,https://doi.org/10.1016/j.chemosphere.2021.129874,,,o,,16.675,,667.0,fiber,2019-01-24,2019-01-25,106.4166666666667,10.95,,,,109.0,,,,0.01905207733946822,,40.0,,,,land,SAS,,
1178,Truong,2021,https://doi.org/10.1016/j.chemosphere.2021.129874,,,o,,16.675,,667.0,fiber,2019-02-14,2019-02-15,106.4166666666667,10.95,,,,71.0,,,,0.01241006872570866,,40.0,,,,land,SAS,,
1179,Truong,2021,https://doi.org/10.1016/j.chemosphere.2021.129874,,,o,,16.675,,667.0,fiber,2019-02-25,2019-02-26,106.4166666666667,10.95,,,,129.0,,,,0.0225478713467101,,40.0,,,,land,SAS,,
1180,Truong,2021,https://doi.org/10.1016/j.chemosphere.2021.129874,,,o,,16.675,,667.0,fiber,2019-03-14,2019-03-15,106.4166666666667,10.95,,,,148.0,,,,0.02586887565358988,,40.0,,,,land,SAS,,
1181,Truong,2021,https://doi.org/10.1016/j.chemosphere.2021.129874,,,o,,16.675,,667.0,fiber,2019-03-25,2019-03-26,106.4166666666667,10.95,,,,285.0,,,,0.04981506460319672,,40.0,,,,land,SAS,,
1182,Truong,2021,https://doi.org/10.1016/j.chemosphere.2021.129874,,,o,,16.675,,667.0,fiber,2019-04-15,2019-04-16,106.4166666666667,10.95,,,,178.0,,,,0.03111256666445269,,40.0,,,,land,SAS,,
1183,Truong,2021,https://doi.org/10.1016/j.chemosphere.2021.129874,,,o,,16.675,,667.0,fiber,2019-04-25,2019-04-26,106.4166666666667,10.95,,,,238.0,,,,0.04159994868617832,,40.0,,,,land,SAS,,
1184,Truong,2021,https://doi.org/10.1016/j.chemosphere.2021.129874,,,o,,16.675,,667.0,fiber,2019-05-13,2019-05-14,106.4166666666667,10.95,,,,785.0,,,,0.1372099147842436,,40.0,,,,land,SAS,,
1185,Truong,2021,https://doi.org/10.1016/j.chemosphere.2021.129874,,,o,,16.675,,667.0,fiber,2019-05-24,2019-05-25,106.4166666666667,10.95,,,,367.0,,,,0.06414782003288841,,40.0,,,,land,SAS,,
1186,Truong,2021,https://doi.org/10.1016/j.chemosphere.2021.129874,,,o,,16.675,,667.0,fiber,2019-06-14,2019-06-15,106.4166666666667,10.95,,,,163.0,,,,0.02849072115902129,,40.0,,,,land,SAS,,
1187,Truong,2021,https://doi.org/10.1016/j.chemosphere.2021.129874,,,o,,98.85842836111334,"122811, 115642, 82850 (area)",197.7168567222267,fragment,2018-06-14,2018-06-15,106.4833333333333,10.96666666666667,,,,0.0,,,,0.0,,2.0,,,,land,SAS,,
1188,Truong,2021,https://doi.org/10.1016/j.chemosphere.2021.129874,,,o,,98.85842836111334,,197.7168567222267,fragment,2018-06-25,2018-06-26,106.4833333333333,10.96666666666667,,,,7.0,,,,0.01274757159820232,,2.0,,,,land,SAS,,
1189,Truong,2021,https://doi.org/10.1016/j.chemosphere.2021.129874,,,o,,98.85842836111334,,197.7168567222267,fragment,2018-07-12,2018-07-13,106.4833333333333,10.96666666666667,,,,0.0,,,,0.0,,2.0,,,,land,SAS,,
1190,Truong,2021,https://doi.org/10.1016/j.chemosphere.2021.129874,,,o,,98.85842836111334,,197.7168567222267,fragment,2018-07-26,2018-07-27,106.4833333333333,10.96666666666667,,,,48.0,,,,0.08741191953053018,,2.0,,,,land,SAS,,
1191,Truong,2021,https://doi.org/10.1016/j.chemosphere.2021.129874,,,o,,98.85842836111334,,197.7168567222267,fragment,2018-08-31,2018-09-01,106.4833333333333,10.96666666666667,,,,5.0,,,,0.009105408284430228,,2.0,,,,land,SAS,,
1192,Truong,2021,https://doi.org/10.1016/j.chemosphere.2021.129874,,,o,,98.85842836111334,,197.7168567222267,fragment,2018-08-23,2018-08-24,106.4833333333333,10.96666666666667,,,,0.0,,,,0.0,,2.0,,,,land,SAS,,
1193,Truong,2021,https://doi.org/10.1016/j.chemosphere.2021.129874,,,o,,98.85842836111334,,197.7168567222267,fragment,2018-09-14,2018-09-15,106.4833333333333,10.96666666666667,,,,0.0,,,,0.0,,2.0,,,,land,SAS,,
1194,Truong,2021,https://doi.org/10.1016/j.chemosphere.2021.129874,,,o,,98.85842836111334,,197.7168567222267,fragment,2018-09-24,2018-09-25,106.4833333333333,10.96666666666667,,,,0.0,,,,0.0,,2.0,,,,land,SAS,,
1195,Truong,2021,https://doi.org/10.1016/j.chemosphere.2021.129874,,,o,,98.85842836111334,,197.7168567222267,fragment,2018-10-15,2018-10-16,106.4833333333333,10.96666666666667,,,,5.0,,,,0.009105408284430228,,2.0,,,,land,SAS,,
1196,Truong,2021,https://doi.org/10.1016/j.chemosphere.2021.129874,,,o,,98.85842836111334,,197.7168567222267,fragment,2018-10-25,2018-10-26,106.4833333333333,10.96666666666667,,,,14.0,,,,0.02549514319640464,,2.0,,,,land,SAS,,
1197,Truong,2021,https://doi.org/10.1016/j.chemosphere.2021.129874,,,o,,98.85842836111334,,197.7168567222267,fragment,2018-11-19,2018-11-20,106.4833333333333,10.96666666666667,,,,0.0,,,,0.0,,2.0,,,,land,SAS,,
1198,Truong,2021,https://doi.org/10.1016/j.chemosphere.2021.129874,,,o,,98.85842836111334,,197.7168567222267,fragment,2018-11-29,2018-11-30,106.4833333333333,10.96666666666667,,,,0.0,,,,0.0,,2.0,,,,land,SAS,,
1199,Truong,2021,https://doi.org/10.1016/j.chemosphere.2021.129874,,,o,,98.85842836111334,,197.7168567222267,fragment,2018-12-13,2018-12-14,106.4833333333333,10.96666666666667,,,,5.0,,,,0.009105408284430228,,2.0,,,,land,SAS,,
1200,Truong,2021,https://doi.org/10.1016/j.chemosphere.2021.129874,,,o,,98.85842836111334,,197.7168567222267,fragment,2018-12-24,2018-12-25,106.4833333333333,10.96666666666667,,,,0.0,,,,0.0,,2.0,,,,land,SAS,,
1201,Truong,2021,https://doi.org/10.1016/j.chemosphere.2021.129874,,,o,,98.85842836111334,,197.7168567222267,fragment,2019-01-14,2019-01-15,106.4833333333333,10.96666666666667,,,,5.0,,,,0.009105408284430228,,2.0,,,,land,SAS,,
1202,Truong,2021,https://doi.org/10.1016/j.chemosphere.2021.129874,,,o,,98.85842836111334,,197.7168567222267,fragment,2019-01-24,2019-01-25,106.4833333333333,10.96666666666667,,,,0.0,,,,0.0,,2.0,,,,land,SAS,,
1203,Truong,2021,https://doi.org/10.1016/j.chemosphere.2021.129874,,,o,,98.85842836111334,,197.7168567222267,fragment,2019-02-14,2019-02-15,106.4833333333333,10.96666666666667,,,,10.0,,,,0.01821081656886046,,2.0,,,,land,SAS,,
1204,Truong,2021,https://doi.org/10.1016/j.chemosphere.2021.129874,,,o,,98.85842836111334,,197.7168567222267,fragment,2019-02-25,2019-02-26,106.4833333333333,10.96666666666667,,,,0.0,,,,0.0,,2.0,,,,land,SAS,,
1205,Truong,2021,https://doi.org/10.1016/j.chemosphere.2021.129874,,,o,,98.85842836111334,,197.7168567222267,fragment,2019-03-14,2019-03-15,106.4833333333333,10.96666666666667,,,,5.0,,,,0.009105408284430228,,2.0,,,,land,SAS,,
1206,Truong,2021,https://doi.org/10.1016/j.chemosphere.2021.129874,,,o,,98.85842836111334,,197.7168567222267,fragment,2019-03-25,2019-03-26,106.4833333333333,10.96666666666667,,,,0.0,,,,0.0,,2.0,,,,land,SAS,,
1207,Truong,2021,https://doi.org/10.1016/j.chemosphere.2021.129874,,,o,,98.85842836111334,,197.7168567222267,fragment,2019-04-15,2019-04-16,106.4833333333333,10.96666666666667,,,,0.0,,,,0.0,,2.0,,,,land,SAS,,
1208,Truong,2021,https://doi.org/10.1016/j.chemosphere.2021.129874,,,o,,98.85842836111334,,197.7168567222267,fragment,2019-04-25,2019-04-26,106.4833333333333,10.96666666666667,,,,0.0,,,,0.0,,2.0,,,,land,SAS,,
1209,Truong,2021,https://doi.org/10.1016/j.chemosphere.2021.129874,,,o,,98.85842836111334,,197.7168567222267,fragment,2019-05-13,2019-05-14,106.4833333333333,10.96666666666667,,,,0.0,,,,0.0,,2.0,,,,land,SAS,,
1210,Truong,2021,https://doi.org/10.1016/j.chemosphere.2021.129874,,,o,,98.85842836111334,,197.7168567222267,fragment,2019-05-24,2019-05-25,106.4833333333333,10.96666666666667,,,,0.0,,,,0.0,,2.0,,,,land,SAS,,
1211,Truong,2021,https://doi.org/10.1016/j.chemosphere.2021.129874,,,o,,95.92965112266634,,191.8593022453327,fragment,2018-07-12,2018-07-13,106.65,10.76666666666667,,,,10.0,,,,0.01663975430937099,,2.0,,,,land,SAS,,
1212,Truong,2021,https://doi.org/10.1016/j.chemosphere.2021.129874,,,o,,95.92965112266634,,191.8593022453327,fragment,2018-07-26,2018-07-27,106.65,10.76666666666667,,,,20.0,,,,0.03327950861874198,,2.0,,,,land,SAS,,
1213,Truong,2021,https://doi.org/10.1016/j.chemosphere.2021.129874,,,o,,95.92965112266634,,191.8593022453327,fragment,2018-08-31,2018-09-01,106.65,10.76666666666667,,,,0.0,,,,0.0,,2.0,,,,land,SAS,,
1214,Truong,2021,https://doi.org/10.1016/j.chemosphere.2021.129874,,,o,,95.92965112266634,,191.8593022453327,fragment,2018-08-23,2018-08-24,106.65,10.76666666666667,,,,0.0,,,,0.0,,2.0,,,,land,SAS,,
1215,Truong,2021,https://doi.org/10.1016/j.chemosphere.2021.129874,,,o,,95.92965112266634,,191.8593022453327,fragment,2018-09-14,2018-09-15,106.65,10.76666666666667,,,,0.0,,,,0.0,,2.0,,,,land,SAS,,
1216,Truong,2021,https://doi.org/10.1016/j.chemosphere.2021.129874,,,o,,95.92965112266634,,191.8593022453327,fragment,2018-09-24,2018-09-25,106.65,10.76666666666667,,,,0.0,,,,0.0,,2.0,,,,land,SAS,,
1217,Truong,2021,https://doi.org/10.1016/j.chemosphere.2021.129874,,,o,,95.92965112266634,,191.8593022453327,fragment,2018-10-15,2018-10-16,106.65,10.76666666666667,,,,10.0,,,,0.01663975430937099,,2.0,,,,land,SAS,,
1218,Truong,2021,https://doi.org/10.1016/j.chemosphere.2021.129874,,,o,,95.92965112266634,,191.8593022453327,fragment,2018-10-25,2018-10-26,106.65,10.76666666666667,,,,20.0,,,,0.03327950861874198,,2.0,,,,land,SAS,,
1219,Truong,2021,https://doi.org/10.1016/j.chemosphere.2021.129874,,,o,,95.92965112266634,,191.8593022453327,fragment,2018-11-19,2018-11-20,106.65,10.76666666666667,,,,10.0,,,,0.01663975430937099,,2.0,,,,land,SAS,,
1220,Truong,2021,https://doi.org/10.1016/j.chemosphere.2021.129874,,,o,,95.92965112266634,,191.8593022453327,fragment,2018-11-29,2018-11-30,106.65,10.76666666666667,,,,7.0,,,,0.01164782801655969,,2.0,,,,land,SAS,,
1221,Truong,2021,https://doi.org/10.1016/j.chemosphere.2021.129874,,,o,,95.92965112266634,,191.8593022453327,fragment,2018-12-13,2018-12-14,106.65,10.76666666666667,,,,5.0,,,,0.008319877154685495,,2.0,,,,land,SAS,,
1222,Truong,2021,https://doi.org/10.1016/j.chemosphere.2021.129874,,,o,,95.92965112266634,,191.8593022453327,fragment,2018-12-24,2018-12-25,106.65,10.76666666666667,,,,7.0,,,,0.01164782801655969,,2.0,,,,land,SAS,,
1223,Truong,2021,https://doi.org/10.1016/j.chemosphere.2021.129874,,,o,,95.92965112266634,,191.8593022453327,fragment,2019-01-14,2019-01-15,106.65,10.76666666666667,,,,15.0,,,,0.02495963146405648,,2.0,,,,land,SAS,,
1224,Truong,2021,https://doi.org/10.1016/j.chemosphere.2021.129874,,,o,,95.92965112266634,,191.8593022453327,fragment,2019-01-24,2019-01-25,106.65,10.76666666666667,,,,0.0,,,,0.0,,2.0,,,,land,SAS,,
1225,Truong,2021,https://doi.org/10.1016/j.chemosphere.2021.129874,,,o,,95.92965112266634,,191.8593022453327,fragment,2019-02-14,2019-02-15,106.65,10.76666666666667,,,,10.0,,,,0.01663975430937099,,2.0,,,,land,SAS,,
1226,Truong,2021,https://doi.org/10.1016/j.chemosphere.2021.129874,,,o,,95.92965112266634,,191.8593022453327,fragment,2019-02-25,2019-02-26,106.65,10.76666666666667,,,,0.0,,,,0.0,,2.0,,,,land,SAS,,
1227,Truong,2021,https://doi.org/10.1016/j.chemosphere.2021.129874,,,o,,95.92965112266634,,191.8593022453327,fragment,2019-03-14,2019-03-15,106.65,10.76666666666667,,,,0.0,,,,0.0,,2.0,,,,land,SAS,,
1228,Truong,2021,https://doi.org/10.1016/j.chemosphere.2021.129874,,,o,,95.92965112266634,,191.8593022453327,fragment,2019-03-25,2019-03-26,106.65,10.76666666666667,,,,14.0,,,,0.02329565603311939,,2.0,,,,land,SAS,,
1229,Truong,2021,https://doi.org/10.1016/j.chemosphere.2021.129874,,,o,,95.92965112266634,,191.8593022453327,fragment,2019-04-15,2019-04-16,106.65,10.76666666666667,,,,10.0,,,,0.01663975430937099,,2.0,,,,land,SAS,,
1230,Truong,2021,https://doi.org/10.1016/j.chemosphere.2021.129874,,,o,,95.92965112266634,,191.8593022453327,fragment,2019-04-25,2019-04-26,106.65,10.76666666666667,,,,0.0,,,,0.0,,2.0,,,,land,SAS,,
1231,Truong,2021,https://doi.org/10.1016/j.chemosphere.2021.129874,,,o,,95.92965112266634,,191.8593022453327,fragment,2019-05-13,2019-05-14,106.65,10.76666666666667,,,,5.0,,,,0.008319877154685495,,2.0,,,,land,SAS,,
1232,Truong,2021,https://doi.org/10.1016/j.chemosphere.2021.129874,,,o,,95.92965112266634,,191.8593022453327,fragment,2019-05-24,2019-05-25,106.65,10.76666666666667,,,,0.0,,,,0.0,,2.0,,,,land,SAS,,
1233,Truong,2021,https://doi.org/10.1016/j.chemosphere.2021.129874,,,o,,95.92965112266634,,191.8593022453327,fragment,2019-06-14,2019-06-15,106.65,10.76666666666667,,,,0.0,,,,0.0,,2.0,,,,land,SAS,,
1234,Truong,2021,https://doi.org/10.1016/j.chemosphere.2021.129874,,,o,,95.92965112266634,,191.8593022453327,fragment,2019-06-25,2019-06-26,106.65,10.76666666666667,,,,0.0,,,,0.0,,2.0,,,,land,SAS,,
1235,Truong,2021,https://doi.org/10.1016/j.chemosphere.2021.129874,,,o,,81.19725067748146,,162.3945013549629,fragment,2018-06-25,2018-06-26,106.4166666666667,10.95,,,,0.0,,,,0.0,,2.0,,,,land,SAS,,
1236,Truong,2021,https://doi.org/10.1016/j.chemosphere.2021.129874,,,o,,81.19725067748146,,162.3945013549629,fragment,2018-07-12,2018-07-13,106.4166666666667,10.95,,,,0.0,,,,0.0,,2.0,,,,land,SAS,,
1237,Truong,2021,https://doi.org/10.1016/j.chemosphere.2021.129874,,,o,,81.19725067748146,,162.3945013549629,fragment,2018-07-26,2018-07-27,106.4166666666667,10.95,,,,0.0,,,,0.0,,2.0,,,,land,SAS,,
1238,Truong,2021,https://doi.org/10.1016/j.chemosphere.2021.129874,,,o,,81.19725067748146,,162.3945013549629,fragment,2018-08-31,2018-09-01,106.4166666666667,10.95,,,,15.0,,,,0.01513573608724224,,2.0,,,,land,SAS,,
1239,Truong,2021,https://doi.org/10.1016/j.chemosphere.2021.129874,,,o,,81.19725067748146,,162.3945013549629,fragment,2018-08-23,2018-08-24,106.4166666666667,10.95,,,,14.0,,,,0.01412668701475943,,2.0,,,,land,SAS,,
1240,Truong,2021,https://doi.org/10.1016/j.chemosphere.2021.129874,,,o,,81.19725067748146,,162.3945013549629,fragment,2018-09-14,2018-09-15,106.4166666666667,10.95,,,,5.0,,,,0.005045245362414081,,2.0,,,,land,SAS,,
1241,Truong,2021,https://doi.org/10.1016/j.chemosphere.2021.129874,,,o,,81.19725067748146,,162.3945013549629,fragment,2018-09-24,2018-09-25,106.4166666666667,10.95,,,,0.0,,,,0.0,,2.0,,,,land,SAS,,
1242,Truong,2021,https://doi.org/10.1016/j.chemosphere.2021.129874,,,o,,81.19725067748146,,162.3945013549629,fragment,2018-10-15,2018-10-16,106.4166666666667,10.95,,,,0.0,,,,0.0,,2.0,,,,land,SAS,,
1243,Truong,2021,https://doi.org/10.1016/j.chemosphere.2021.129874,,,o,,81.19725067748146,,162.3945013549629,fragment,2018-10-25,2018-10-26,106.4166666666667,10.95,,,,27.0,,,,0.02724432495703603,,2.0,,,,land,SAS,,
1244,Truong,2021,https://doi.org/10.1016/j.chemosphere.2021.129874,,,o,,81.19725067748146,,162.3945013549629,fragment,2018-11-19,2018-11-20,106.4166666666667,10.95,,,,0.0,,,,0.0,,2.0,,,,land,SAS,,
1245,Truong,2021,https://doi.org/10.1016/j.chemosphere.2021.129874,,,o,,81.19725067748146,,162.3945013549629,fragment,2018-11-29,2018-11-30,106.4166666666667,10.95,,,,0.0,,,,0.0,,2.0,,,,land,SAS,,
1246,Truong,2021,https://doi.org/10.1016/j.chemosphere.2021.129874,,,o,,81.19725067748146,,162.3945013549629,fragment,2018-12-13,2018-12-14,106.4166666666667,10.95,,,,0.0,,,,0.0,,2.0,,,,land,SAS,,
1247,Truong,2021,https://doi.org/10.1016/j.chemosphere.2021.129874,,,o,,81.19725067748146,,162.3945013549629,fragment,2018-12-24,2018-12-25,106.4166666666667,10.95,,,,0.0,,,,0.0,,2.0,,,,land,SAS,,
1248,Truong,2021,https://doi.org/10.1016/j.chemosphere.2021.129874,,,o,,81.19725067748146,,162.3945013549629,fragment,2019-01-14,2019-01-15,106.4166666666667,10.95,,,,5.0,,,,0.005045245362414081,,2.0,,,,land,SAS,,
1249,Truong,2021,https://doi.org/10.1016/j.chemosphere.2021.129874,,,o,,81.19725067748146,,162.3945013549629,fragment,2019-01-24,2019-01-25,106.4166666666667,10.95,,,,7.0,,,,0.007063343507379713,,2.0,,,,land,SAS,,
1250,Truong,2021,https://doi.org/10.1016/j.chemosphere.2021.129874,,,o,,81.19725067748146,,162.3945013549629,fragment,2019-02-14,2019-02-15,106.4166666666667,10.95,,,,0.0,,,,0.0,,2.0,,,,land,SAS,,
1251,Truong,2021,https://doi.org/10.1016/j.chemosphere.2021.129874,,,o,,81.19725067748146,,162.3945013549629,fragment,2019-02-25,2019-02-26,106.4166666666667,10.95,,,,0.0,,,,0.0,,2.0,,,,land,SAS,,
1252,Truong,2021,https://doi.org/10.1016/j.chemosphere.2021.129874,,,o,,81.19725067748146,,162.3945013549629,fragment,2019-03-14,2019-03-15,106.4166666666667,10.95,,,,0.0,,,,0.0,,2.0,,,,land,SAS,,
1253,Truong,2021,https://doi.org/10.1016/j.chemosphere.2021.129874,,,o,,81.19725067748146,,162.3945013549629,fragment,2019-03-25,2019-03-26,106.4166666666667,10.95,,,,0.0,,,,0.0,,2.0,,,,land,SAS,,
1254,Truong,2021,https://doi.org/10.1016/j.chemosphere.2021.129874,,,o,,81.19725067748146,,162.3945013549629,fragment,2019-04-15,2019-04-16,106.4166666666667,10.95,,,,5.0,,,,0.005045245362414081,,2.0,,,,land,SAS,,
1255,Truong,2021,https://doi.org/10.1016/j.chemosphere.2021.129874,,,o,,81.19725067748146,,162.3945013549629,fragment,2019-04-25,2019-04-26,106.4166666666667,10.95,,,,0.0,,,,0.0,,2.0,,,,land,SAS,,
1256,Truong,2021,https://doi.org/10.1016/j.chemosphere.2021.129874,,,o,,81.19725067748146,,162.3945013549629,fragment,2019-05-13,2019-05-14,106.4166666666667,10.95,,,,0.0,,,,0.0,,2.0,,,,land,SAS,,
1257,Truong,2021,https://doi.org/10.1016/j.chemosphere.2021.129874,,,o,,81.19725067748146,,162.3945013549629,fragment,2019-05-24,2019-05-25,106.4166666666667,10.95,,,,0.0,,,,0.0,,2.0,,,,land,SAS,,
1258,Truong,2021,https://doi.org/10.1016/j.chemosphere.2021.129874,,,o,,81.19725067748146,,162.3945013549629,fragment,2019-06-14,2019-06-15,106.4166666666667,10.95,,,,10.0,,,,0.01009049072482816,,2.0,,,,land,SAS,,
1259,Gonzalez,2021,https://doi.org/10.1016/j.scitotenv.2020.143213,,,,o,20.0,,675.0,fiber,2018-04-25,2018-04-26,-3.2441,40.2808,943.0,,,,1.26,,,,0.00032062149,33.75,,,,land,EUR,,
1260,Gonzalez,2021,https://doi.org/10.1016/j.scitotenv.2020.143213,,,,o,20.0,,675.0,fiber,2019-05-23,2019-05-24,-4.026,41.1336,2356.0,,,,2.688,,,,0.0006839925120000001,33.75,,,,land,EUR,,
1261,Gonzalez,2021,https://doi.org/10.1016/j.scitotenv.2020.143213,,,,o,20.0,,675.0,fiber,2019-06-17,2019-06-18,-3.1899,40.6234,2435.0,,,,2.479,,,,0.0006308100585000002,33.75,,,,land,EUR,,
1262,Gonzalez,2021,https://doi.org/10.1016/j.scitotenv.2020.143213,,,,o,20.0,,675.0,fiber,2019-06-17,2019-06-18,-3.6849,40.468,2549.0,,,,9.313,,,,0.0023697999495,33.75,,,,land,EUR,,
1263,Gonzalez,2021,https://doi.org/10.1016/j.scitotenv.2020.143213,,,,o,72.0,,142.0,fragment,2018-04-25,2018-04-26,-3.2441,40.2808,943.0,,,,0.24,,,,0.000166503320064,1.972222222222222,,,,land,EUR,,
1264,Gonzalez,2021,https://doi.org/10.1016/j.scitotenv.2020.143213,,,,o,72.0,,142.0,fragment,2019-05-23,2019-05-24,-4.026,41.1336,2356.0,,,,0.512,,,,0.0003552070828032,1.972222222222222,,,,land,EUR,,
1265,Gonzalez,2021,https://doi.org/10.1016/j.scitotenv.2020.143213,,,,o,72.0,,142.0,fragment,2019-06-17,2019-06-18,-3.1899,40.6234,2435.0,,,,1.221,,,,0.0008470856408256001,1.972222222222222,,,,land,EUR,,
1266,Gonzalez,2021,https://doi.org/10.1016/j.scitotenv.2020.143213,,,,o,72.0,,142.0,fragment,2019-06-17,2019-06-18,-3.6849,40.468,2549.0,,,,4.587000000000001,,,,0.0031822947047232,1.972222222222222,,,,land,EUR,,
1267,Gonzalez,2021,https://doi.org/10.1016/j.scitotenv.2020.143213,,,,o,6.123724356957945,"5-30, 30-100",12.24744871391589,fragment,2019-07-01,2019-08-31,120.6666666666667,27.93333333333333,,,,,130.15,,,,5.633514136732383e-05,2.0,,,,land,EAS,,
1268,Gonzalez,2021,https://doi.org/10.1016/j.scitotenv.2020.143213,,,,o,6.123724356957945,,12.24744871391589,fragment,2019-07-01,2019-08-31,120.7083333333333,27.95,,,,,92.14999999999999,,,,3.988692490971103e-05,2.0,,,,land,EAS,,
1269,Gonzalez,2021,https://doi.org/10.1016/j.scitotenv.2020.143213,,,,o,6.123724356957945,,12.24744871391589,fragment,2019-07-01,2019-08-31,120.7333333333333,27.91666666666667,,,,,66.5,,,,2.878437880082239e-05,2.0,,,,land,EAS,,
1270,Gonzalez,2021,https://doi.org/10.1016/j.scitotenv.2020.143213,,,,o,1.369306393762915,"30-100, 5-30",54.77225575051661,fiber,2019-07-01,2019-08-31,120.6666666666667,27.93333333333333,,,,,6.850000000000001,,,,6.629958190494554e-07,40.0,,,,land,EAS,,
1271,Gonzalez,2021,https://doi.org/10.1016/j.scitotenv.2020.143213,,,,o,1.369306393762915,,54.77225575051661,fiber,2019-07-01,2019-08-31,120.7083333333333,27.95,,,,,4.850000000000001,,,,4.694203974291765e-07,40.0,,,,land,EAS,,
1272,Gonzalez,2021,https://doi.org/10.1016/j.scitotenv.2020.143213,,,,o,1.369306393762915,,54.77225575051661,fiber,2019-07-01,2019-08-31,120.7333333333333,27.91666666666667,,,,,3.5,,,,3.387569878354882e-07,40.0,,,,land,EAS,,
1273,Abbasi,2023,https://doi.org/10.1016/j.jes.2022.02.044,,,,o,2.5,,100.0,fiber,2019-08-28,2019-08-29,48.7,31.56666666666667,,,,,0.0069,,,,4.064315625e-09,40.0,,,,land,WAS,,
1274,Abbasi,2023,https://doi.org/10.1016/j.jes.2022.02.044,,,,o,2.5,,100.0,fiber,2019-09-04,2019-09-05,48.7,31.56666666666667,,,,,0.008,,,,4.712250000000001e-09,40.0,,,,land,WAS,,
1275,Abbasi,2023,https://doi.org/10.1016/j.jes.2022.02.044,,,,o,2.5,,100.0,fiber,2019-09-15,2019-09-16,48.7,31.56666666666667,,,,,0.0091,,,,5.360184375000001e-09,40.0,,,,land,WAS,,
1276,Abbasi,2023,https://doi.org/10.1016/j.jes.2022.02.044,,,,o,2.5,,100.0,fiber,2019-09-22,2019-09-23,48.7,31.56666666666667,,,,,0.0166,,,,9.777918750000001e-09,40.0,,,,land,WAS,,
1277,Abbasi,2023,https://doi.org/10.1016/j.jes.2022.02.044,,,,o,2.5,,100.0,fiber,2019-09-29,2019-09-30,48.7,31.56666666666667,,,,,0.0069,,,,4.064315625e-09,40.0,,,,land,WAS,,
1278,Abbasi,2023,https://doi.org/10.1016/j.jes.2022.02.044,,,,o,2.5,,100.0,fiber,2019-10-06,2019-10-07,48.7,31.56666666666667,,,,,0.0064,,,,3.769800000000001e-09,40.0,,,,land,WAS,,
1279,Abbasi,2023,https://doi.org/10.1016/j.jes.2022.02.044,,,,o,2.5,,100.0,fiber,2019-09-20,2019-09-21,48.7,31.56666666666667,,,,,0.0048,,,,2.82735e-09,40.0,,,,land,WAS,,
1280,Abbasi,2023,https://doi.org/10.1016/j.jes.2022.02.044,,,,o,2.5,,100.0,fiber,2019-10-28,2019-10-29,48.7,31.56666666666667,,,,,0.0021,,,,1.236965625e-09,40.0,,,,land,WAS,,
1281,Abbasi,2023,https://doi.org/10.1016/j.jes.2022.02.044,,,,o,2.5,,100.0,fiber,2019-11-21,2019-11-22,48.7,31.56666666666667,,,,,0.0048,,,,2.82735e-09,40.0,,,,land,WAS,,
1282,Abbasi,2023,https://doi.org/10.1016/j.jes.2022.02.044,,,,o,2.5,,100.0,fiber,2019-11-29,2019-11-30,48.7,31.56666666666667,,,,,0.0043,,,,2.532834375e-09,40.0,,,,land,WAS,,
1283,Abbasi,2023,https://doi.org/10.1016/j.jes.2022.02.044,,,,o,2.5,,100.0,fiber,2019-12-22,2019-12-23,48.7,31.56666666666667,,,,,0.0048,,,,2.82735e-09,40.0,,,,land,WAS,,
1284,Abbasi,2023,https://doi.org/10.1016/j.jes.2022.02.044,,,,o,2.5,,100.0,fiber,2019-08-28,2019-08-29,48.65,31.3,,,,,0.0043,,,,2.532834375e-09,40.0,,,,land,WAS,,
1285,Abbasi,2023,https://doi.org/10.1016/j.jes.2022.02.044,,,,o,2.5,,100.0,fiber,2019-09-04,2019-09-05,48.65,31.3,,,,,0.0107,,,,6.302634375e-09,40.0,,,,land,WAS,,
1286,Abbasi,2023,https://doi.org/10.1016/j.jes.2022.02.044,,,,o,2.5,,100.0,fiber,2019-09-15,2019-09-16,48.65,31.3,,,,,0.0064,,,,3.769800000000001e-09,40.0,,,,land,WAS,,
1287,Abbasi,2023,https://doi.org/10.1016/j.jes.2022.02.044,,,,o,2.5,,100.0,fiber,2019-09-22,2019-09-23,48.65,31.3,,,,,0.0085,,,,5.006765625000001e-09,40.0,,,,land,WAS,,
1288,Abbasi,2023,https://doi.org/10.1016/j.jes.2022.02.044,,,,o,2.5,,100.0,fiber,2019-09-29,2019-09-30,48.65,31.3,,,,,0.0043,,,,2.532834375e-09,40.0,,,,land,WAS,,
1289,Abbasi,2023,https://doi.org/10.1016/j.jes.2022.02.044,,,,o,2.5,,100.0,fiber,2019-10-06,2019-10-07,48.65,31.3,,,,,0.0085,,,,5.006765625000001e-09,40.0,,,,land,WAS,,
1290,Abbasi,2023,https://doi.org/10.1016/j.jes.2022.02.044,,,,o,2.5,,100.0,fiber,2019-10-31,2019-11-01,48.65,31.3,,,,,0.0048,,,,2.82735e-09,40.0,,,,land,WAS,,
1291,Abbasi,2023,https://doi.org/10.1016/j.jes.2022.02.044,,,,o,2.5,,100.0,fiber,2019-09-20,2019-09-21,48.65,31.3,,,,,0.0085,,,,5.006765625000001e-09,40.0,,,,land,WAS,,
1292,Abbasi,2023,https://doi.org/10.1016/j.jes.2022.02.044,,,,o,2.5,,100.0,fiber,2019-10-28,2019-10-29,48.65,31.3,,,,,0.0064,,,,3.769800000000001e-09,40.0,,,,land,WAS,,
1293,Abbasi,2023,https://doi.org/10.1016/j.jes.2022.02.044,,,,o,2.5,,100.0,fiber,2019-11-06,2019-11-07,48.65,31.3,,,,,0.0027,,,,1.590384375e-09,40.0,,,,land,WAS,,
1294,Abbasi,2023,https://doi.org/10.1016/j.jes.2022.02.044,,,,o,2.5,,100.0,fiber,2019-11-30,2019-12-01,48.65,31.3,,,,,0.0016,,,,9.424500000000002e-10,40.0,,,,land,WAS,,
1295,Abbasi,2023,https://doi.org/10.1016/j.jes.2022.02.044,,,,o,2.5,,100.0,fiber,2019-11-21,2019-11-22,48.65,31.3,,,,,0.0069,,,,4.064315625e-09,40.0,,,,land,WAS,,
1296,Abbasi,2023,https://doi.org/10.1016/j.jes.2022.02.044,,,,o,2.5,,100.0,fiber,2019-12-07,2019-12-08,48.65,31.3,,,,,0.0085,,,,5.006765625000001e-09,40.0,,,,land,WAS,,
1297,Abbasi,2023,https://doi.org/10.1016/j.jes.2022.02.044,,,,o,2.5,,100.0,fiber,2019-12-14,2019-12-15,48.65,31.3,,,,,0.015,,,,8.83546875e-09,40.0,,,,land,WAS,,
1298,Shruti,2022,https://doi.org/10.1016/j.scitotenv.2022.157601,,,,o,5.590169943749475,100-500,223.606797749979,fiber,2020-01-01,2020-01-31,-99.139,19.424,,,,,0.17775,,,,1.170584992730949e-06,40.0,,,,land,NAM,,
1299,Shruti,2022,https://doi.org/10.1016/j.scitotenv.2022.157601,,,,o,5.590169943749475,,223.606797749979,fiber,2020-02-01,2020-02-29,-99.139,19.424,,,,,0.1343,,,,8.844419945078285e-07,40.0,,,,land,NAM,,
1300,Shruti,2022,https://doi.org/10.1016/j.scitotenv.2022.157601,,,,o,5.590169943749475,,223.606797749979,fiber,2020-03-01,2020-03-31,-99.139,19.424,,,,,0.237,,,,1.560779990307932e-06,40.0,,,,land,NAM,,
1301,Shruti,2022,https://doi.org/10.1016/j.scitotenv.2022.157601,,,,o,5.590169943749475,,223.606797749979,fiber,2020-07-01,2020-07-31,-99.139,19.424,,,,,0.1817,,,,1.196597992569415e-06,40.0,,,,land,NAM,,
1302,Shruti,2022,https://doi.org/10.1016/j.scitotenv.2022.157601,,,,o,5.590169943749475,,223.606797749979,fiber,2020-08-01,2020-08-31,-99.139,19.424,,,,,0.11455,,,,7.543769953155007e-07,40.0,,,,land,NAM,,
1303,Shruti,2022,https://doi.org/10.1016/j.scitotenv.2022.157601,,,,o,5.590169943749475,,223.606797749979,fiber,2020-09-01,2020-09-30,-99.139,19.424,,,,,0.11455,,,,7.543769953155007e-07,40.0,,,,land,NAM,,
1304,Shruti,2022,https://doi.org/10.1016/j.scitotenv.2022.157601,,,,o,111.8033988749895,100-500,223.606797749979,fragment,2020-01-01,2020-01-31,-99.139,19.424,,,,,0.04725,,,,0.0001244672650498731,2.0,,,,land,NAM,,
1305,Shruti,2022,https://doi.org/10.1016/j.scitotenv.2022.157601,,,,o,111.8033988749895,,223.606797749979,fragment,2020-02-01,2020-02-29,-99.139,19.424,,,,,0.0357,,,,9.404193359323746e-05,2.0,,,,land,NAM,,
1306,Shruti,2022,https://doi.org/10.1016/j.scitotenv.2022.157601,,,,o,111.8033988749895,,223.606797749979,fragment,2020-03-01,2020-03-31,-99.139,19.424,,,,,0.063,,,,0.0001659563533998308,2.0,,,,land,NAM,,
1307,Shruti,2022,https://doi.org/10.1016/j.scitotenv.2022.157601,,,,o,111.8033988749895,,223.606797749979,fragment,2020-07-01,2020-07-31,-99.139,19.424,,,,,0.0483,,,,0.0001272332042732036,2.0,,,,land,NAM,,
1308,Shruti,2022,https://doi.org/10.1016/j.scitotenv.2022.157601,,,,o,111.8033988749895,,223.606797749979,fragment,2020-08-01,2020-08-31,-99.139,19.424,,,,,0.03045,,,,8.021223747658488e-05,2.0,,,,land,NAM,,
1309,Shruti,2022,https://doi.org/10.1016/j.scitotenv.2022.157601,,,,o,111.8033988749895,,223.606797749979,fragment,2020-09-01,2020-09-30,-99.139,19.424,,,,,0.03045,,,,8.021223747658488e-05,2.0,,,,land,NAM,,
1310,Allen,2021,https://doi.org/10.1038/s41467-021-27454-7,,,,o,0.2091650066335189,<20 ,8.366600265340756,fiber,2017-06-23,2017-07-04,0.14117,42.936802,,,,,0.05217391304347826,,,,1.799860335016069e-11,40.0,,,,land,EUR,,
1311,Allen,2021,https://doi.org/10.1038/s41467-021-27454-7,,,,o,0.2091650066335189,,8.366600265340756,fiber,2017-07-04,2017-07-11,0.14117,42.936802,,,,,0.1991459627329193,,,,6.870002618030082e-11,40.0,,,,land,EUR,,
1312,Allen,2021,https://doi.org/10.1038/s41467-021-27454-7,,,,o,0.2091650066335189,,8.366600265340756,fiber,2017-07-12,2017-07-18,0.14117,42.936802,,,,,0.06828416149068323,,,,2.355620780724155e-11,40.0,,,,land,EUR,,
1313,Allen,2021,https://doi.org/10.1038/s41467-021-27454-7,,,,o,0.2091650066335189,,8.366600265340756,fiber,2017-07-19,2017-07-22,0.14117,42.936802,,,,,0.03412267080745342,,,,1.177140799463634e-11,40.0,,,,land,EUR,,
1314,Allen,2021,https://doi.org/10.1038/s41467-021-27454-7,,,,o,0.2091650066335189,,8.366600265340756,fiber,2017-08-01,2017-08-08,0.14117,42.936802,,,,,0.04553571428571429,,,,1.570860247748399e-11,40.0,,,,land,EUR,,
1315,Allen,2021,https://doi.org/10.1038/s41467-021-27454-7,,,,o,0.2091650066335189,,8.366600265340756,fiber,2017-08-09,2017-08-15,0.14117,42.936802,,,,,0.02845496894409938,,,,9.816202571181386e-12,40.0,,,,land,EUR,,
1316,Allen,2021,https://doi.org/10.1038/s41467-021-27454-7,,,,o,0.2091650066335189,,8.366600265340756,fiber,2017-08-16,2017-08-22,0.14117,42.936802,,,,,0.02845496894409938,,,,9.816202571181386e-12,40.0,,,,land,EUR,,
1317,Allen,2021,https://doi.org/10.1038/s41467-021-27454-7,,,,o,0.2091650066335189,,8.366600265340756,fiber,2017-08-23,2017-08-28,0.14117,42.936802,,,,,0.1194746376811594,,,,4.121555176885754e-11,40.0,,,,land,EUR,,
1318,Allen,2021,https://doi.org/10.1038/s41467-021-27454-7,,,,o,0.2091650066335189,,8.366600265340756,fiber,2017-08-29,2017-09-06,0.14117,42.936802,,,,,0.03984375,,,,1.374502716779849e-11,40.0,,,,land,EUR,,
1319,Allen,2021,https://doi.org/10.1038/s41467-021-27454-7,,,,o,0.2091650066335189,,8.366600265340756,fiber,2017-09-06,2017-09-12,0.14117,42.936802,,,,,0.05973731884057971,,,,2.060777588442877e-11,40.0,,,,land,EUR,,
1320,Allen,2021,https://doi.org/10.1038/s41467-021-27454-7,,,,o,0.2091650066335189,,8.366600265340756,fiber,2017-09-20,2017-09-26,0.14117,42.936802,,,,,0.04553571428571429,,,,1.570860247748399e-11,40.0,,,,land,EUR,,
1321,Allen,2021,https://doi.org/10.1038/s41467-021-27454-7,,,,o,0.2091650066335189,,8.366600265340756,fiber,2017-09-27,2017-10-03,0.14117,42.936802,,,,,0.06828416149068323,,,,2.355620780724155e-11,40.0,,,,land,EUR,,
1322,Allen,2021,https://doi.org/10.1038/s41467-021-27454-7,,,,o,0.2091650066335189,,8.366600265340756,fiber,2017-10-03,2017-10-10,0.14117,42.936802,,,,,0.05690993788819877,,,,1.963240514236277e-11,40.0,,,,land,EUR,,
1323,Allen,2021,https://doi.org/10.1038/s41467-021-27454-7,,,,o,0.2091650066335189,,8.366600265340756,fiber,2017-10-10,2017-10-17,0.14117,42.936802,,,,,0.1024068322981367,,,,3.53276158018779e-11,40.0,,,,land,EUR,,
1324,Allen,2021,https://doi.org/10.1038/s41467-021-27454-7,,,,o,0.2091650066335189,,8.366600265340756,fiber,2017-10-17,2017-10-23,0.14117,42.936802,,,,,0.09995737425404946,,,,3.448261834650883e-11,40.0,,,,land,EUR,,
1325,Allen,2021,https://doi.org/10.1038/s41467-021-27454-7,,,,o,4.183300132670378,<20,8.366600265340756,fragment,2017-06-23,2017-07-04,0.14117,42.936802,,,,,0.1217391304347826,,,,1.679869646014997e-08,2.0,,,,land,EUR,,
1326,Allen,2021,https://doi.org/10.1038/s41467-021-27454-7,,,,o,4.183300132670378,,8.366600265340756,fragment,2017-07-04,2017-07-11,0.14117,42.936802,,,,,0.4646739130434783,,,,6.412002443494744e-08,2.0,,,,land,EUR,,
1327,Allen,2021,https://doi.org/10.1038/s41467-021-27454-7,,,,o,4.183300132670378,,8.366600265340756,fragment,2017-07-12,2017-07-18,0.14117,42.936802,,,,,0.1593297101449275,,,,2.198579395342544e-08,2.0,,,,land,EUR,,
1328,Allen,2021,https://doi.org/10.1038/s41467-021-27454-7,,,,o,4.183300132670378,,8.366600265340756,fragment,2017-07-19,2017-07-22,0.14117,42.936802,,,,,0.0796195652173913,,,,1.098664746166058e-08,2.0,,,,land,EUR,,
1329,Allen,2021,https://doi.org/10.1038/s41467-021-27454-7,,,,o,4.183300132670378,,8.366600265340756,fragment,2017-08-01,2017-08-08,0.14117,42.936802,,,,,0.10625,,,,1.466136231231839e-08,2.0,,,,land,EUR,,
1330,Allen,2021,https://doi.org/10.1038/s41467-021-27454-7,,,,o,4.183300132670378,,8.366600265340756,fragment,2017-08-09,2017-08-15,0.14117,42.936802,,,,,0.06639492753623188,,,,9.161789066435959e-09,2.0,,,,land,EUR,,
1331,Allen,2021,https://doi.org/10.1038/s41467-021-27454-7,,,,o,4.183300132670378,,8.366600265340756,fragment,2017-08-16,2017-08-22,0.14117,42.936802,,,,,0.06639492753623188,,,,9.161789066435959e-09,2.0,,,,land,EUR,,
1332,Allen,2021,https://doi.org/10.1038/s41467-021-27454-7,,,,o,4.183300132670378,,8.366600265340756,fragment,2017-08-23,2017-08-28,0.14117,42.936802,,,,,0.278774154589372,,,,3.846784831760037e-08,2.0,,,,land,EUR,,
1333,Allen,2021,https://doi.org/10.1038/s41467-021-27454-7,,,,o,4.183300132670378,,8.366600265340756,fragment,2017-08-29,2017-09-06,0.14117,42.936802,,,,,0.09296874999999999,,,,1.282869202327859e-08,2.0,,,,land,EUR,,
1334,Allen,2021,https://doi.org/10.1038/s41467-021-27454-7,,,,o,4.183300132670378,,8.366600265340756,fragment,2017-09-06,2017-09-12,0.14117,42.936802,,,,,0.139387077294686,,,,1.923392415880019e-08,2.0,,,,land,EUR,,
1335,Allen,2021,https://doi.org/10.1038/s41467-021-27454-7,,,,o,4.183300132670378,,8.366600265340756,fragment,2017-09-20,2017-09-26,0.14117,42.936802,,,,,0.10625,,,,1.466136231231839e-08,2.0,,,,land,EUR,,
1336,Allen,2021,https://doi.org/10.1038/s41467-021-27454-7,,,,o,4.183300132670378,,8.366600265340756,fragment,2017-09-27,2017-10-03,0.14117,42.936802,,,,,0.1593297101449275,,,,2.198579395342544e-08,2.0,,,,land,EUR,,
1337,Allen,2021,https://doi.org/10.1038/s41467-021-27454-7,,,,o,4.183300132670378,,8.366600265340756,fragment,2017-10-03,2017-10-10,0.14117,42.936802,,,,,0.1327898550724638,,,,1.832357813287192e-08,2.0,,,,land,EUR,,
1338,Allen,2021,https://doi.org/10.1038/s41467-021-27454-7,,,,o,4.183300132670378,,8.366600265340756,fragment,2017-10-10,2017-10-17,0.14117,42.936802,,,,,0.2389492753623189,,,,3.297244141508603e-08,2.0,,,,land,EUR,,
1339,Allen,2021,https://doi.org/10.1038/s41467-021-27454-7,,,,o,4.183300132670378,,8.366600265340756,fragment,2017-10-17,2017-10-23,0.14117,42.936802,,,,,0.2332338732594487,,,,3.218377712340824e-08,2.0,,,,land,EUR,,
1340,Roblin,2020,https://doi.org/10.1021/acs.est.0c04000,,o,,,23.25,,930.0,fiber,2017-06-01,2018-05-31,-6.91495,52.8612,,,0.0007455092621112457,,,,3.532158838347232e-07,,,40.0,,,,land,EUR,,
1341,Roblin,2020,https://doi.org/10.1021/acs.est.0c04000,,o,,,22.25,,890.0,fiber,2017-06-01,2018-05-31,-6.49677,52.29766,,,0.0008213404133580454,,,,3.410605974505623e-07,,,40.0,,,,coastal,EUR,,
1342,Roblin,2020,https://doi.org/10.1021/acs.est.0c04000,,o,,,24.5,,980.0,fiber,2017-06-01,2018-05-31,-10.24099,51.93829,,,0.0009319657994853242,,,,5.166739177583595e-07,,,40.0,,,,coastal,EUR,,
1343,Roblin,2020,https://doi.org/10.1021/acs.est.0c04000,,,o,,18.25,,730.0,fiber,2017-06-01,2018-05-31,-7.33945,55.37175,,,,0.001179359781008001,,,,2.702422385326942e-07,,40.0,,,,coastal,EUR,,
1344,Purwiyanto,2022,https://doi.org/10.1016/j.marpolbul.2021.113195,,,o,,9.682458365518542,"300-500, 500-1000",387.2983346207417,fiber,2018-03-01,2018-03-31,106.85,-6.116666666666666,,,,6.88,,,,0.0002354310084738401,,40.0,,,,coastal,SAS,,
1345,Purwiyanto,2022,https://doi.org/10.1016/j.marpolbul.2021.113195,,,o,,9.682458365518542,,387.2983346207417,fiber,2018-04-01,2018-04-30,106.85,-6.116666666666666,,,,6.88,,,,0.0002354310084738401,,40.0,,,,coastal,SAS,,
1346,Purwiyanto,2022,https://doi.org/10.1016/j.marpolbul.2021.113195,,,o,,9.682458365518542,,387.2983346207417,fiber,2018-05-01,2018-05-31,106.85,-6.116666666666666,,,,4.3,,,,0.0001471443802961501,,40.0,,,,coastal,SAS,,
1347,Purwiyanto,2022,https://doi.org/10.1016/j.marpolbul.2021.113195,,,o,,9.682458365518542,,387.2983346207417,fiber,2018-06-01,2018-06-30,106.85,-6.116666666666666,,,,6.88,,,,0.0002354310084738401,,40.0,,,,coastal,SAS,,
1348,Purwiyanto,2022,https://doi.org/10.1016/j.marpolbul.2021.113195,,,o,,9.682458365518542,,387.2983346207417,fiber,2018-07-01,2018-07-31,106.85,-6.116666666666666,,,,2.58,,,,8.828662817769004e-05,,40.0,,,,coastal,SAS,,
1349,Purwiyanto,2022,https://doi.org/10.1016/j.marpolbul.2021.113195,,,o,,9.682458365518542,,387.2983346207417,fiber,2018-08-01,2018-08-31,106.85,-6.116666666666666,,,,4.3,,,,0.0001471443802961501,,40.0,,,,coastal,SAS,,
1350,Purwiyanto,2022,https://doi.org/10.1016/j.marpolbul.2021.113195,,,o,,9.682458365518542,,387.2983346207417,fiber,2018-09-01,2018-09-30,106.85,-6.116666666666666,,,,4.3,,,,0.0001471443802961501,,40.0,,,,coastal,SAS,,
1351,Purwiyanto,2022,https://doi.org/10.1016/j.marpolbul.2021.113195,,,o,,9.682458365518542,,387.2983346207417,fiber,2018-10-01,2018-10-31,106.85,-6.116666666666666,,,,6.88,,,,0.0002354310084738401,,40.0,,,,coastal,SAS,,
1352,Purwiyanto,2022,https://doi.org/10.1016/j.marpolbul.2021.113195,,,o,,9.682458365518542,,387.2983346207417,fiber,2018-11-01,2018-11-30,106.85,-6.116666666666666,,,,12.9,,,,0.0004414331408884502,,40.0,,,,coastal,SAS,,
1353,Purwiyanto,2022,https://doi.org/10.1016/j.marpolbul.2021.113195,,,o,,9.682458365518542,,387.2983346207417,fiber,2018-12-01,2018-12-31,106.85,-6.116666666666666,,,,30.1,,,,0.00103001066207305,,40.0,,,,coastal,SAS,,
1354,Purwiyanto,2022,https://doi.org/10.1016/j.marpolbul.2021.113195,,,o,,9.682458365518542,,387.2983346207417,fiber,2019-01-01,2019-01-31,106.85,-6.116666666666666,,,,30.1,,,,0.00103001066207305,,40.0,,,,coastal,SAS,,
1355,Purwiyanto,2022,https://doi.org/10.1016/j.marpolbul.2021.113195,,,o,,9.682458365518542,,387.2983346207417,fiber,2019-02-01,2019-02-28,106.85,-6.116666666666666,,,,34.4,,,,0.0011771550423692,,40.0,,,,coastal,SAS,,
1356,Purwiyanto,2022,https://doi.org/10.1016/j.marpolbul.2021.113195,,,o,,193.6491673103708,,387.2983346207417,fragment,2018-03-01,2018-03-31,106.85,-6.116666666666666,,,,0.88,,,,0.01204530741028949,,2.0,,,,coastal,SAS,,
1357,Purwiyanto,2022,https://doi.org/10.1016/j.marpolbul.2021.113195,,,o,,193.6491673103708,,387.2983346207417,fragment,2018-04-01,2018-04-30,106.85,-6.116666666666666,,,,0.88,,,,0.01204530741028949,,2.0,,,,coastal,SAS,,
1358,Purwiyanto,2022,https://doi.org/10.1016/j.marpolbul.2021.113195,,,o,,193.6491673103708,,387.2983346207417,fragment,2018-05-01,2018-05-31,106.85,-6.116666666666666,,,,0.55,,,,0.007528317131430934,,2.0,,,,coastal,SAS,,
1359,Purwiyanto,2022,https://doi.org/10.1016/j.marpolbul.2021.113195,,,o,,193.6491673103708,,387.2983346207417,fragment,2018-06-01,2018-06-30,106.85,-6.116666666666666,,,,0.88,,,,0.01204530741028949,,2.0,,,,coastal,SAS,,
1360,Liao,2021,https://doi.org/10.1016/j.jhazmat.2021.126007,,,o,,193.6491673103708,,387.2983346207417,fragment,2018-07-01,2018-07-31,106.85,-6.116666666666666,,,,0.33,,,,0.004516990278858561,,2.0,,,,coastal,SAS,"fixed author, year, and DOI",
1361,Liao,2021,https://doi.org/10.1016/j.jhazmat.2021.126007,,,o,,193.6491673103708,,387.2983346207417,fragment,2018-08-01,2018-08-31,106.85,-6.116666666666666,,,,0.55,,,,0.007528317131430934,,2.0,,,,coastal,SAS,"fixed author, year, and DOI",
1362,Liao,2021,https://doi.org/10.1016/j.jhazmat.2021.126007,,,o,,193.6491673103708,,387.2983346207417,fragment,2018-09-01,2018-09-30,106.85,-6.116666666666666,,,,0.55,,,,0.007528317131430934,,2.0,,,,coastal,SAS,"fixed author, year, and DOI",
1363,Liao,2021,https://doi.org/10.1016/j.jhazmat.2021.126007,,,o,,193.6491673103708,,387.2983346207417,fragment,2018-10-01,2018-10-31,106.85,-6.116666666666666,,,,0.88,,,,0.01204530741028949,,2.0,,,,coastal,SAS,"fixed author, year, and DOI",
1364,Liao,2021,https://doi.org/10.1016/j.jhazmat.2021.126007,,,o,,193.6491673103708,,387.2983346207417,fragment,2018-11-01,2018-11-30,106.85,-6.116666666666666,,,,1.65,,,,0.0225849513942928,,2.0,,,,coastal,SAS,"fixed author, year, and DOI",
1365,Liao,2021,https://doi.org/10.1016/j.jhazmat.2021.126007,,,o,,193.6491673103708,,387.2983346207417,fragment,2018-12-01,2018-12-31,106.85,-6.116666666666666,,,,3.85,,,,0.05269821992001654,,2.0,,,,coastal,SAS,"fixed author, year, and DOI",
1366,Purwiyanto,2022,https://doi.org/10.1016/j.marpolbul.2021.113195,,,o,,193.6491673103708,,387.2983346207417,fragment,2019-01-01,2019-01-31,106.85,-6.116666666666666,,,,3.85,,,,0.05269821992001654,,2.0,,,,coastal,SAS,,
1367,Purwiyanto,2022,https://doi.org/10.1016/j.marpolbul.2021.113195,,,o,,193.6491673103708,,387.2983346207417,fragment,2019-02-01,2019-02-28,106.85,-6.116666666666666,,,,4.4,,,,0.06022653705144747,,2.0,,,,coastal,SAS,,
1368,Abbasi,2021,https://doi.org/10.1016/j.hazadv.2021.100035,,o,,,7.5,,300.0,fiber,2021-07-18,2021-07-18,52.47418,29.61998,,,22500.0,,,,0.3578364843750001,,,40.0,,,,land,WAS,,
1369,Abbasi,2021,https://doi.org/10.1016/j.hazadv.2021.100035,,o,,,3.125,,125.0,fiber,2021-07-18,2021-07-18,52.47418,29.61998,,,11999.52,,,,0.01380486770507813,,,40.0,,,,land,WAS,,
1370,Abbasi,2021,https://doi.org/10.1016/j.hazadv.2021.100035,,o,,,6.25,,250.0,fiber,2021-07-18,2021-07-18,52.47418,29.61998,,,2999.52,,,,0.027606422109375,,,40.0,,,,land,WAS,,
1371,Li,2019,https://doi.org/10.1016/j.scitotenv.2019.135967,,,,o,0.3125,,12.5,fiber,2018-10-02,2018-10-02,117.1444,34.213279,,,,,7200.0,,,,8.283251953125001e-06,40.0,,,,land,EAS,,
1372,Li,2019,https://doi.org/10.1016/j.scitotenv.2019.135967,,,,o,0.3125,,12.5,fiber,2018-10-04,2018-10-04,117.1444,34.213279,,,,,4500.0,,,,5.177032470703125e-06,40.0,,,,land,EAS,,
1373,Li,2019,https://doi.org/10.1016/j.scitotenv.2019.135967,,,,o,0.3125,,12.5,fiber,2018-10-13,2018-10-13,117.1444,34.213279,,,,,5100.0,,,,5.867303466796875e-06,40.0,,,,land,EAS,,
1374,Li,2019,https://doi.org/10.1016/j.scitotenv.2019.135967,,,,o,0.3125,,12.5,fiber,2018-10-14,2018-10-14,117.1444,34.213279,,,,,6200.0,,,,7.132800292968751e-06,40.0,,,,land,EAS,,
1375,Rao,2024,https://doi.org/10.1016/j.jhazmat.2023.132860,,,o,,41.89,,83.78,fragment,2020-08-01,2020-08-31,118.96,32.12,,,,225.992,,,,0.03131211916647744,,2.0,,,,land,EAS,,
1376,Rao,2024,https://doi.org/10.1016/j.jhazmat.2023.132860,,,o,,41.89,,83.78,fragment,2020-09-01,2020-09-30,118.96,32.12,,,,248.584,,,,0.03444233349357335,,2.0,,,,land,EAS,,
1377,Rao,2024,https://doi.org/10.1016/j.jhazmat.2023.132860,,,o,,41.89,,83.78,fragment,2020-10-01,2020-10-31,118.96,32.12,,,,107.344,,,,0.01487295178504706,,2.0,,,,land,EAS,,
1378,Rao,2024,https://doi.org/10.1016/j.jhazmat.2023.132860,,,o,,41.89,,83.78,fragment,2020-11-02,2020-11-30,118.96,32.12,,,,190.48,,,,0.02639178581025268,,2.0,,,,land,EAS,,
1379,Rao,2024,https://doi.org/10.1016/j.jhazmat.2023.132860,,,o,,41.89,,83.78,fragment,2020-12-01,2020-12-31,118.96,32.12,,,,201.2,,,,0.02787708580965371,,2.0,,,,land,EAS,,
1380,Rao,2024,https://doi.org/10.1016/j.jhazmat.2023.132860,,,o,,41.89,,83.78,fragment,2021-01-01,2021-01-31,118.96,32.12,,,,220.16,,,,0.03050407162948986,,2.0,,,,land,EAS,,
1381,Rao,2024,https://doi.org/10.1016/j.jhazmat.2023.132860,,,o,,41.89,,83.78,fragment,2021-02-01,2021-02-28,118.96,32.12,,,,167.88,,,,0.02326046305032139,,2.0,,,,land,EAS,,
1382,Rao,2024,https://doi.org/10.1016/j.jhazmat.2023.132860,,,o,,41.89,,83.78,fragment,2021-03-01,2021-03-31,118.96,32.12,,,,225.992,,,,0.03131211916647744,,2.0,,,,land,EAS,,
1383,Rao,2024,https://doi.org/10.1016/j.jhazmat.2023.132860,,,o,,41.89,,83.78,fragment,2021-04-01,2021-04-30,118.96,32.12,,,,400.752,,,,0.05552583445522039,,2.0,,,,land,EAS,,
1384,Rao,2024,https://doi.org/10.1016/j.jhazmat.2023.132860,,,o,,41.89,,83.78,fragment,2021-05-01,2021-05-26,118.96,32.12,,,,397.744,,,,0.05510906370911981,,2.0,,,,land,EAS,,
1385,Rao,2024,https://doi.org/10.1016/j.jhazmat.2023.132860,,,o,,41.89,,83.78,fragment,2021-06-01,2021-06-30,118.96,32.12,,,,224.48,,,,0.03110262536059177,,2.0,,,,land,EAS,,
1386,Rao,2024,https://doi.org/10.1016/j.jhazmat.2023.132860,,,o,,41.89,,83.78,fragment,2021-07-01,2021-08-01,118.96,32.12,,,,291.6,,,,0.04040237684937883,,2.0,,,,land,EAS,,
1387,Rao,2024,https://doi.org/10.1016/j.jhazmat.2023.132860,,,o,,19.90475,,796.19,fiber,2020-08-01,2020-08-31,118.96,32.12,,,,56.498,,,,0.01679660720826936,,40.0,,,,land,EAS,,
1388,Rao,2024,https://doi.org/10.1016/j.jhazmat.2023.132860,,,o,,19.90475,,796.19,fiber,2020-09-01,2020-09-30,118.96,32.12,,,,62.14600000000001,,,,0.01847573279700357,,40.0,,,,land,EAS,,
1389,Rao,2024,https://doi.org/10.1016/j.jhazmat.2023.132860,,,o,,19.90475,,796.19,fiber,2020-10-01,2020-10-31,118.96,32.12,,,,26.836,,,,0.007978224911344057,,40.0,,,,land,EAS,,
1390,Rao,2024,https://doi.org/10.1016/j.jhazmat.2023.132860,,,o,,19.90475,,796.19,fiber,2020-11-02,2020-11-30,118.96,32.12,,,,47.62,,,,0.01415721680869742,,40.0,,,,land,EAS,,
1391,Rao,2024,https://doi.org/10.1016/j.jhazmat.2023.132860,,,o,,19.90475,,796.19,fiber,2020-12-01,2020-12-31,118.96,32.12,,,,50.3,,,,0.01495396903564637,,40.0,,,,land,EAS,,
1392,Rao,2024,https://doi.org/10.1016/j.jhazmat.2023.132860,,,o,,19.90475,,796.19,fiber,2021-01-01,2021-01-31,118.96,32.12,,,,55.04,,,,0.01636315021316056,,40.0,,,,land,EAS,,
1393,Rao,2024,https://doi.org/10.1016/j.jhazmat.2023.132860,,,o,,19.90475,,796.19,fiber,2021-02-01,2021-02-28,118.96,32.12,,,,41.97,,,,0.01247749662874907,,40.0,,,,land,EAS,,
1394,Rao,2024,https://doi.org/10.1016/j.jhazmat.2023.132860,,,o,,19.90475,,796.19,fiber,2021-03-01,2021-03-31,118.96,32.12,,,,56.498,,,,0.01679660720826936,,40.0,,,,land,EAS,,
1395,Rao,2024,https://doi.org/10.1016/j.jhazmat.2023.132860,,,o,,19.90475,,796.19,fiber,2021-04-01,2021-04-30,118.96,32.12,,,,100.188,,,,0.02978545228117969,,40.0,,,,land,EAS,,
1396,Rao,2024,https://doi.org/10.1016/j.jhazmat.2023.132860,,,o,,19.90475,,796.19,fiber,2021-05-01,2021-05-26,118.96,32.12,,,,99.436,,,,0.02956188598466267,,40.0,,,,land,EAS,,
1397,Rao,2024,https://doi.org/10.1016/j.jhazmat.2023.132860,,,o,,19.90475,,796.19,fiber,2021-06-01,2021-06-30,118.96,32.12,,,,56.12,,,,0.01668422946879671,,40.0,,,,land,EAS,,
1398,Rao,2024,https://doi.org/10.1016/j.jhazmat.2023.132860,,,o,,19.90475,,796.19,fiber,2021-07-01,2021-08-01,118.96,32.12,,,,72.9,,,,0.02167284975543977,,40.0,,,,land,EAS,,
1399,Rao,2024,https://doi.org/10.1016/j.jhazmat.2023.132860,,,,o,43.725,,87.45,fragment,2020-08-01,2020-08-31,118.96,32.12,,,,,0.745,,,,0.0001173907944199942,2.0,,,,land,EAS,,
1400,Rao,2024,https://doi.org/10.1016/j.jhazmat.2023.132860,,,,o,43.725,,87.45,fragment,2020-09-01,2020-09-30,118.96,32.12,,,,,0.66,,,,0.0001039972138485854,2.0,,,,land,EAS,,
1401,Rao,2024,https://doi.org/10.1016/j.jhazmat.2023.132860,,,,o,43.725,,87.45,fragment,2020-10-01,2020-10-31,118.96,32.12,,,,,1.125,,,,0.0001772679781509979,2.0,,,,land,EAS,,
1402,Rao,2024,https://doi.org/10.1016/j.jhazmat.2023.132860,,,,o,43.725,,87.45,fragment,2020-11-02,2020-11-30,118.96,32.12,,,,,0.84,,,,0.0001323600903527451,2.0,,,,land,EAS,,
1403,Rao,2024,https://doi.org/10.1016/j.jhazmat.2023.132860,,,,o,43.725,,87.45,fragment,2020-12-01,2020-12-31,118.96,32.12,,,,,0.725,,,,0.0001142393636973097,2.0,,,,land,EAS,,
1404,Rao,2024,https://doi.org/10.1016/j.jhazmat.2023.132860,,,,o,43.725,,87.45,fragment,2021-01-01,2021-01-31,118.96,32.12,,,,,0.82,,,,0.0001292086596300607,2.0,,,,land,EAS,,
1405,Rao,2024,https://doi.org/10.1016/j.jhazmat.2023.132860,,,,o,43.725,,87.45,fragment,2021-02-01,2021-02-28,118.96,32.12,,,,,0.38,,,,5.987718373100373e-05,2.0,,,,land,EAS,,
1406,Rao,2024,https://doi.org/10.1016/j.jhazmat.2023.132860,,,,o,43.725,,87.45,fragment,2021-03-01,2021-03-31,118.96,32.12,,,,,0.41,,,,6.460432981503033e-05,2.0,,,,land,EAS,,
1407,Rao,2024,https://doi.org/10.1016/j.jhazmat.2023.132860,,,,o,43.725,,87.45,fragment,2021-04-01,2021-04-30,118.96,32.12,,,,,0.625,,,,9.848221008388771e-05,2.0,,,,land,EAS,,
1408,Rao,2024,https://doi.org/10.1016/j.jhazmat.2023.132860,,,,o,43.725,,87.45,fragment,2021-05-01,2021-05-26,118.96,32.12,,,,,0.535,,,,8.430077183180789e-05,2.0,,,,land,EAS,,
1409,Rao,2024,https://doi.org/10.1016/j.jhazmat.2023.132860,,,,o,43.725,,87.45,fragment,2021-06-01,2021-06-30,118.96,32.12,,,,,0.47,,,,7.405862198308356e-05,2.0,,,,land,EAS,,
1410,Rao,2024,https://doi.org/10.1016/j.jhazmat.2023.132860,,,,o,43.725,,87.45,fragment,2021-07-01,2021-08-01,118.96,32.12,,,,,0.535,,,,8.430077183180789e-05,2.0,,,,land,EAS,,
1411,Rao,2024,https://doi.org/10.1016/j.jhazmat.2023.132860,,,,o,13.5435,,541.74,fiber,2020-08-01,2020-08-31,118.96,32.12,,,,,0.745,,,,6.976977446280616e-05,40.0,,,,land,EAS,,
1412,Rao,2024,https://doi.org/10.1016/j.jhazmat.2023.132860,,,,o,13.5435,,541.74,fiber,2020-09-01,2020-09-30,118.96,32.12,,,,,0.66,,,,6.180946462476788e-05,40.0,,,,land,EAS,,
1413,Rao,2024,https://doi.org/10.1016/j.jhazmat.2023.132860,,,,o,13.5435,,541.74,fiber,2020-10-01,2020-10-31,118.96,32.12,,,,,1.125,,,,0.0001053570419740361,40.0,,,,land,EAS,,
1414,Rao,2024,https://doi.org/10.1016/j.jhazmat.2023.132860,,,,o,13.5435,,541.74,fiber,2020-11-02,2020-11-30,118.96,32.12,,,,,0.84,,,,7.866659134061365e-05,40.0,,,,land,EAS,,
1415,Rao,2024,https://doi.org/10.1016/j.jhazmat.2023.132860,,,,o,13.5435,,541.74,fiber,2020-12-01,2020-12-31,118.96,32.12,,,,,0.725,,,,6.789676038326773e-05,40.0,,,,land,EAS,,
1416,Rao,2024,https://doi.org/10.1016/j.jhazmat.2023.132860,,,,o,13.5435,,541.74,fiber,2021-01-01,2021-01-31,118.96,32.12,,,,,0.82,,,,7.679357726107523e-05,40.0,,,,land,EAS,,
1417,Rao,2024,https://doi.org/10.1016/j.jhazmat.2023.132860,,,,o,13.5435,,541.74,fiber,2021-02-01,2021-02-28,118.96,32.12,,,,,0.38,,,,3.558726751122999e-05,40.0,,,,land,EAS,,
1418,Rao,2024,https://doi.org/10.1016/j.jhazmat.2023.132860,,,,o,13.5435,,541.74,fiber,2021-03-01,2021-03-31,118.96,32.12,,,,,0.41,,,,3.839678863053761e-05,40.0,,,,land,EAS,,
1419,Rao,2024,https://doi.org/10.1016/j.jhazmat.2023.132860,,,,o,13.5435,,541.74,fiber,2021-04-01,2021-04-30,118.96,32.12,,,,,0.625,,,,5.853168998557563e-05,40.0,,,,land,EAS,,
1420,Rao,2024,https://doi.org/10.1016/j.jhazmat.2023.132860,,,,o,13.5435,,541.74,fiber,2021-05-01,2021-05-26,118.96,32.12,,,,,0.535,,,,5.010312662765274e-05,40.0,,,,land,EAS,,
1421,Rao,2024,https://doi.org/10.1016/j.jhazmat.2023.132860,,,,o,13.5435,,541.74,fiber,2021-06-01,2021-06-30,118.96,32.12,,,,,0.47,,,,4.401583086915288e-05,40.0,,,,land,EAS,,
1422,Rao,2024,https://doi.org/10.1016/j.jhazmat.2023.132860,,,,o,13.5435,,541.74,fiber,2021-07-01,2021-08-01,118.96,32.12,,,,,0.535,,,,5.010312662765274e-05,40.0,,,,land,EAS,,
1423,Martynova,2024,https://doi.org/10.1016/j.scitotenv.2023.167902,,,,o,17.32050807568877,183-11877,1378.0,fiber,2015-09-14,2015-09-15,39.102778,22.318611,,,,,0.002,,,,7.792176600000002e-07,79.55886709433042,,,,coastal,WAS,,
1424,Martynova,2024,https://doi.org/10.1016/j.scitotenv.2023.167902,,,,o,17.32050807568877,,1378.0,fiber,2015-09-16,2015-09-17,39.102778,22.318611,,,,,0.0,,,,0.0,79.55886709433042,,,,coastal,WAS,,
1425,Martynova,2024,https://doi.org/10.1016/j.scitotenv.2023.167902,,,,o,17.32050807568877,,1378.0,fiber,2015-10-02,2015-10-09,39.102778,22.318611,,,,,0.0,,,,0.0,79.55886709433042,,,,coastal,WAS,,
1426,Martynova,2024,https://doi.org/10.1016/j.scitotenv.2023.167902,,,,o,17.32050807568877,,1378.0,fiber,2015-10-18,2015-10-25,39.102778,22.318611,,,,,0.0,,,,0.0,79.55886709433042,,,,coastal,WAS,,
1427,Martynova,2024,https://doi.org/10.1016/j.scitotenv.2023.167902,,,,o,17.32050807568877,,1378.0,fiber,2015-11-03,2015-11-10,39.102778,22.318611,,,,,0.0,,,,0.0,79.55886709433042,,,,coastal,WAS,,
1428,Martynova,2024,https://doi.org/10.1016/j.scitotenv.2023.167902,,,,o,17.32050807568877,,1378.0,fiber,2015-11-23,2015-11-30,39.102778,22.318611,,,,,0.0,,,,0.0,79.55886709433042,,,,coastal,WAS,,
1429,Martynova,2024,https://doi.org/10.1016/j.scitotenv.2023.167902,,,,o,17.32050807568877,,1378.0,fiber,2015-12-10,2015-12-17,39.102778,22.318611,,,,,0.002,,,,7.792176600000002e-07,79.55886709433042,,,,coastal,WAS,,
1430,Martynova,2024,https://doi.org/10.1016/j.scitotenv.2023.167902,,,,o,17.32050807568877,,1378.0,fiber,2015-12-24,2015-12-31,39.102778,22.318611,,,,,0.001,,,,3.896088300000001e-07,79.55886709433042,,,,coastal,WAS,,
1431,Martynova,2024,https://doi.org/10.1016/j.scitotenv.2023.167902,,,,o,17.32050807568877,,1378.0,fiber,2016-01-10,2016-01-17,39.102778,22.318611,,,,,0.001,,,,3.896088300000001e-07,79.55886709433042,,,,coastal,WAS,,
1432,Martynova,2024,https://doi.org/10.1016/j.scitotenv.2023.167902,,,,o,17.32050807568877,,1378.0,fiber,2016-02-04,2016-02-07,39.102778,22.318611,,,,,0.001,,,,3.896088300000001e-07,79.55886709433042,,,,coastal,WAS,,
1433,Martynova,2024,https://doi.org/10.1016/j.scitotenv.2023.167902,,,,o,17.32050807568877,,1378.0,fiber,2016-02-25,2016-03-02,39.102778,22.318611,,,,,0.001,,,,3.896088300000001e-07,79.55886709433042,,,,coastal,WAS,,
1434,Martynova,2024,https://doi.org/10.1016/j.scitotenv.2023.167902,,,,o,17.32050807568877,,1378.0,fiber,2016-03-10,2016-03-14,39.102778,22.318611,,,,,0.0,,,,0.0,79.55886709433042,,,,coastal,WAS,,
1435,Martynova,2024,https://doi.org/10.1016/j.scitotenv.2023.167902,,,,o,17.32050807568877,,1378.0,fiber,2016-03-29,2016-04-01,39.102778,22.318611,,,,,0.001,,,,3.896088300000001e-07,79.55886709433042,,,,coastal,WAS,,
1436,Martynova,2024,https://doi.org/10.1016/j.scitotenv.2023.167902,,,,o,17.32050807568877,,1378.0,fiber,2016-04-12,2016-04-17,39.102778,22.318611,,,,,0.0,,,,0.0,79.55886709433042,,,,coastal,WAS,,
1437,Martynova,2024,https://doi.org/10.1016/j.scitotenv.2023.167902,,,,o,17.32050807568877,,1378.0,fiber,2016-04-24,2016-05-01,39.102778,22.318611,,,,,0.0,,,,0.0,79.55886709433042,,,,coastal,WAS,,
1438,Martynova,2024,https://doi.org/10.1016/j.scitotenv.2023.167902,,,,o,17.32050807568877,,1378.0,fiber,2016-05-05,2016-05-06,39.102778,22.318611,,,,,0.002,,,,7.792176600000002e-07,79.55886709433042,,,,coastal,WAS,,
1439,Martynova,2024,https://doi.org/10.1016/j.scitotenv.2023.167902,,,,o,17.32050807568877,,1378.0,fiber,2016-05-11,2016-05-13,39.102778,22.318611,,,,,0.002,,,,7.792176600000002e-07,79.55886709433042,,,,coastal,WAS,,
1440,Martynova,2024,https://doi.org/10.1016/j.scitotenv.2023.167902,,,,o,17.32050807568877,,1378.0,fiber,2016-05-19,2016-05-21,39.102778,22.318611,,,,,0.004,,,,1.55843532e-06,79.55886709433042,,,,coastal,WAS,,
1441,Martynova,2024,https://doi.org/10.1016/j.scitotenv.2023.167902,,,,o,17.32050807568877,,1378.0,fiber,2016-06-01,2016-06-03,39.102778,22.318611,,,,,0.0,,,,0.0,79.55886709433042,,,,coastal,WAS,,
1442,Martynova,2024,https://doi.org/10.1016/j.scitotenv.2023.167902,,,,o,17.32050807568877,,1378.0,fiber,2016-06-05,2016-06-07,39.102778,22.318611,,,,,0.002,,,,7.792176600000002e-07,79.55886709433042,,,,coastal,WAS,,
1443,Martynova,2024,https://doi.org/10.1016/j.scitotenv.2023.167902,,,,o,17.32050807568877,,1378.0,fiber,2016-06-12,2016-06-14,39.102778,22.318611,,,,,0.002,,,,7.792176600000002e-07,79.55886709433042,,,,coastal,WAS,,
1444,Martynova,2024,https://doi.org/10.1016/j.scitotenv.2023.167902,,,,o,17.32050807568877,,1378.0,fiber,2016-06-19,2016-06-21,39.102778,22.318611,,,,,0.0,,,,0.0,79.55886709433042,,,,coastal,WAS,,
1445,Martynova,2024,https://doi.org/10.1016/j.scitotenv.2023.167902,,,,o,17.32050807568877,,1378.0,fiber,2016-06-23,2016-06-25,39.102778,22.318611,,,,,0.002,,,,7.792176600000002e-07,79.55886709433042,,,,coastal,WAS,,
1446,Martynova,2024,https://doi.org/10.1016/j.scitotenv.2023.167902,,,,o,17.32050807568877,,1378.0,fiber,2016-06-30,2016-07-02,39.102778,22.318611,,,,,0.002,,,,7.792176600000002e-07,79.55886709433042,,,,coastal,WAS,,
1447,Martynova,2024,https://doi.org/10.1016/j.scitotenv.2023.167902,,,,o,17.32050807568877,,1378.0,fiber,2016-07-04,2016-07-06,39.102778,22.318611,,,,,0.001,,,,3.896088300000001e-07,79.55886709433042,,,,coastal,WAS,,
1448,Martynova,2024,https://doi.org/10.1016/j.scitotenv.2023.167902,,,,o,17.32050807568877,,1378.0,fiber,2016-07-08,2016-07-10,39.102778,22.318611,,,,,0.001,,,,3.896088300000001e-07,79.55886709433042,,,,coastal,WAS,,
1449,Martynova,2024,https://doi.org/10.1016/j.scitotenv.2023.167902,,,,o,17.32050807568877,,1378.0,fiber,2016-07-24,2016-07-26,39.102778,22.318611,,,,,0.0,,,,0.0,79.55886709433042,,,,coastal,WAS,,
1450,Martynova,2024,https://doi.org/10.1016/j.scitotenv.2023.167902,,,,o,17.32050807568877,,1378.0,fiber,2016-07-28,2016-07-30,39.102778,22.318611,,,,,0.0,,,,0.0,79.55886709433042,,,,coastal,WAS,,
1451,Martynova,2024,https://doi.org/10.1016/j.scitotenv.2023.167902,,,,o,17.32050807568877,,1378.0,fiber,2016-08-15,2016-08-18,39.102778,22.318611,,,,,0.001,,,,3.896088300000001e-07,79.55886709433042,,,,coastal,WAS,,
1452,Martynova,2024,https://doi.org/10.1016/j.scitotenv.2023.167902,,,,o,17.32050807568877,,1378.0,fiber,2016-08-24,2016-08-27,39.102778,22.318611,,,,,0.001,,,,3.896088300000001e-07,79.55886709433042,,,,coastal,WAS,,
1453,Martynova,2024,https://doi.org/10.1016/j.scitotenv.2023.167902,,,,o,17.32050807568877,,1378.0,fiber,2016-08-31,2016-09-02,39.102778,22.318611,,,,,0.0,,,,0.0,79.55886709433042,,,,coastal,WAS,,
1454,Martynova,2024,https://doi.org/10.1016/j.scitotenv.2023.167902,,,,o,17.32050807568877,,1378.0,fiber,2016-09-04,2016-09-06,39.102778,22.318611,,,,,0.0,,,,0.0,79.55886709433042,,,,coastal,WAS,,
1455,Martynova,2024,https://doi.org/10.1016/j.scitotenv.2023.167902,,,,o,17.32050807568877,,1378.0,fiber,2016-09-08,2016-09-10,39.102778,22.318611,,,,,0.0,,,,0.0,79.55886709433042,,,,coastal,WAS,,
1456,Martynova,2024,https://doi.org/10.1016/j.scitotenv.2023.167902,,,,o,17.32050807568877,,1378.0,fiber,2016-09-12,2016-09-14,39.102778,22.318611,,,,,0.0,,,,0.0,79.55886709433042,,,,coastal,WAS,,
1457,Martynova,2024,https://doi.org/10.1016/j.scitotenv.2023.167902,,,,o,17.32050807568877,,1378.0,fiber,2016-09-16,2016-09-18,39.102778,22.318611,,,,,0.001,,,,3.896088300000001e-07,79.55886709433042,,,,coastal,WAS,,
1458,Martynova,2024,https://doi.org/10.1016/j.scitotenv.2023.167902,,,,o,17.32050807568877,,1378.0,fiber,2016-09-20,2016-09-22,39.102778,22.318611,,,,,0.0,,,,0.0,79.55886709433042,,,,coastal,WAS,,
1459,Martynova,2024,https://doi.org/10.1016/j.scitotenv.2023.167902,,,,o,17.32050807568877,,1378.0,fiber,2016-09-24,2016-09-26,39.102778,22.318611,,,,,0.002,,,,7.792176600000002e-07,79.55886709433042,,,,coastal,WAS,,
1460,Martynova,2024,https://doi.org/10.1016/j.scitotenv.2023.167902,,,,o,17.32050807568877,,1378.0,fiber,2016-10-03,2016-10-05,39.102778,22.318611,,,,,0.001,,,,3.896088300000001e-07,79.55886709433042,,,,coastal,WAS,,
1461,Martynova,2024,https://doi.org/10.1016/j.scitotenv.2023.167902,,,,o,17.32050807568877,,1378.0,fiber,2016-10-07,2016-10-09,39.102778,22.318611,,,,,0.001,,,,3.896088300000001e-07,79.55886709433042,,,,coastal,WAS,,
1462,Martynova,2024,https://doi.org/10.1016/j.scitotenv.2023.167902,,,,o,17.32050807568877,,1378.0,fiber,2016-10-13,2016-10-15,39.102778,22.318611,,,,,0.0,,,,0.0,79.55886709433042,,,,coastal,WAS,,
1463,Martynova,2024,https://doi.org/10.1016/j.scitotenv.2023.167902,,,,o,17.32050807568877,,1378.0,fiber,2016-10-20,2016-10-22,39.102778,22.318611,,,,,0.001,,,,3.896088300000001e-07,79.55886709433042,,,,coastal,WAS,,
1464,Martynova,2024,https://doi.org/10.1016/j.scitotenv.2023.167902,,,,o,17.32050807568877,,1378.0,fiber,2016-10-28,2016-10-30,39.102778,22.318611,,,,,0.0,,,,0.0,79.55886709433042,,,,coastal,WAS,,
1465,Martynova,2024,https://doi.org/10.1016/j.scitotenv.2023.167902,,,,o,17.32050807568877,,1378.0,fiber,2016-12-02,2016-12-03,39.102778,22.318611,,,,,0.0,,,,0.0,79.55886709433042,,,,coastal,WAS,,
1466,Martynova,2024,https://doi.org/10.1016/j.scitotenv.2023.167902,,,,o,17.32050807568877,,1378.0,fiber,2016-12-04,2016-12-05,39.102778,22.318611,,,,,0.0,,,,0.0,79.55886709433042,,,,coastal,WAS,,
1467,Martynova,2024,https://doi.org/10.1016/j.scitotenv.2023.167902,,,,o,17.32050807568877,,1378.0,fiber,2016-12-06,2016-12-07,39.102778,22.318611,,,,,0.001,,,,3.896088300000001e-07,79.55886709433042,,,,coastal,WAS,,
1468,Martynova,2024,https://doi.org/10.1016/j.scitotenv.2023.167902,,,,o,17.32050807568877,,1378.0,fiber,2016-12-08,2016-12-09,39.102778,22.318611,,,,,0.0,,,,0.0,79.55886709433042,,,,coastal,WAS,,
1469,Martynova,2024,https://doi.org/10.1016/j.scitotenv.2023.167902,,,,o,17.32050807568877,,1378.0,fiber,2016-12-10,2016-12-11,39.102778,22.318611,,,,,0.0,,,,0.0,79.55886709433042,,,,coastal,WAS,,
1470,Martynova,2024,https://doi.org/10.1016/j.scitotenv.2023.167902,,,,o,17.32050807568877,,1378.0,fiber,2017-01-18,2017-01-19,39.102778,22.318611,,,,,0.004,,,,1.55843532e-06,79.55886709433042,,,,coastal,WAS,,
1471,Martynova,2024,https://doi.org/10.1016/j.scitotenv.2023.167902,,,,o,17.32050807568877,,1378.0,fiber,2017-01-22,2017-01-23,39.102778,22.318611,,,,,0.002,,,,7.792176600000002e-07,79.55886709433042,,,,coastal,WAS,,
1472,Martynova,2024,https://doi.org/10.1016/j.scitotenv.2023.167902,,,,o,17.32050807568877,,1378.0,fiber,2017-01-24,2017-01-25,39.102778,22.318611,,,,,0.003,,,,1.16882649e-06,79.55886709433042,,,,coastal,WAS,,
1473,Martynova,2024,https://doi.org/10.1016/j.scitotenv.2023.167902,,,,o,17.32050807568877,,1378.0,fiber,2017-01-26,2017-01-27,39.102778,22.318611,,,,,0.0,,,,0.0,79.55886709433042,,,,coastal,WAS,,
1474,Martynova,2024,https://doi.org/10.1016/j.scitotenv.2023.167902,,,,o,17.32050807568877,,1378.0,fiber,2017-03-11,2017-03-13,39.102778,22.318611,,,,,0.0,,,,0.0,79.55886709433042,,,,coastal,WAS,,
1475,Martynova,2024,https://doi.org/10.1016/j.scitotenv.2023.167902,,,,o,17.32050807568877,,1378.0,fiber,2017-03-17,2017-03-19,39.102778,22.318611,,,,,0.0,,,,0.0,79.55886709433042,,,,coastal,WAS,,
1476,Martynova,2024,https://doi.org/10.1016/j.scitotenv.2023.167902,,,,o,17.32050807568877,,1378.0,fiber,2017-05-11,2017-05-13,39.102778,22.318611,,,,,0.003,,,,1.16882649e-06,79.55886709433042,,,,coastal,WAS,,
1477,Martynova,2024,https://doi.org/10.1016/j.scitotenv.2023.167902,,,,o,17.32050807568877,,1378.0,fiber,2017-05-13,2017-05-15,39.102778,22.318611,,,,,0.0,,,,0.0,79.55886709433042,,,,coastal,WAS,,
1478,Martynova,2024,https://doi.org/10.1016/j.scitotenv.2023.167902,,,,o,17.32050807568877,,1378.0,fiber,2017-05-17,2017-05-19,39.102778,22.318611,,,,,0.0,,,,0.0,79.55886709433042,,,,coastal,WAS,,
1479,Martynova,2024,https://doi.org/10.1016/j.scitotenv.2023.167902,,,,o,17.32050807568877,,1378.0,fiber,2017-05-21,2017-05-23,39.102778,22.318611,,,,,0.001,,,,3.896088300000001e-07,79.55886709433042,,,,coastal,WAS,,
1480,Martynova,2024,https://doi.org/10.1016/j.scitotenv.2023.167902,,,,o,17.32050807568877,,1378.0,fiber,2017-05-25,2017-05-27,39.102778,22.318611,,,,,0.002,,,,7.792176600000002e-07,79.55886709433042,,,,coastal,WAS,,
1481,Martynova,2024,https://doi.org/10.1016/j.scitotenv.2023.167902,,,,o,17.32050807568877,,1378.0,fiber,2017-05-29,2017-05-31,39.102778,22.318611,,,,,0.002,,,,7.792176600000002e-07,79.55886709433042,,,,coastal,WAS,,
1482,Martynova,2024,https://doi.org/10.1016/j.scitotenv.2023.167902,,,,o,17.32050807568877,,1378.0,fiber,2017-06-23,2017-06-25,39.102778,22.318611,,,,,0.0,,,,0.0,79.55886709433042,,,,coastal,WAS,,
1483,Martynova,2024,https://doi.org/10.1016/j.scitotenv.2023.167902,,,,o,17.32050807568877,,1378.0,fiber,2017-07-01,2017-07-03,39.102778,22.318611,,,,,0.0,,,,0.0,79.55886709433042,,,,coastal,WAS,,
1484,Martynova,2024,https://doi.org/10.1016/j.scitotenv.2023.167902,,,,o,17.32050807568877,,1378.0,fiber,2017-07-13,2017-07-15,39.102778,22.318611,,,,,0.001,,,,3.896088300000001e-07,79.55886709433042,,,,coastal,WAS,,
1485,Martynova,2024,https://doi.org/10.1016/j.scitotenv.2023.167902,,,,o,17.32050807568877,,1378.0,fiber,2017-07-21,2017-07-23,39.102778,22.318611,,,,,0.001,,,,3.896088300000001e-07,79.55886709433042,,,,coastal,WAS,,
1486,Martynova,2024,https://doi.org/10.1016/j.scitotenv.2023.167902,,,,o,17.32050807568877,,1378.0,fiber,2017-08-23,2017-08-24,39.102778,22.318611,,,,,0.002,,,,7.792176600000002e-07,79.55886709433042,,,,coastal,WAS,,
1487,Martynova,2024,https://doi.org/10.1016/j.scitotenv.2023.167902,,,,o,17.32050807568877,,1378.0,fiber,2017-08-27,2017-08-28,39.102778,22.318611,,,,,0.004,,,,1.55843532e-06,79.55886709433042,,,,coastal,WAS,,
1488,Martynova,2024,https://doi.org/10.1016/j.scitotenv.2023.167902,,,,o,17.32050807568877,,1378.0,fiber,2017-09-04,2017-09-05,39.102778,22.318611,,,,,0.001,,,,3.896088300000001e-07,79.55886709433042,,,,coastal,WAS,,
1489,Martynova,2024,https://doi.org/10.1016/j.scitotenv.2023.167902,,,,o,17.32050807568877,,1378.0,fiber,2017-11-05,2017-11-07,39.102778,22.318611,,,,,0.001,,,,3.896088300000001e-07,79.55886709433042,,,,coastal,WAS,,
1490,Martynova,2024,https://doi.org/10.1016/j.scitotenv.2023.167902,,,,o,17.32050807568877,,1378.0,fiber,2017-11-13,2017-11-15,39.102778,22.318611,,,,,0.0,,,,0.0,79.55886709433042,,,,coastal,WAS,,
1491,Martynova,2024,https://doi.org/10.1016/j.scitotenv.2023.167902,,,,o,17.32050807568877,,1378.0,fiber,2017-11-29,2017-12-01,39.102778,22.318611,,,,,0.0,,,,0.0,79.55886709433042,,,,coastal,WAS,,
1492,Martynova,2024,https://doi.org/10.1016/j.scitotenv.2023.167902,,,,o,17.32050807568877,,1378.0,fiber,2017-12-07,2017-12-09,39.102778,22.318611,,,,,0.001,,,,3.896088300000001e-07,79.55886709433042,,,,coastal,WAS,,
1493,Edo,2023,https://doi.org/10.1016/j.scitotenv.2023.166923,,,o,,16.0,,1014.0,fiber,2021-05-01,2021-06-01,-8.82,42.19,,,,11.475,,,,0.00280730069568,,63.375,,,,coastal,EUR,,
1494,Edo,2023,https://doi.org/10.1016/j.scitotenv.2023.166923,,,o,,16.0,,1014.0,fiber,2021-07-01,2021-08-01,-8.82,42.19,,,,38.175,,,,0.00933932061504,,63.375,,,,coastal,EUR,,
1495,Edo,2023,https://doi.org/10.1016/j.scitotenv.2023.166923,,,o,,16.0,,1014.0,fiber,2021-11-01,2021-12-01,-8.82,42.19,,,,49.95,,,,0.01222001479296,,63.375,,,,coastal,EUR,,
1496,Edo,2023,https://doi.org/10.1016/j.scitotenv.2023.166923,,,o,,16.0,,1014.0,fiber,2022-01-01,2022-02-01,-8.82,42.19,,,,27.975,,,,0.00684394221888,,63.375,,,,coastal,EUR,,
1497,Edo,2023,https://doi.org/10.1016/j.scitotenv.2023.166923,,,o,,16.0,,1014.0,fiber,2021-05-01,2021-06-01,-3.71,40.6,,,,8.7,,,,0.00212841098496,,63.375,,,,land,EUR,,
1498,Edo,2023,https://doi.org/10.1016/j.scitotenv.2023.166923,,,o,,16.0,,1014.0,fiber,2021-07-01,2021-08-01,-3.71,40.6,,,,0.0,,,,0.0,,63.375,,,,land,EUR,,
1499,Edo,2023,https://doi.org/10.1016/j.scitotenv.2023.166923,,,o,,16.0,,1014.0,fiber,2021-11-01,2021-12-01,-3.71,40.6,,,,3.975,,,,0.0009724636396799999,,63.375,,,,land,EUR,,
1500,Edo,2023,https://doi.org/10.1016/j.scitotenv.2023.166923,,,o,,16.0,,1014.0,fiber,2022-01-01,2022-02-01,-3.71,40.6,,,,4.425000000000001,,,,0.00108255386304,,63.375,,,,land,EUR,,
1501,Edo,2023,https://doi.org/10.1016/j.scitotenv.2023.166923,,,o,,16.0,,1014.0,fiber,2021-05-01,2021-06-01,-3.74,42.46,,,,8.25,,,,0.0020183207616,,63.375,,,,land,EUR,,
1502,Edo,2023,https://doi.org/10.1016/j.scitotenv.2023.166923,,,o,,16.0,,1014.0,fiber,2021-07-01,2021-08-01,-3.74,42.46,,,,5.25,,,,0.0012843859392,,63.375,,,,land,EUR,,
1503,Edo,2023,https://doi.org/10.1016/j.scitotenv.2023.166923,,,o,,16.0,,1014.0,fiber,2021-11-01,2021-12-01,-3.74,42.46,,,,29.625,,,,0.0072476063712,,63.375,,,,land,EUR,,
1504,Edo,2023,https://doi.org/10.1016/j.scitotenv.2023.166923,,,o,,16.0,,1014.0,fiber,2022-01-01,2022-02-01,-3.74,42.46,,,,19.5,,,,0.0047705763456,,63.375,,,,land,EUR,,
1505,Edo,2023,https://doi.org/10.1016/j.scitotenv.2023.166923,,,o,,16.0,,1014.0,fiber,2021-05-01,2021-06-01,-3.34,42.46,,,,61.125,,,,0.0149539220064,,63.375,,,,land,EUR,,
1506,Edo,2023,https://doi.org/10.1016/j.scitotenv.2023.166923,,,o,,16.0,,1014.0,fiber,2021-07-01,2021-08-01,-3.34,42.46,,,,38.175,,,,0.00933932061504,,63.375,,,,land,EUR,,
1507,Edo,2023,https://doi.org/10.1016/j.scitotenv.2023.166923,,,o,,16.0,,1014.0,fiber,2021-11-01,2021-12-01,-3.34,42.46,,,,56.84999999999999,,,,0.01390806488448,,63.375,,,,land,EUR,,
1508,Edo,2023,https://doi.org/10.1016/j.scitotenv.2023.166923,,,o,,16.0,,1014.0,fiber,2022-01-01,2022-02-01,-3.34,42.46,,,,71.25,,,,0.017430952032,,63.375,,,,land,EUR,,
1509,Edo,2023,https://doi.org/10.1016/j.scitotenv.2023.166923,,,o,,16.0,,1014.0,fiber,2021-05-01,2021-06-01,-3.34,40.51,,,,3.375,,,,0.0008256766752,,63.375,,,,land,EUR,,
1510,Edo,2023,https://doi.org/10.1016/j.scitotenv.2023.166923,,,o,,16.0,,1014.0,fiber,2021-07-01,2021-08-01,-3.34,40.51,,,,0.0,,,,0.0,,63.375,,,,land,EUR,,
1511,Edo,2023,https://doi.org/10.1016/j.scitotenv.2023.166923,,,o,,16.0,,1014.0,fiber,2021-11-01,2021-12-01,-3.34,40.51,,,,6.600000000000001,,,,0.00161465660928,,63.375,,,,land,EUR,,
1512,Edo,2023,https://doi.org/10.1016/j.scitotenv.2023.166923,,,o,,16.0,,1014.0,fiber,2022-01-01,2022-02-01,-3.34,40.51,,,,13.35,,,,0.00326600995968,,63.375,,,,land,EUR,,
1513,Edo,2023,https://doi.org/10.1016/j.scitotenv.2023.166923,,,o,,16.0,,1014.0,fiber,2021-05-01,2021-06-01,-1.63,42.65,,,,8.25,,,,0.0020183207616,,63.375,,,,land,EUR,,
1514,Edo,2023,https://doi.org/10.1016/j.scitotenv.2023.166923,,,o,,16.0,,1014.0,fiber,2021-07-01,2021-08-01,-1.63,42.65,,,,5.25,,,,0.0012843859392,,63.375,,,,land,EUR,,
1515,Edo,2023,https://doi.org/10.1016/j.scitotenv.2023.166923,,,o,,16.0,,1014.0,fiber,2021-11-01,2021-12-01,-1.63,42.65,,,,5.25,,,,0.0012843859392,,63.375,,,,land,EUR,,
1516,Edo,2023,https://doi.org/10.1016/j.scitotenv.2023.166923,,,o,,16.0,,1014.0,fiber,2022-01-01,2022-02-01,-1.63,42.65,,,,5.1,,,,0.00124768919808,,63.375,,,,land,EUR,,
1517,Edo,2023,https://doi.org/10.1016/j.scitotenv.2023.166923,,,o,,16.0,,1014.0,fiber,2021-05-01,2021-06-01,2.13,41.44,,,,73.80000000000001,,,,0.01805479663104,,63.375,,,,coastal,EUR,,
1518,Edo,2023,https://doi.org/10.1016/j.scitotenv.2023.166923,,,o,,16.0,,1014.0,fiber,2021-07-01,2021-08-01,2.13,41.44,,,,49.34999999999999,,,,0.01207322782848,,63.375,,,,coastal,EUR,,
1519,Edo,2023,https://doi.org/10.1016/j.scitotenv.2023.166923,,,o,,16.0,,1014.0,fiber,2021-11-01,2021-12-01,2.13,41.44,,,,18.45,,,,0.004513699157760001,,63.375,,,,coastal,EUR,,
1520,Edo,2023,https://doi.org/10.1016/j.scitotenv.2023.166923,,,o,,16.0,,1014.0,fiber,2022-01-01,2022-02-01,2.13,41.44,,,,35.325,,,,0.00864208253376,,63.375,,,,coastal,EUR,,
1521,Edo,2023,https://doi.org/10.1016/j.scitotenv.2023.166923,,,o,,16.0,,1014.0,fiber,2021-05-01,2021-06-01,-1.17,38.11,,,,5.699999999999999,,,,0.00139447616256,,63.375,,,,coastal,EUR,,
1522,Edo,2023,https://doi.org/10.1016/j.scitotenv.2023.166923,,,o,,16.0,,1014.0,fiber,2021-07-01,2021-08-01,-1.17,38.11,,,,14.475,,,,0.00354123551808,,63.375,,,,coastal,EUR,,
1523,Edo,2023,https://doi.org/10.1016/j.scitotenv.2023.166923,,,o,,16.0,,1014.0,fiber,2021-11-01,2021-12-01,-1.17,38.11,,,,18.45,,,,0.004513699157760001,,63.375,,,,coastal,EUR,,
1524,Edo,2023,https://doi.org/10.1016/j.scitotenv.2023.166923,,,o,,16.0,,1014.0,fiber,2022-01-01,2022-02-01,-1.17,38.11,,,,24.825,,,,0.006073310655360001,,63.375,,,,coastal,EUR,,
1525,Edo,2023,https://doi.org/10.1016/j.scitotenv.2023.166923,,,o,,16.0,,1014.0,fiber,2021-05-01,2021-06-01,-16.15,28.29,,,,10.8,,,,0.00264216536064,,63.375,,,,coastal,ATL,,
1526,Edo,2023,https://doi.org/10.1016/j.scitotenv.2023.166923,,,o,,16.0,,1014.0,fiber,2021-07-01,2021-08-01,-16.15,28.29,,,,11.175,,,,0.00273390721344,,63.375,,,,coastal,ATL,,
1527,Edo,2023,https://doi.org/10.1016/j.scitotenv.2023.166923,,,o,,16.0,,1014.0,fiber,2021-11-01,2021-12-01,-16.15,28.29,,,,3.975,,,,0.0009724636396799999,,63.375,,,,coastal,ATL,,
1528,Edo,2023,https://doi.org/10.1016/j.scitotenv.2023.166923,,,o,,16.0,,1014.0,fiber,2022-01-01,2022-02-01,-16.15,28.29,,,,6.375,,,,0.0015596114976,,63.375,,,,coastal,ATL,,
1529,Edo,2023,https://doi.org/10.1016/j.scitotenv.2023.166923,,,o,,16.0,,1014.0,fiber,2021-05-01,2021-06-01,-15.46,28.08,,,,8.625,,,,0.0021100626144,,63.375,,,,coastal,ATL,,
1530,Edo,2023,https://doi.org/10.1016/j.scitotenv.2023.166923,,,o,,16.0,,1014.0,fiber,2021-07-01,2021-08-01,-15.46,28.08,,,,5.25,,,,0.0012843859392,,63.375,,,,coastal,ATL,,
1531,Edo,2023,https://doi.org/10.1016/j.scitotenv.2023.166923,,,o,,16.0,,1014.0,fiber,2021-11-01,2021-12-01,-15.46,28.08,,,,28.95,,,,0.00708247103616,,63.375,,,,coastal,ATL,,
1532,Edo,2023,https://doi.org/10.1016/j.scitotenv.2023.166923,,,o,,16.0,,1014.0,fiber,2022-01-01,2022-02-01,-15.46,28.08,,,,13.125,,,,0.003210964848,,63.375,,,,coastal,ATL,,
1533,Edo,2023,https://doi.org/10.1016/j.scitotenv.2023.166923,,,o,,33.85,,67.7,fragment,2021-05-01,2021-06-01,-8.82,42.19,,,,3.672,,,,0.0002684522238697503,,2.0,,,,coastal,EUR,,
1534,Edo,2023,https://doi.org/10.1016/j.scitotenv.2023.166923,,,o,,33.85,,67.7,fragment,2021-07-01,2021-08-01,-8.82,42.19,,,,12.216,,,,0.0008930861565340059,,2.0,,,,coastal,EUR,,
1535,Edo,2023,https://doi.org/10.1016/j.scitotenv.2023.166923,,,o,,33.85,,67.7,fragment,2021-11-01,2021-12-01,-8.82,42.19,,,,15.984,,,,0.001168556739197737,,2.0,,,,coastal,EUR,,
1536,Edo,2023,https://doi.org/10.1016/j.scitotenv.2023.166923,,,o,,33.85,,67.7,fragment,2022-01-01,2022-02-01,-8.82,42.19,,,,8.951999999999998,,,,0.0006544619575386722,,2.0,,,,coastal,EUR,,
1537,Edo,2023,https://doi.org/10.1016/j.scitotenv.2023.166923,,,o,,33.85,,67.7,fragment,2021-05-01,2021-06-01,-3.71,40.6,,,,2.784,,,,0.0002035324050254316,,2.0,,,,land,EUR,,
1538,Edo,2023,https://doi.org/10.1016/j.scitotenv.2023.166923,,,o,,33.85,,67.7,fragment,2021-07-01,2021-08-01,-3.71,40.6,,,,0.0,,,,0.0,,2.0,,,,land,EUR,,
1539,Edo,2023,https://doi.org/10.1016/j.scitotenv.2023.166923,,,o,,33.85,,67.7,fragment,2021-11-01,2021-12-01,-3.71,40.6,,,,1.272,,,,9.29932540202403e-05,,2.0,,,,land,EUR,,
1540,Edo,2023,https://doi.org/10.1016/j.scitotenv.2023.166923,,,o,,33.85,,67.7,fragment,2022-01-01,2022-02-01,-3.71,40.6,,,,1.416,,,,0.0001035207922112109,,2.0,,,,land,EUR,,
1541,Edo,2023,https://doi.org/10.1016/j.scitotenv.2023.166923,,,o,,33.85,,67.7,fragment,2021-05-01,2021-06-01,-3.74,42.46,,,,2.64,,,,0.000193004866834461,,2.0,,,,land,EUR,,
1542,Edo,2023,https://doi.org/10.1016/j.scitotenv.2023.166923,,,o,,33.85,,67.7,fragment,2021-07-01,2021-08-01,-3.74,42.46,,,,1.68,,,,0.000122821278894657,,2.0,,,,land,EUR,,
1543,Edo,2023,https://doi.org/10.1016/j.scitotenv.2023.166923,,,o,,33.85,,67.7,fragment,2021-11-01,2021-12-01,-3.74,42.46,,,,9.48,,,,0.0006930629309055646,,2.0,,,,land,EUR,,
1544,Edo,2023,https://doi.org/10.1016/j.scitotenv.2023.166923,,,o,,33.85,,67.7,fragment,2022-01-01,2022-02-01,-3.74,42.46,,,,6.24,,,,0.000456193321608726,,2.0,,,,land,EUR,,
1545,Edo,2023,https://doi.org/10.1016/j.scitotenv.2023.166923,,,o,,33.85,,67.7,fragment,2021-05-01,2021-06-01,-3.34,42.46,,,,19.56,,,,0.001429990604273506,,2.0,,,,land,EUR,,
1546,Edo,2023,https://doi.org/10.1016/j.scitotenv.2023.166923,,,o,,33.85,,67.7,fragment,2021-07-01,2021-08-01,-3.34,42.46,,,,12.216,,,,0.0008930861565340059,,2.0,,,,land,EUR,,
1547,Edo,2023,https://doi.org/10.1016/j.scitotenv.2023.166923,,,o,,33.85,,67.7,fragment,2021-11-01,2021-12-01,-3.34,42.46,,,,18.192,,,,0.001329978991459286,,2.0,,,,land,EUR,,
1548,Edo,2023,https://doi.org/10.1016/j.scitotenv.2023.166923,,,o,,33.85,,67.7,fragment,2022-01-01,2022-02-01,-3.34,42.46,,,,22.8,,,,0.001666860213570345,,2.0,,,,land,EUR,,
1549,Edo,2023,https://doi.org/10.1016/j.scitotenv.2023.166923,,,o,,33.85,,67.7,fragment,2021-05-01,2021-06-01,-3.34,40.51,,,,1.08,,,,7.89565364322795e-05,,2.0,,,,land,EUR,,
1550,Edo,2023,https://doi.org/10.1016/j.scitotenv.2023.166923,,,o,,33.85,,67.7,fragment,2021-07-01,2021-08-01,-3.34,40.51,,,,0.0,,,,0.0,,2.0,,,,land,EUR,,
1551,Edo,2023,https://doi.org/10.1016/j.scitotenv.2023.166923,,,o,,33.85,,67.7,fragment,2021-11-01,2021-12-01,-3.34,40.51,,,,2.112,,,,0.0001544038934675688,,2.0,,,,land,EUR,,
1552,Edo,2023,https://doi.org/10.1016/j.scitotenv.2023.166923,,,o,,33.85,,67.7,fragment,2022-01-01,2022-02-01,-3.34,40.51,,,,4.272,,,,0.0003123169663321279,,2.0,,,,land,EUR,,
1553,Edo,2023,https://doi.org/10.1016/j.scitotenv.2023.166923,,,o,,33.85,,67.7,fragment,2021-05-01,2021-06-01,-1.63,42.65,,,,2.64,,,,0.000193004866834461,,2.0,,,,land,EUR,,
1554,Edo,2023,https://doi.org/10.1016/j.scitotenv.2023.166923,,,o,,33.85,,67.7,fragment,2021-07-01,2021-08-01,-1.63,42.65,,,,1.68,,,,0.000122821278894657,,2.0,,,,land,EUR,,
1555,Edo,2023,https://doi.org/10.1016/j.scitotenv.2023.166923,,,o,,33.85,,67.7,fragment,2021-11-01,2021-12-01,-1.63,42.65,,,,1.68,,,,0.000122821278894657,,2.0,,,,land,EUR,,
1556,Edo,2023,https://doi.org/10.1016/j.scitotenv.2023.166923,,,o,,33.85,,67.7,fragment,2022-01-01,2022-02-01,-1.63,42.65,,,,1.632,,,,0.0001193120994976668,,2.0,,,,land,EUR,,
1557,Edo,2023,https://doi.org/10.1016/j.scitotenv.2023.166923,,,o,,33.85,,67.7,fragment,2021-05-01,2021-06-01,2.13,41.44,,,,23.616,,,,0.001726516263319179,,2.0,,,,coastal,EUR,,
1558,Edo,2023,https://doi.org/10.1016/j.scitotenv.2023.166923,,,o,,33.85,,67.7,fragment,2021-07-01,2021-08-01,2.13,41.44,,,,15.792,,,,0.001154520021609776,,2.0,,,,coastal,EUR,,
1559,Edo,2023,https://doi.org/10.1016/j.scitotenv.2023.166923,,,o,,33.85,,67.7,fragment,2021-11-01,2021-12-01,2.13,41.44,,,,5.904,,,,0.0004316290658297946,,2.0,,,,coastal,EUR,,
1560,Edo,2023,https://doi.org/10.1016/j.scitotenv.2023.166923,,,o,,33.85,,67.7,fragment,2022-01-01,2022-02-01,2.13,41.44,,,,11.304,,,,0.0008264117479911922,,2.0,,,,coastal,EUR,,
1561,Edo,2023,https://doi.org/10.1016/j.scitotenv.2023.166923,,,o,,33.85,,67.7,fragment,2021-05-01,2021-06-01,-1.17,38.11,,,,1.824,,,,0.0001333488170856276,,2.0,,,,coastal,EUR,,
1562,Edo,2023,https://doi.org/10.1016/j.scitotenv.2023.166923,,,o,,33.85,,67.7,fragment,2021-07-01,2021-08-01,-1.17,38.11,,,,4.632,,,,0.0003386358118095543,,2.0,,,,coastal,EUR,,
1563,Edo,2023,https://doi.org/10.1016/j.scitotenv.2023.166923,,,o,,33.85,,67.7,fragment,2021-11-01,2021-12-01,-1.17,38.11,,,,5.904,,,,0.0004316290658297946,,2.0,,,,coastal,EUR,,
1564,Edo,2023,https://doi.org/10.1016/j.scitotenv.2023.166923,,,o,,33.85,,67.7,fragment,2022-01-01,2022-02-01,-1.17,38.11,,,,7.944,,,,0.0005807691902018781,,2.0,,,,coastal,EUR,,
1565,Edo,2023,https://doi.org/10.1016/j.scitotenv.2023.166923,,,o,,33.85,,67.7,fragment,2021-05-01,2021-06-01,-16.15,28.29,,,,3.456,,,,0.0002526609165832944,,2.0,,,,coastal,ATL,,
1566,Edo,2023,https://doi.org/10.1016/j.scitotenv.2023.166923,,,o,,33.85,,67.7,fragment,2021-07-01,2021-08-01,-16.15,28.29,,,,3.576,,,,0.0002614338650757699,,2.0,,,,coastal,ATL,,
1567,Edo,2023,https://doi.org/10.1016/j.scitotenv.2023.166923,,,o,,33.85,,67.7,fragment,2021-11-01,2021-12-01,-16.15,28.29,,,,1.272,,,,9.29932540202403e-05,,2.0,,,,coastal,ATL,,
1568,Edo,2023,https://doi.org/10.1016/j.scitotenv.2023.166923,,,o,,33.85,,67.7,fragment,2022-01-01,2022-02-01,-16.15,28.29,,,,2.04,,,,0.0001491401243720835,,2.0,,,,coastal,ATL,,
1569,Edo,2023,https://doi.org/10.1016/j.scitotenv.2023.166923,,,o,,33.85,,67.7,fragment,2021-05-01,2021-06-01,-15.46,28.08,,,,2.76,,,,0.0002017778153269365,,2.0,,,,coastal,ATL,,
1570,Edo,2023,https://doi.org/10.1016/j.scitotenv.2023.166923,,,o,,33.85,,67.7,fragment,2021-07-01,2021-08-01,-15.46,28.08,,,,1.68,,,,0.000122821278894657,,2.0,,,,coastal,ATL,,
1571,Edo,2023,https://doi.org/10.1016/j.scitotenv.2023.166923,,,o,,33.85,,67.7,fragment,2021-11-01,2021-12-01,-15.46,28.08,,,,9.264,,,,0.0006772716236191086,,2.0,,,,coastal,ATL,,
1572,Edo,2023,https://doi.org/10.1016/j.scitotenv.2023.166923,,,o,,33.85,,67.7,fragment,2022-01-01,2022-02-01,-15.46,28.08,,,,4.2,,,,0.0003070531972366425,,2.0,,,,coastal,ATL,,
1573,Hee,2023,https://doi.org/10.1016/j.scitotenv.2023.166153,,,o,,7.905694150420948,,15.8113883008419,fragment,2020-08-01,2020-08-31,103.0854,5.412,,,,178.74,,,,0.0001664677440427449,,2.0,,,,coastal,SAS,,
1574,Hee,2023,https://doi.org/10.1016/j.scitotenv.2023.166153,,,o,,7.905694150420948,,15.8113883008419,fragment,2020-09-01,2020-09-30,103.0854,5.412,,,,160.92,,,,0.0001498712620082718,,2.0,,,,coastal,SAS,,
1575,Hee,2023,https://doi.org/10.1016/j.scitotenv.2023.166153,,,o,,7.905694150420948,,15.8113883008419,fragment,2020-10-01,2020-10-31,103.0854,5.412,,,,211.68,,,,0.0001971460896216193,,2.0,,,,coastal,SAS,,
1576,Hee,2023,https://doi.org/10.1016/j.scitotenv.2023.166153,,,o,,7.905694150420948,,15.8113883008419,fragment,2020-11-01,2020-11-30,103.0854,5.412,,,,183.6,,,,0.0001709940573248739,,2.0,,,,coastal,SAS,,
1577,Hee,2023,https://doi.org/10.1016/j.scitotenv.2023.166153,,,o,,7.905694150420948,,15.8113883008419,fragment,2020-12-01,2020-12-31,103.0854,5.412,,,,372.06,,,,0.0003465144279318768,,2.0,,,,coastal,SAS,,
1578,Hee,2023,https://doi.org/10.1016/j.scitotenv.2023.166153,,,o,,7.905694150420948,,15.8113883008419,fragment,2021-01-01,2021-01-31,103.0854,5.412,,,,245.7,,,,0.0002288302825965224,,2.0,,,,coastal,SAS,,
1579,Hee,2023,https://doi.org/10.1016/j.scitotenv.2023.166153,,,o,,7.905694150420948,,15.8113883008419,fragment,2021-02-01,2021-02-28,103.0854,5.412,,,,61.56,,,,5.733330157363419e-05,,2.0,,,,coastal,SAS,,
1580,Hee,2023,https://doi.org/10.1016/j.scitotenv.2023.166153,,,o,,7.905694150420948,,15.8113883008419,fragment,2021-03-01,2021-03-31,103.0854,5.412,,,,248.4,,,,0.0002313449010865941,,2.0,,,,coastal,SAS,,
1581,Hee,2023,https://doi.org/10.1016/j.scitotenv.2023.166153,,,o,,7.905694150420948,,15.8113883008419,fragment,2021-04-01,2021-04-30,103.0854,5.412,,,,116.64,,,,0.0001086315187710964,,2.0,,,,coastal,SAS,,
1582,Hee,2023,https://doi.org/10.1016/j.scitotenv.2023.166153,,,o,,7.905694150420948,,15.8113883008419,fragment,2021-05-01,2021-05-31,103.0854,5.412,,,,210.06,,,,0.0001956373185275763,,2.0,,,,coastal,SAS,,
1583,Hee,2023,https://doi.org/10.1016/j.scitotenv.2023.166153,,,o,,7.905694150420948,,15.8113883008419,fragment,2020-08-01,2020-08-31,101.77317,2.9245,,,,177.12,,,,0.0001649589729487019,,2.0,,,,land,SAS,,
1584,Hee,2023,https://doi.org/10.1016/j.scitotenv.2023.166153,,,o,,7.905694150420948,,15.8113883008419,fragment,2020-09-01,2020-09-30,101.77317,2.9245,,,,174.96,,,,0.0001629472781566445,,2.0,,,,land,SAS,,
1585,Hee,2023,https://doi.org/10.1016/j.scitotenv.2023.166153,,,o,,7.905694150420948,,15.8113883008419,fragment,2020-10-01,2020-10-31,101.77317,2.9245,,,,192.24,,,,0.0001790408364931033,,2.0,,,,land,SAS,,
1586,Hee,2023,https://doi.org/10.1016/j.scitotenv.2023.166153,,,o,,7.905694150420948,,15.8113883008419,fragment,2020-11-01,2020-11-30,101.77317,2.9245,,,,190.08,,,,0.0001770291417010459,,2.0,,,,land,SAS,,
1587,Hee,2023,https://doi.org/10.1016/j.scitotenv.2023.166153,,,o,,7.905694150420948,,15.8113883008419,fragment,2020-12-01,2020-12-31,101.77317,2.9245,,,,173.34,,,,0.0001614385070626015,,2.0,,,,land,SAS,,
1588,Hee,2023,https://doi.org/10.1016/j.scitotenv.2023.166153,,,o,,7.905694150420948,,15.8113883008419,fragment,2021-01-01,2021-01-31,101.77317,2.9245,,,,193.86,,,,0.0001805496075871463,,2.0,,,,land,SAS,,
1589,Hee,2023,https://doi.org/10.1016/j.scitotenv.2023.166153,,,o,,7.905694150420948,,15.8113883008419,fragment,2021-02-01,2021-02-28,101.77317,2.9245,,,,151.2,,,,0.0001408186354440138,,2.0,,,,land,SAS,,
1590,Hee,2023,https://doi.org/10.1016/j.scitotenv.2023.166153,,,o,,7.905694150420948,,15.8113883008419,fragment,2021-03-01,2021-03-31,101.77317,2.9245,,,,185.22,,,,0.0001725028284189169,,2.0,,,,land,SAS,,
1591,Hee,2023,https://doi.org/10.1016/j.scitotenv.2023.166153,,,o,,7.905694150420948,,15.8113883008419,fragment,2021-04-01,2021-04-30,101.77317,2.9245,,,,212.76,,,,0.000198151937017648,,2.0,,,,land,SAS,,
1592,Hee,2023,https://doi.org/10.1016/j.scitotenv.2023.166153,,,o,,7.905694150420948,,15.8113883008419,fragment,2021-05-01,2021-05-31,101.77317,2.9245,,,,186.3,,,,0.0001735086758149456,,2.0,,,,land,SAS,,
1593,Hee,2023,https://doi.org/10.1016/j.scitotenv.2023.166153,,,o,,7.905694150420948,,15.8113883008419,fragment,2020-08-01,2020-08-31,103.008333333,5.81283,,,,0.0,,,,0.0,,2.0,,,,coastal,SAS,,
1594,Hee,2023,https://doi.org/10.1016/j.scitotenv.2023.166153,,,o,,7.905694150420948,,15.8113883008419,fragment,2020-09-01,2020-09-30,103.008333333,5.81283,,,,92.88000000000001,,,,8.650287605846563e-05,,2.0,,,,coastal,SAS,,
1595,Hee,2023,https://doi.org/10.1016/j.scitotenv.2023.166153,,,o,,7.905694150420948,,15.8113883008419,fragment,2020-10-01,2020-10-31,103.008333333,5.81283,,,,135.0,,,,0.0001257309245035837,,2.0,,,,coastal,SAS,,
1596,Hee,2023,https://doi.org/10.1016/j.scitotenv.2023.166153,,,o,,7.905694150420948,,15.8113883008419,fragment,2020-11-01,2020-11-30,103.008333333,5.81283,,,,147.42,,,,0.0001372981695579135,,2.0,,,,coastal,SAS,,
1597,Hee,2023,https://doi.org/10.1016/j.scitotenv.2023.166153,,,o,,7.905694150420948,,15.8113883008419,fragment,2020-12-01,2020-12-31,103.008333333,5.81283,,,,0.0,,,,0.0,,2.0,,,,coastal,SAS,,
1598,Hee,2023,https://doi.org/10.1016/j.scitotenv.2023.166153,,,o,,7.905694150420948,,15.8113883008419,fragment,2021-01-01,2021-01-31,103.008333333,5.81283,,,,257.04,,,,0.0002393916802548235,,2.0,,,,coastal,SAS,,
1599,Hee,2023,https://doi.org/10.1016/j.scitotenv.2023.166153,,,o,,7.905694150420948,,15.8113883008419,fragment,2021-02-01,2021-02-28,103.008333333,5.81283,,,,0.0,,,,0.0,,2.0,,,,coastal,SAS,,
1600,Hee,2023,https://doi.org/10.1016/j.scitotenv.2023.166153,,,o,,7.905694150420948,,15.8113883008419,fragment,2021-03-01,2021-03-31,103.008333333,5.81283,,,,123.66,,,,0.0001151695268452827,,2.0,,,,coastal,SAS,,
1601,Hee,2023,https://doi.org/10.1016/j.scitotenv.2023.166153,,,o,,7.905694150420948,,15.8113883008419,fragment,2021-04-01,2021-04-30,103.008333333,5.81283,,,,136.08,,,,0.0001267367718996124,,2.0,,,,coastal,SAS,,
1602,Hee,2023,https://doi.org/10.1016/j.scitotenv.2023.166153,,,o,,7.905694150420948,,15.8113883008419,fragment,2021-05-01,2021-05-31,103.008333333,5.81283,,,,143.64,,,,0.0001337777036718131,,2.0,,,,coastal,SAS,,
1603,Hee,2023,https://doi.org/10.1016/j.scitotenv.2023.166153,,,o,,0.3952847075210474,,15.8113883008419,fiber,2020-08-01,2020-08-31,103.0854,5.412,,,,152.26,,,,3.545146400910308e-07,,40.0,,,,coastal,SAS,,
1604,Hee,2023,https://doi.org/10.1016/j.scitotenv.2023.166153,,,o,,0.3952847075210474,,15.8113883008419,fiber,2020-09-01,2020-09-30,103.0854,5.412,,,,137.08,,,,3.191702802028012e-07,,40.0,,,,coastal,SAS,,
1605,Hee,2023,https://doi.org/10.1016/j.scitotenv.2023.166153,,,o,,0.3952847075210474,,15.8113883008419,fiber,2020-10-01,2020-10-31,103.0854,5.412,,,,180.32,,,,4.19848153823819e-07,,40.0,,,,coastal,SAS,,
1606,Hee,2023,https://doi.org/10.1016/j.scitotenv.2023.166153,,,o,,0.3952847075210474,,15.8113883008419,fiber,2020-11-01,2020-11-30,103.0854,5.412,,,,156.4,,,,3.641540109696389e-07,,40.0,,,,coastal,SAS,,
1607,Hee,2023,https://doi.org/10.1016/j.scitotenv.2023.166153,,,o,,0.3952847075210474,,15.8113883008419,fiber,2020-12-01,2020-12-31,103.0854,5.412,,,,316.94,,,,7.379473928178858e-07,,40.0,,,,coastal,SAS,,
1608,Hee,2023,https://doi.org/10.1016/j.scitotenv.2023.166153,,,o,,0.3952847075210474,,15.8113883008419,fiber,2021-01-01,2021-01-31,103.0854,5.412,,,,209.3,,,,4.873237499740755e-07,,40.0,,,,coastal,SAS,,
1609,Hee,2023,https://doi.org/10.1016/j.scitotenv.2023.166153,,,o,,0.3952847075210474,,15.8113883008419,fiber,2021-02-01,2021-02-28,103.0854,5.412,,,,52.44,,,,1.220986977957025e-07,,40.0,,,,coastal,SAS,,
1610,Hee,2023,https://doi.org/10.1016/j.scitotenv.2023.166153,,,o,,0.3952847075210474,,15.8113883008419,fiber,2021-03-01,2021-03-31,103.0854,5.412,,,,211.6,,,,4.926789560177468e-07,,40.0,,,,coastal,SAS,,
1611,Hee,2023,https://doi.org/10.1016/j.scitotenv.2023.166153,,,o,,0.3952847075210474,,15.8113883008419,fiber,2021-04-01,2021-04-30,103.0854,5.412,,,,99.36,,,,2.313449010865941e-07,,40.0,,,,coastal,SAS,,
1612,Hee,2023,https://doi.org/10.1016/j.scitotenv.2023.166153,,,o,,0.3952847075210474,,15.8113883008419,fiber,2021-05-01,2021-05-31,103.0854,5.412,,,,178.94,,,,4.166350301976162e-07,,40.0,,,,coastal,SAS,,
1613,Hee,2023,https://doi.org/10.1016/j.scitotenv.2023.166153,,,o,,0.3952847075210474,,15.8113883008419,fiber,2020-08-01,2020-08-31,101.77317,2.9245,,,,150.88,,,,3.513015164648281e-07,,40.0,,,,land,SAS,,
1614,Hee,2023,https://doi.org/10.1016/j.scitotenv.2023.166153,,,o,,0.3952847075210474,,15.8113883008419,fiber,2020-09-01,2020-09-30,101.77317,2.9245,,,,149.04,,,,3.470173516298912e-07,,40.0,,,,land,SAS,,
1615,Hee,2023,https://doi.org/10.1016/j.scitotenv.2023.166153,,,o,,0.3952847075210474,,15.8113883008419,fiber,2020-10-01,2020-10-31,101.77317,2.9245,,,,163.76,,,,3.812906703093866e-07,,40.0,,,,land,SAS,,
1616,Hee,2023,https://doi.org/10.1016/j.scitotenv.2023.166153,,,o,,0.3952847075210474,,15.8113883008419,fiber,2020-11-01,2020-11-30,101.77317,2.9245,,,,161.92,,,,3.770065054744497e-07,,40.0,,,,land,SAS,,
1617,Hee,2023,https://doi.org/10.1016/j.scitotenv.2023.166153,,,o,,0.3952847075210474,,15.8113883008419,fiber,2020-12-01,2020-12-31,101.77317,2.9245,,,,147.66,,,,3.438042280036884e-07,,40.0,,,,land,SAS,,
1618,Hee,2023,https://doi.org/10.1016/j.scitotenv.2023.166153,,,o,,0.3952847075210474,,15.8113883008419,fiber,2021-01-01,2021-01-31,101.77317,2.9245,,,,165.14,,,,3.845037939355893e-07,,40.0,,,,land,SAS,,
1619,Hee,2023,https://doi.org/10.1016/j.scitotenv.2023.166153,,,o,,0.3952847075210474,,15.8113883008419,fiber,2021-02-01,2021-02-28,101.77317,2.9245,,,,128.8,,,,2.99891538445585e-07,,40.0,,,,land,SAS,,
1620,Hee,2023,https://doi.org/10.1016/j.scitotenv.2023.166153,,,o,,0.3952847075210474,,15.8113883008419,fiber,2021-03-01,2021-03-31,101.77317,2.9245,,,,157.78,,,,3.673671345958416e-07,,40.0,,,,land,SAS,,
1621,Hee,2023,https://doi.org/10.1016/j.scitotenv.2023.166153,,,o,,0.3952847075210474,,15.8113883008419,fiber,2021-04-01,2021-04-30,101.77317,2.9245,,,,181.24,,,,4.219902362412874e-07,,40.0,,,,land,SAS,,
1622,Hee,2023,https://doi.org/10.1016/j.scitotenv.2023.166153,,,o,,0.3952847075210474,,15.8113883008419,fiber,2021-05-01,2021-05-31,101.77317,2.9245,,,,158.7,,,,3.695092170133101e-07,,40.0,,,,land,SAS,,
1623,Hee,2023,https://doi.org/10.1016/j.scitotenv.2023.166153,,,o,,0.3952847075210474,,15.8113883008419,fiber,2020-08-01,2020-08-31,103.008333333,5.81283,,,,0.0,,,,0.0,,40.0,,,,coastal,SAS,,
1624,Hee,2023,https://doi.org/10.1016/j.scitotenv.2023.166153,,,o,,0.3952847075210474,,15.8113883008419,fiber,2020-09-01,2020-09-30,103.008333333,5.81283,,,,79.12,,,,1.842190879022879e-07,,40.0,,,,coastal,SAS,,
1625,Hee,2023,https://doi.org/10.1016/j.scitotenv.2023.166153,,,o,,0.3952847075210474,,15.8113883008419,fiber,2020-10-01,2020-10-31,103.008333333,5.81283,,,,115.0,,,,2.67760302183558e-07,,40.0,,,,coastal,SAS,,
1626,Hee,2023,https://doi.org/10.1016/j.scitotenv.2023.166153,,,o,,0.3952847075210474,,15.8113883008419,fiber,2020-11-01,2020-11-30,103.008333333,5.81283,,,,125.58,,,,2.923942499844453e-07,,40.0,,,,coastal,SAS,,
1627,Hee,2023,https://doi.org/10.1016/j.scitotenv.2023.166153,,,o,,0.3952847075210474,,15.8113883008419,fiber,2020-12-01,2020-12-31,103.008333333,5.81283,,,,0.0,,,,0.0,,40.0,,,,coastal,SAS,,
1628,Hee,2023,https://doi.org/10.1016/j.scitotenv.2023.166153,,,o,,0.3952847075210474,,15.8113883008419,fiber,2021-01-01,2021-01-31,103.008333333,5.81283,,,,218.96,,,,5.098156153574945e-07,,40.0,,,,coastal,SAS,,
1629,Hee,2023,https://doi.org/10.1016/j.scitotenv.2023.166153,,,o,,0.3952847075210474,,15.8113883008419,fiber,2021-02-01,2021-02-28,103.008333333,5.81283,,,,0.0,,,,0.0,,40.0,,,,coastal,SAS,,
1630,Hee,2023,https://doi.org/10.1016/j.scitotenv.2023.166153,,,o,,0.3952847075210474,,15.8113883008419,fiber,2021-03-01,2021-03-31,103.008333333,5.81283,,,,105.34,,,,2.452684368001391e-07,,40.0,,,,coastal,SAS,,
1631,Hee,2023,https://doi.org/10.1016/j.scitotenv.2023.166153,,,o,,0.3952847075210474,,15.8113883008419,fiber,2021-04-01,2021-04-30,103.008333333,5.81283,,,,115.92,,,,2.699023846010264e-07,,40.0,,,,coastal,SAS,,
1632,Hee,2023,https://doi.org/10.1016/j.scitotenv.2023.166153,,,o,,0.3952847075210474,,15.8113883008419,fiber,2021-05-01,2021-05-31,103.008333333,5.81283,,,,122.36,,,,2.848969615233057e-07,,40.0,,,,coastal,SAS,,
1633,Zhang,2023,https://doi.org/10.1016/j.scitotenv.2023.163567,,,o,,13.044,200-400,521.76,fiber,2021-09-01,2022-02-28,115.433333333,39.9666666667,,,,114.894386,,,,0.009612790757692447,,40.0,,,,land,EAS,,
1634,Zhang,2023,https://doi.org/10.1016/j.scitotenv.2023.163567,,,o,,13.044,,521.76,fiber,2021-09-01,2022-02-28,116.433333333,40.1833333333,,,,155.389524,,,,0.0130008700351071,,40.0,,,,land,EAS,,
1635,Zhang,2023,https://doi.org/10.1016/j.scitotenv.2023.163567,,,o,,13.044,,521.76,fiber,2021-09-01,2022-02-28,116.566666667,40.0166666667,,,,340.826889,,,,0.02851573242710283,,40.0,,,,land,EAS,,
1636,Zhang,2023,https://doi.org/10.1016/j.scitotenv.2023.163567,,,o,,260.88,,521.76,fragment,2021-09-01,2022-02-28,115.433333333,39.9666666667,,,,9.828684,,,,0.3289319382949821,,2.0,,,,land,EAS,,
1637,Zhang,2023,https://doi.org/10.1016/j.scitotenv.2023.163567,,,o,,260.88,,521.76,fragment,2021-09-01,2022-02-28,116.433333333,40.1833333333,,,,13.292856,,,,0.4448657510564061,,2.0,,,,land,EAS,,
1638,Zhang,2023,https://doi.org/10.1016/j.scitotenv.2023.163567,,,o,,260.88,,521.76,fragment,2021-09-01,2022-02-28,116.566666667,40.0166666667,,,,29.156166,,,,0.9757556754933067,,2.0,,,,land,EAS,,
1639,Zhang,2023,https://doi.org/10.1016/j.scitotenv.2023.163567,,,o,,,,521.76,film,2021-09-01,2022-02-28,115.433333333,39.9666666667,,,,6.818816000000001,,,,8.382587210772481e-05,,104.352,521.76,368.940034151893,5.0,land,EAS,,
1640,Zhang,2023,https://doi.org/10.1016/j.scitotenv.2023.163567,,,o,,,,521.76,film,2021-09-01,2022-02-28,116.433333333,40.1833333333,,,,9.222144,,,,0.0001133707469893632,,104.352,521.76,368.940034151893,5.0,land,EAS,,
1641,Zhang,2023,https://doi.org/10.1016/j.scitotenv.2023.163567,,,o,,,,521.76,film,2021-09-01,2022-02-28,116.566666667,40.0166666667,,,,20.227584,,,,0.0002486641184381952,,104.352,521.76,368.940034151893,5.0,land,EAS,,
1672,Lu,2024,https://doi.org/10.1016/j.scitotenv.2023.168834,,,o,,2.5,,100.0,fiber,2021-09-01,2022-02-28,116.44,39.68,,,,347.2,,,,0.00020451165,,40.0,,,,land,EAS,,
1673,Lu,2024,https://doi.org/10.1016/j.scitotenv.2023.168834,,,o,,2.5,,100.0,fiber,2021-09-01,2022-02-28,116.28,39.94,,,,167.25,,,,9.851547656250001e-05,,40.0,,,,land,EAS,,
1674,Lu,2024,https://doi.org/10.1016/j.scitotenv.2023.168834,,,o,,2.5,,100.0,fiber,2021-09-01,2022-02-28,116.81,40.19,,,,144.31,,,,8.500309968750001e-05,,40.0,,,,land,EAS,,
1675,Lu,2024,https://doi.org/10.1016/j.scitotenv.2023.168834,,,o,,2.5,,100.0,fiber,2021-09-01,2022-02-28,116.7,39.7,,,,139.87,,,,8.238780093750001e-05,,40.0,,,,land,EAS,,
1676,Lu,2024,https://doi.org/10.1016/j.scitotenv.2023.168834,,,o,,2.5,,100.0,fiber,2021-09-01,2022-02-28,116.03,39.65,,,,110.84,,,,6.528822375e-05,,40.0,,,,land,EAS,,
1677,Lu,2024,https://doi.org/10.1016/j.scitotenv.2023.168834,,,o,,2.5,,100.0,fiber,2021-09-01,2022-02-28,116.02,39.97,,,,93.05,,,,5.48093578125e-05,,40.0,,,,land,EAS,,
1678,Morioka,2024,https://doi.org/10.1016/j.chemosphere.2024.141131,,,,o,,,11.0,sphere,2022-05-17,2022-05-20,135.781467270959,35.0279425914802,,,,,253.4999844889693,,,,0.000212,,,,,land,EAS,,
1679,Morioka,2024,https://doi.org/10.1016/j.chemosphere.2024.141131,,,,o,,,8.774964387392123,sphere,2022-05-17,2022-05-20,135.781467270959,35.0279425914802,,,,,226.1284869961966,,,,9.6e-05,,,,,land,EAS,,
1680,Morioka,2024,https://doi.org/10.1016/j.chemosphere.2024.141131,,,,o,,,5.735852159879995,sphere,2022-05-17,2022-05-20,135.781467270959,35.0279425914802,,,,,1265.078700431295,,,,0.00015,,,,,land,EAS,,
1681,Sharaf,2024,https://doi.org/10.1016/j.scitotenv.2023.168398,,,,o,1.767766952966369,,70.71067811865476,fiber,2022-12-07,2022-12-08,72.990345,33.645572,,,,,0.39117,,,,8.146271545998418e-08,40.0,,,,land,WAS,,
1682,Sharaf,2024,https://doi.org/10.1016/j.scitotenv.2023.168398,,,,o,1.767766952966369,,70.71067811865476,fiber,2022-12-08,2022-12-09,72.990345,33.645572,,,,,0.5834400000000001,,,,1.215037111945527e-07,40.0,,,,land,WAS,,
1683,Sharaf,2024,https://doi.org/10.1016/j.scitotenv.2023.168398,,,,o,1.767766952966369,,70.71067811865476,fiber,2022-12-12,2022-12-13,72.990345,33.645572,,,,,0.49062,,,,1.02173575322692e-07,40.0,,,,land,WAS,,
1684,Sharaf,2024,https://doi.org/10.1016/j.scitotenv.2023.168398,,,,o,1.767766952966369,,70.71067811865476,fiber,2022-12-13,2022-12-14,72.990345,33.645572,,,,,0.6696300000000001,,,,1.394531230755662e-07,40.0,,,,land,WAS,,
1685,Sharaf,2024,https://doi.org/10.1016/j.scitotenv.2023.168398,,,,o,1.767766952966369,,70.71067811865476,fiber,2022-12-14,2022-12-15,72.990345,33.645572,,,,,0.8619000000000001,,,,1.794941188101347e-07,40.0,,,,land,WAS,,
1686,Sharaf,2024,https://doi.org/10.1016/j.scitotenv.2023.168398,,,,o,1.767766952966369,,70.71067811865476,fiber,2022-12-15,2022-12-16,72.990345,33.645572,,,,,0.7956,,,,1.656868789016627e-07,40.0,,,,land,WAS,,
1687,Sharaf,2024,https://doi.org/10.1016/j.scitotenv.2023.168398,,,,o,1.767766952966369,,70.71067811865476,fiber,2022-12-20,2022-12-21,72.990345,33.645572,,,,,0.93483,,,,1.946820827094537e-07,40.0,,,,land,WAS,,
1688,Sharaf,2024,https://doi.org/10.1016/j.scitotenv.2023.168398,,,,o,1.767766952966369,,70.71067811865476,fiber,2022-12-21,2022-12-22,72.990345,33.645572,,,,,0.5304000000000001,,,,1.104579192677752e-07,40.0,,,,land,WAS,,
1689,Sharaf,2024,https://doi.org/10.1016/j.scitotenv.2023.168398,,,,o,1.767766952966369,,70.71067811865476,fiber,2022-12-22,2022-12-23,72.990345,33.645572,,,,,0.31161,,,,6.489402756981791e-08,40.0,,,,land,WAS,,
1690,Sharaf,2024,https://doi.org/10.1016/j.scitotenv.2023.168398,,,,o,25.0,,50.0,fragment,2022-12-07,2022-12-08,72.990345,33.645572,,,,,0.18113,,,,5.334561515624999e-06,2.0,,,,land,WAS,,
1691,Sharaf,2024,https://doi.org/10.1016/j.scitotenv.2023.168398,,,,o,25.0,,50.0,fragment,2022-12-08,2022-12-09,72.990345,33.645572,,,,,0.27016,,,,7.956634125e-06,2.0,,,,land,WAS,,
1692,Sharaf,2024,https://doi.org/10.1016/j.scitotenv.2023.168398,,,,o,25.0,,50.0,fragment,2022-12-12,2022-12-13,72.990345,33.645572,,,,,0.22718,,,,6.690805968749999e-06,2.0,,,,land,WAS,,
1693,Sharaf,2024,https://doi.org/10.1016/j.scitotenv.2023.168398,,,,o,25.0,,50.0,fragment,2022-12-13,2022-12-14,72.990345,33.645572,,,,,0.31007,,,,9.132045984375e-06,2.0,,,,land,WAS,,
1694,Sharaf,2024,https://doi.org/10.1016/j.scitotenv.2023.168398,,,,o,25.0,,50.0,fragment,2022-12-14,2022-12-15,72.990345,33.645572,,,,,0.3991,,,,1.175411859375e-05,2.0,,,,land,WAS,,
1695,Sharaf,2024,https://doi.org/10.1016/j.scitotenv.2023.168398,,,,o,25.0,,50.0,fragment,2022-12-15,2022-12-16,72.990345,33.645572,,,,,0.3684,,,,1.0849955625e-05,2.0,,,,land,WAS,,
1696,Sharaf,2024,https://doi.org/10.1016/j.scitotenv.2023.168398,,,,o,25.0,,50.0,fragment,2022-12-20,2022-12-21,72.990345,33.645572,,,,,0.43287,,,,1.2748697859375e-05,2.0,,,,land,WAS,,
1697,Sharaf,2024,https://doi.org/10.1016/j.scitotenv.2023.168398,,,,o,25.0,,50.0,fragment,2022-12-21,2022-12-22,72.990345,33.645572,,,,,0.2456,,,,7.23330375e-06,2.0,,,,land,WAS,,
1698,Sharaf,2024,https://doi.org/10.1016/j.scitotenv.2023.168398,,,,o,25.0,,50.0,fragment,2022-12-22,2022-12-23,72.990345,33.645572,,,,,0.14429,,,,4.249565953125e-06,2.0,,,,land,WAS,,
1699,Kyriakoudes,2023,https://doi.org/10.1016/j.chemosphere.2023.140258,,,o,,39.52847075210475,,1581.13883008419,fiber,2021-11-05,2021-11-08,-4.1384,50.3751,,,,38.92944000000001,,,,0.09064137928901472,,40.0,,,,coastal,EUR,,
1700,Kyriakoudes,2023,https://doi.org/10.1016/j.chemosphere.2023.140258,,,o,,39.52847075210475,,1581.13883008419,fiber,2021-11-08,2021-11-12,-4.1384,50.3751,,,,45.48192,,,,0.105897849070334,,40.0,,,,coastal,EUR,,
1701,Kyriakoudes,2023,https://doi.org/10.1016/j.chemosphere.2023.140258,,,o,,39.52847075210475,,1581.13883008419,fiber,2021-11-12,2021-11-15,-4.1384,50.3751,,,,34.49688,,,,0.08032082620165167,,40.0,,,,coastal,EUR,,
1702,Kyriakoudes,2023,https://doi.org/10.1016/j.chemosphere.2023.140258,,,o,,39.52847075210475,,1581.13883008419,fiber,2021-11-15,2021-11-19,-4.1384,50.3751,,,,21.1992,,,,0.04935916693956248,,40.0,,,,coastal,EUR,,
1703,Kyriakoudes,2023,https://doi.org/10.1016/j.chemosphere.2023.140258,,,o,,39.52847075210475,,1581.13883008419,fiber,2021-11-19,2021-11-22,-4.1384,50.3751,,,,34.49688,,,,0.08032082620165167,,40.0,,,,coastal,EUR,,
1704,Kyriakoudes,2023,https://doi.org/10.1016/j.chemosphere.2023.140258,,,o,,39.52847075210475,,1581.13883008419,fiber,2021-11-22,2021-11-26,-4.1384,50.3751,,,,63.59759999999999,,,,0.1480775008186874,,40.0,,,,coastal,EUR,,
1705,Kyriakoudes,2023,https://doi.org/10.1016/j.chemosphere.2023.140258,,,o,,39.52847075210475,,1581.13883008419,fiber,2021-11-26,2021-11-29,-4.1384,50.3751,,,,30.25704,,,,0.07044899281373916,,40.0,,,,coastal,EUR,,
1706,Kyriakoudes,2023,https://doi.org/10.1016/j.chemosphere.2023.140258,,,o,,39.52847075210475,,1581.13883008419,fiber,2021-11-29,2021-12-03,-4.1384,50.3751,,,,30.25704,,,,0.07044899281373916,,40.0,,,,coastal,EUR,,
1707,Kyriakoudes,2023,https://doi.org/10.1016/j.chemosphere.2023.140258,,,o,,39.52847075210475,,1581.13883008419,fiber,2021-12-03,2021-12-06,-4.1384,50.3751,,,,34.49688,,,,0.08032082620165167,,40.0,,,,coastal,EUR,,
1708,Kyriakoudes,2023,https://doi.org/10.1016/j.chemosphere.2023.140258,,,o,,39.52847075210475,,1581.13883008419,fiber,2021-12-06,2021-12-10,-4.1384,50.3751,,,,54.53976,,,,0.1269876749445107,,40.0,,,,coastal,EUR,,
1709,Kyriakoudes,2023,https://doi.org/10.1016/j.chemosphere.2023.140258,,,o,,39.52847075210475,,1581.13883008419,fiber,2021-12-10,2021-12-13,-4.1384,50.3751,,,,12.91224,,,,0.03006421986318806,,40.0,,,,coastal,EUR,,
1710,Kyriakoudes,2023,https://doi.org/10.1016/j.chemosphere.2023.140258,,,o,,39.52847075210475,,1581.13883008419,fiber,2021-12-13,2021-12-17,-4.1384,50.3751,,,,9.05784,,,,0.02108982587417669,,40.0,,,,coastal,EUR,,
1711,Kyriakoudes,2023,https://doi.org/10.1016/j.chemosphere.2023.140258,,,o,,50.0,,100.0,fragment,2021-11-05,2021-11-08,-4.1384,50.3751,,,,6.20544,,,,0.001462079232,,2.0,,,,coastal,EUR,,
1712,Kyriakoudes,2023,https://doi.org/10.1016/j.chemosphere.2023.140258,,,o,,50.0,,100.0,fragment,2021-11-08,2021-11-12,-4.1384,50.3751,,,,7.24992,,,,0.001708171776,,2.0,,,,coastal,EUR,,
1713,Kyriakoudes,2023,https://doi.org/10.1016/j.chemosphere.2023.140258,,,o,,50.0,,100.0,fragment,2021-11-12,2021-11-15,-4.1384,50.3751,,,,5.498880000000001,,,,0.001295604864,,2.0,,,,coastal,EUR,,
1714,Kyriakoudes,2023,https://doi.org/10.1016/j.chemosphere.2023.140258,,,o,,50.0,,100.0,fragment,2021-11-15,2021-11-19,-4.1384,50.3751,,,,3.3792,,,,0.0007961817600000001,,2.0,,,,coastal,EUR,,
1715,Kyriakoudes,2023,https://doi.org/10.1016/j.chemosphere.2023.140258,,,o,,50.0,,100.0,fragment,2021-11-19,2021-11-22,-4.1384,50.3751,,,,5.498880000000001,,,,0.001295604864,,2.0,,,,coastal,EUR,,
1716,Kyriakoudes,2023,https://doi.org/10.1016/j.chemosphere.2023.140258,,,o,,50.0,,100.0,fragment,2021-11-22,2021-11-26,-4.1384,50.3751,,,,10.1376,,,,0.002388545279999999,,2.0,,,,coastal,EUR,,
1717,Kyriakoudes,2023,https://doi.org/10.1016/j.chemosphere.2023.140258,,,o,,50.0,,100.0,fragment,2021-11-26,2021-11-29,-4.1384,50.3751,,,,4.82304,,,,0.001136368512,,2.0,,,,coastal,EUR,,
1718,Kyriakoudes,2023,https://doi.org/10.1016/j.chemosphere.2023.140258,,,o,,50.0,,100.0,fragment,2021-11-29,2021-12-03,-4.1384,50.3751,,,,4.82304,,,,0.001136368512,,2.0,,,,coastal,EUR,,
1719,Kyriakoudes,2023,https://doi.org/10.1016/j.chemosphere.2023.140258,,,o,,50.0,,100.0,fragment,2021-12-03,2021-12-06,-4.1384,50.3751,,,,5.498880000000001,,,,0.001295604864,,2.0,,,,coastal,EUR,,
1720,Kyriakoudes,2023,https://doi.org/10.1016/j.chemosphere.2023.140258,,,o,,50.0,,100.0,fragment,2021-12-06,2021-12-10,-4.1384,50.3751,,,,8.693760000000001,,,,0.002048358528,,2.0,,,,coastal,EUR,,
1721,Kyriakoudes,2023,https://doi.org/10.1016/j.chemosphere.2023.140258,,,o,,50.0,,100.0,fragment,2021-12-10,2021-12-13,-4.1384,50.3751,,,,2.05824,,,,0.000484947072,,2.0,,,,coastal,EUR,,
1722,Kyriakoudes,2023,https://doi.org/10.1016/j.chemosphere.2023.140258,,,o,,50.0,,100.0,fragment,2021-12-13,2021-12-17,-4.1384,50.3751,,,,1.44384,,,,0.000340186752,,2.0,,,,coastal,EUR,,
1723,Kyriakoudes,2023,https://doi.org/10.1016/j.chemosphere.2023.140258,,,o,,,,100.0,sphere,2021-11-05,2021-11-08,-4.1384,50.3751,,,,3.29664,,,,0.002071340001106052,,,,,,coastal,EUR,,
1724,Kyriakoudes,2023,https://doi.org/10.1016/j.chemosphere.2023.140258,,,o,,,,100.0,sphere,2021-11-08,2021-11-12,-4.1384,50.3751,,,,3.85152,,,,0.002419981387430832,,,,,,coastal,EUR,,
1725,Kyriakoudes,2023,https://doi.org/10.1016/j.chemosphere.2023.140258,,,o,,,,100.0,sphere,2021-11-12,2021-11-15,-4.1384,50.3751,,,,2.92128,,,,0.001835494357415758,,,,,,coastal,EUR,,
1726,Kyriakoudes,2023,https://doi.org/10.1016/j.chemosphere.2023.140258,,,o,,,,100.0,sphere,2021-11-15,2021-11-19,-4.1384,50.3751,,,,1.7952,,,,0.00112795742634488,,,,,,coastal,EUR,,
1727,Kyriakoudes,2023,https://doi.org/10.1016/j.chemosphere.2023.140258,,,o,,,,100.0,sphere,2021-11-19,2021-11-22,-4.1384,50.3751,,,,2.92128,,,,0.001835494357415758,,,,,,coastal,EUR,,
1728,Kyriakoudes,2023,https://doi.org/10.1016/j.chemosphere.2023.140258,,,o,,,,100.0,sphere,2021-11-22,2021-11-26,-4.1384,50.3751,,,,5.385599999999999,,,,0.003383872279034637,,,,,,coastal,EUR,,
1729,Kyriakoudes,2023,https://doi.org/10.1016/j.chemosphere.2023.140258,,,o,,,,100.0,sphere,2021-11-26,2021-11-29,-4.1384,50.3751,,,,2.56224,,,,0.001609902872146782,,,,,,coastal,EUR,,
1730,Kyriakoudes,2023,https://doi.org/10.1016/j.chemosphere.2023.140258,,,o,,,,100.0,sphere,2021-11-29,2021-12-03,-4.1384,50.3751,,,,2.56224,,,,0.001609902872146782,,,,,,coastal,EUR,,
1731,Kyriakoudes,2023,https://doi.org/10.1016/j.chemosphere.2023.140258,,,o,,,,100.0,sphere,2021-12-03,2021-12-06,-4.1384,50.3751,,,,2.92128,,,,0.001835494357415758,,,,,,coastal,EUR,,
1732,Kyriakoudes,2023,https://doi.org/10.1016/j.chemosphere.2023.140258,,,o,,,,100.0,sphere,2021-12-06,2021-12-10,-4.1384,50.3751,,,,4.61856,,,,0.002901926833232735,,,,,,coastal,EUR,,
1733,Kyriakoudes,2023,https://doi.org/10.1016/j.chemosphere.2023.140258,,,o,,,,100.0,sphere,2021-12-10,2021-12-13,-4.1384,50.3751,,,,1.09344,,,,0.0006870286142282448,,,,,,coastal,EUR,,
1734,Kyriakoudes,2023,https://doi.org/10.1016/j.chemosphere.2023.140258,,,o,,,,100.0,sphere,2021-12-13,2021-12-17,-4.1384,50.3751,,,,0.76704,,,,0.000481945445801903,,,,,,coastal,EUR,,
1735,Kyriakoudes,2023,https://doi.org/10.1016/j.chemosphere.2023.140258,,,,o,2.5,,100.0,fiber,2021-11-05,2021-11-08,-4.1384,50.3751,,,,,0.043792,,,,2.579485650000001e-08,40.0,,,,coastal,EUR,,
1736,Kyriakoudes,2023,https://doi.org/10.1016/j.chemosphere.2023.140258,,,,o,2.5,,100.0,fiber,2021-11-08,2021-11-12,-4.1384,50.3751,,,,,0.04314800000000001,,,,2.5415520375e-08,40.0,,,,coastal,EUR,,
1737,Kyriakoudes,2023,https://doi.org/10.1016/j.chemosphere.2023.140258,,,,o,2.5,,100.0,fiber,2021-11-12,2021-11-15,-4.1384,50.3751,,,,,0.153272,,,,9.028199775e-08,40.0,,,,coastal,EUR,,
1738,Kyriakoudes,2023,https://doi.org/10.1016/j.chemosphere.2023.140258,,,,o,2.5,,100.0,fiber,2021-11-15,2021-11-19,-4.1384,50.3751,,,,,0.023828,,,,1.4035436625e-08,40.0,,,,coastal,EUR,,
1739,Kyriakoudes,2023,https://doi.org/10.1016/j.chemosphere.2023.140258,,,,o,2.5,,100.0,fiber,2021-11-19,2021-11-22,-4.1384,50.3751,,,,,0.034132,,,,2.0104814625e-08,40.0,,,,coastal,EUR,,
1740,Kyriakoudes,2023,https://doi.org/10.1016/j.chemosphere.2023.140258,,,,o,2.5,,100.0,fiber,2021-11-22,2021-11-26,-4.1384,50.3751,,,,,0.011592,,,,6.82805025e-09,40.0,,,,coastal,EUR,,
1741,Kyriakoudes,2023,https://doi.org/10.1016/j.chemosphere.2023.140258,,,,o,2.5,,100.0,fiber,2021-11-26,2021-11-29,-4.1384,50.3751,,,,,0.076636,,,,4.5140998875e-08,40.0,,,,coastal,EUR,,
1742,Kyriakoudes,2023,https://doi.org/10.1016/j.chemosphere.2023.140258,,,,o,2.5,,100.0,fiber,2021-11-29,2021-12-03,-4.1384,50.3751,,,,,0.03542,,,,2.0863486875e-08,40.0,,,,coastal,EUR,,
1743,Kyriakoudes,2023,https://doi.org/10.1016/j.chemosphere.2023.140258,,,,o,2.5,,100.0,fiber,2021-12-03,2021-12-06,-4.1384,50.3751,,,,,0.076636,,,,4.5140998875e-08,40.0,,,,coastal,EUR,,
1744,Kyriakoudes,2023,https://doi.org/10.1016/j.chemosphere.2023.140258,,,,o,2.5,,100.0,fiber,2021-12-06,2021-12-10,-4.1384,50.3751,,,,,0.06118000000000001,,,,3.6036931875e-08,40.0,,,,coastal,EUR,,
1745,Kyriakoudes,2023,https://doi.org/10.1016/j.chemosphere.2023.140258,,,,o,2.5,,100.0,fiber,2021-12-10,2021-12-13,-4.1384,50.3751,,,,,0.06118000000000001,,,,3.6036931875e-08,40.0,,,,coastal,EUR,,
1746,Kyriakoudes,2023,https://doi.org/10.1016/j.chemosphere.2023.140258,,,,o,2.5,,100.0,fiber,2021-12-13,2021-12-17,-4.1384,50.3751,,,,,0.010304,,,,6.069378000000001e-09,40.0,,,,coastal,EUR,,
1747,Kyriakoudes,2023,https://doi.org/10.1016/j.chemosphere.2023.140258,,,,o,25.0,,50.0,fragment,2021-11-05,2021-11-08,-4.1384,50.3751,,,,,0.016456,,,,4.846549125000001e-07,2.0,,,,coastal,EUR,,
1748,Kyriakoudes,2023,https://doi.org/10.1016/j.chemosphere.2023.140258,,,,o,25.0,,50.0,fragment,2021-11-08,2021-11-12,-4.1384,50.3751,,,,,0.016214,,,,4.77527634375e-07,2.0,,,,coastal,EUR,,
1749,Kyriakoudes,2023,https://doi.org/10.1016/j.chemosphere.2023.140258,,,,o,25.0,,50.0,fragment,2021-11-12,2021-11-15,-4.1384,50.3751,,,,,0.05759599999999999,,,,1.69629219375e-06,2.0,,,,coastal,EUR,,
1750,Kyriakoudes,2023,https://doi.org/10.1016/j.chemosphere.2023.140258,,,,o,25.0,,50.0,fragment,2021-11-15,2021-11-19,-4.1384,50.3751,,,,,0.008954,,,,2.63709290625e-07,2.0,,,,coastal,EUR,,
1751,Kyriakoudes,2023,https://doi.org/10.1016/j.chemosphere.2023.140258,,,,o,25.0,,50.0,fragment,2021-11-19,2021-11-22,-4.1384,50.3751,,,,,0.012826,,,,3.777457406249999e-07,2.0,,,,coastal,EUR,,
1752,Kyriakoudes,2023,https://doi.org/10.1016/j.chemosphere.2023.140258,,,,o,25.0,,50.0,fragment,2021-11-22,2021-11-26,-4.1384,50.3751,,,,,0.004356,,,,1.2829100625e-07,2.0,,,,coastal,EUR,,
1753,Kyriakoudes,2023,https://doi.org/10.1016/j.chemosphere.2023.140258,,,,o,25.0,,50.0,fragment,2021-11-26,2021-11-29,-4.1384,50.3751,,,,,0.028798,,,,8.481460968749999e-07,2.0,,,,coastal,EUR,,
1754,Kyriakoudes,2023,https://doi.org/10.1016/j.chemosphere.2023.140258,,,,o,25.0,,50.0,fragment,2021-11-29,2021-12-03,-4.1384,50.3751,,,,,0.01331,,,,3.920002968749999e-07,2.0,,,,coastal,EUR,,
1755,Kyriakoudes,2023,https://doi.org/10.1016/j.chemosphere.2023.140258,,,,o,25.0,,50.0,fragment,2021-12-03,2021-12-06,-4.1384,50.3751,,,,,0.028798,,,,8.481460968749999e-07,2.0,,,,coastal,EUR,,
1756,Kyriakoudes,2023,https://doi.org/10.1016/j.chemosphere.2023.140258,,,,o,25.0,,50.0,fragment,2021-12-06,2021-12-10,-4.1384,50.3751,,,,,0.02299,,,,6.770914218749999e-07,2.0,,,,coastal,EUR,,
1757,Kyriakoudes,2023,https://doi.org/10.1016/j.chemosphere.2023.140258,,,,o,25.0,,50.0,fragment,2021-12-10,2021-12-13,-4.1384,50.3751,,,,,0.02299,,,,6.770914218749999e-07,2.0,,,,coastal,EUR,,
1758,Kyriakoudes,2023,https://doi.org/10.1016/j.chemosphere.2023.140258,,,,o,25.0,,50.0,fragment,2021-12-13,2021-12-17,-4.1384,50.3751,,,,,0.003872,,,,1.1403645e-07,2.0,,,,coastal,EUR,,
1759,Kyriakoudes,2023,https://doi.org/10.1016/j.chemosphere.2023.140258,,,,o,,,50.0,sphere,2021-11-05,2021-11-08,-4.1384,50.3751,,,,,0.007548000000000001,,,,5.92818533732394e-07,,,,,coastal,EUR,,
1760,Kyriakoudes,2023,https://doi.org/10.1016/j.chemosphere.2023.140258,,,,o,,,50.0,sphere,2021-11-08,2021-11-12,-4.1384,50.3751,,,,,0.007437000000000001,,,,5.841006141186824e-07,,,,,coastal,EUR,,
1761,Kyriakoudes,2023,https://doi.org/10.1016/j.chemosphere.2023.140258,,,,o,,,50.0,sphere,2021-11-12,2021-11-15,-4.1384,50.3751,,,,,0.026418,,,,2.074864868063379e-06,,,,,coastal,EUR,,
1762,Kyriakoudes,2023,https://doi.org/10.1016/j.chemosphere.2023.140258,,,,o,,,50.0,sphere,2021-11-15,2021-11-19,-4.1384,50.3751,,,,,0.004107,,,,3.22563025707332e-07,,,,,coastal,EUR,,
1763,Kyriakoudes,2023,https://doi.org/10.1016/j.chemosphere.2023.140258,,,,o,,,50.0,sphere,2021-11-19,2021-11-22,-4.1384,50.3751,,,,,0.005883,,,,4.620497395267189e-07,,,,,coastal,EUR,,
1764,Kyriakoudes,2023,https://doi.org/10.1016/j.chemosphere.2023.140258,,,,o,,,50.0,sphere,2021-11-22,2021-11-26,-4.1384,50.3751,,,,,0.001998,,,,1.569225530468101e-07,,,,,coastal,EUR,,
1765,Kyriakoudes,2023,https://doi.org/10.1016/j.chemosphere.2023.140258,,,,o,,,50.0,sphere,2021-11-26,2021-11-29,-4.1384,50.3751,,,,,0.013209,,,,1.03743243403169e-06,,,,,coastal,EUR,,
1766,Kyriakoudes,2023,https://doi.org/10.1016/j.chemosphere.2023.140258,,,,o,,,50.0,sphere,2021-11-29,2021-12-03,-4.1384,50.3751,,,,,0.006105,,,,4.794855787541421e-07,,,,,coastal,EUR,,
1767,Kyriakoudes,2023,https://doi.org/10.1016/j.chemosphere.2023.140258,,,,o,,,50.0,sphere,2021-12-03,2021-12-06,-4.1384,50.3751,,,,,0.013209,,,,1.03743243403169e-06,,,,,coastal,EUR,,
1768,Kyriakoudes,2023,https://doi.org/10.1016/j.chemosphere.2023.140258,,,,o,,,50.0,sphere,2021-12-06,2021-12-10,-4.1384,50.3751,,,,,0.010545,,,,8.282023633026093e-07,,,,,coastal,EUR,,
1769,Kyriakoudes,2023,https://doi.org/10.1016/j.chemosphere.2023.140258,,,,o,,,50.0,sphere,2021-12-10,2021-12-13,-4.1384,50.3751,,,,,0.010545,,,,8.282023633026093e-07,,,,,coastal,EUR,,
1770,Kyriakoudes,2023,https://doi.org/10.1016/j.chemosphere.2023.140258,,,,o,,,50.0,sphere,2021-12-13,2021-12-17,-4.1384,50.3751,,,,,0.001776,,,,1.394867138193868e-07,,,,,coastal,EUR,,
1771,Yuan,2023,https://doi.org/10.1016/j.scitotenv.2023.165190,,,,o,,40-50,44.7213595499958,sphere,2021-09-09,2021-09-27,113.318889,23.108889,0.0,,,,0.05,,,,2.809925892416292e-06,,,,,land,SAS,adjusted height,height is above ground level
1772,Yuan,2023,https://doi.org/10.1016/j.scitotenv.2023.165190,,,,o,,40-50,44.7213595499958,sphere,2021-09-09,2021-09-27,113.318889,23.108889,168.0,,,,0.04,,,,2.247940713933033e-06,,,,,land,SAS,,height is above ground level
1773,Yuan,2023,https://doi.org/10.1016/j.scitotenv.2023.165190,,,,o,,30-40,34.64101615137755,sphere,2021-09-09,2021-09-27,113.318889,23.108889,488.0,,,,0.000112,,,,2.925295614636947e-09,,,,,land,SAS,,height is above ground level
1774,Parashar,2023,https://doi.org/10.1016/j.jhazmat.2023.131883,,o,,,8.6975,,347.9,fiber,2022-07-01,2022-07-31,85.071333,25.593056,,,170.0,,,,0.004216484845227028,,,40.0,,,,land,WAS,,
1775,Parashar,2023,https://doi.org/10.1016/j.jhazmat.2023.131883,,o,,,8.6975,,347.9,fiber,2022-06-01,2022-06-30,85.071333,25.593056,,,201.0,,,,0.004985373258180191,,,40.0,,,,land,WAS,,
1776,Parashar,2023,https://doi.org/10.1016/j.jhazmat.2023.131883,,o,,,8.6975,,347.9,fiber,2022-09-01,2022-09-30,85.071333,25.593056,,,48.1,,,,0.001193017182678941,,,40.0,,,,land,WAS,,
1777,Parashar,2023,https://doi.org/10.1016/j.jhazmat.2023.131883,,o,,,8.6975,,347.9,fiber,2022-08-01,2022-08-31,85.071333,25.593056,,,136.3,,,,0.003380628731790846,,,40.0,,,,land,WAS,,
1778,Parashar,2023,https://doi.org/10.1016/j.jhazmat.2023.131883,,o,,,8.6975,,347.9,fiber,2022-10-01,2022-10-31,85.071333,25.593056,,,114.1,,,,0.002830005416708258,,,40.0,,,,land,WAS,,
1779,Parashar,2023,https://doi.org/10.1016/j.jhazmat.2023.131883,,o,,,8.6975,,347.9,fiber,2022-08-01,2022-08-31,84.850556,25.533611,,,120.6,,,,0.002991223954908115,,,40.0,,,,land,WAS,,
1780,Parashar,2023,https://doi.org/10.1016/j.jhazmat.2023.131883,,o,,,8.6975,,347.9,fiber,2022-06-01,2022-06-30,84.850556,25.533611,,,134.9,,,,0.0033459047389478,,,40.0,,,,land,WAS,,
1781,Parashar,2023,https://doi.org/10.1016/j.jhazmat.2023.131883,,o,,,8.6975,,347.9,fiber,2022-07-01,2022-07-31,84.850556,25.533611,,,66.6,,,,0.001651869945247765,,,40.0,,,,land,WAS,,
1782,Parashar,2023,https://doi.org/10.1016/j.jhazmat.2023.131883,,o,,,8.6975,,347.9,fiber,2022-09-01,2022-09-30,84.850556,25.533611,,,47.1,,,,0.001168214330648194,,,40.0,,,,land,WAS,,
1783,Parashar,2023,https://doi.org/10.1016/j.jhazmat.2023.131883,,o,,,8.6975,,347.9,fiber,2022-10-01,2022-10-31,84.850556,25.533611,,,70.7,,,,0.001753561638573828,,,40.0,,,,land,WAS,,
1784,Parashar,2023,https://doi.org/10.1016/j.jhazmat.2023.131883,,o,,,11.18033988749895,,22.3606797749979,fragment,2022-07-01,2022-07-31,85.071333,25.593056,,,76.0,,,,0.0002002013152124943,,,2.0,,,,land,WAS,,
1785,Parashar,2023,https://doi.org/10.1016/j.jhazmat.2023.131883,,o,,,11.18033988749895,,22.3606797749979,fragment,2022-06-01,2022-06-30,85.071333,25.593056,,,128.7,,,,0.0003390251219453687,,,2.0,,,,land,WAS,,
1786,Parashar,2023,https://doi.org/10.1016/j.jhazmat.2023.131883,,o,,,11.18033988749895,,22.3606797749979,fragment,2022-09-01,2022-09-30,85.071333,25.593056,,,84.1,,,,0.0002215385606496155,,,2.0,,,,land,WAS,,
1787,Parashar,2023,https://doi.org/10.1016/j.jhazmat.2023.131883,,o,,,11.18033988749895,,22.3606797749979,fragment,2022-08-01,2022-08-31,85.071333,25.593056,,,64.8,,,,0.0001706979634969688,,,2.0,,,,land,WAS,,
1788,Parashar,2023,https://doi.org/10.1016/j.jhazmat.2023.131883,,o,,,11.18033988749895,,22.3606797749979,fragment,2022-08-01,2022-08-31,84.850556,25.533611,,,94.3,,,,0.0002484076845333976,,,2.0,,,,land,WAS,,
1789,Parashar,2023,https://doi.org/10.1016/j.jhazmat.2023.131883,,o,,,11.18033988749895,,22.3606797749979,fragment,2022-06-01,2022-06-30,84.850556,25.533611,,,99.5,,,,0.000262105669258463,,,2.0,,,,land,WAS,,
1790,Parashar,2023,https://doi.org/10.1016/j.jhazmat.2023.131883,,o,,,11.18033988749895,,22.3606797749979,fragment,2022-07-01,2022-07-31,84.850556,25.533611,,,60.5,,,,0.0001593707838204725,,,2.0,,,,land,WAS,,
1791,Parashar,2023,https://doi.org/10.1016/j.jhazmat.2023.131883,,o,,,11.18033988749895,,22.3606797749979,fragment,2022-09-01,2022-09-30,84.850556,25.533611,,,27.0,,,,7.112415145707036e-05,,,2.0,,,,land,WAS,,
1792,Parashar,2023,https://doi.org/10.1016/j.jhazmat.2023.131883,,o,,,11.18033988749895,,22.3606797749979,fragment,2022-10-01,2022-10-31,84.850556,25.533611,,,35.0,,,,9.219797411101713e-05,,,2.0,,,,land,WAS,,
1793,Parashar,2023,https://doi.org/10.1016/j.jhazmat.2023.131883,,o,,,35.35533905932738,,70.71067811865476,fragment,2022-10-01,2022-10-31,85.071333,25.593056,,,134.0,,,,0.01116241416431513,,,2.0,,,,land,WAS,,
1794,Parashar,2023,https://doi.org/10.1016/j.jhazmat.2023.131883,,o,,,,,22.3606797749979,film,2022-07-01,2022-07-31,85.071333,25.593056,,,65.7,,,,3.461375370910757e-05,,,4.47213595499958,22.3606797749979,15.8113883008419,5.0,land,WAS,,
1795,Parashar,2023,https://doi.org/10.1016/j.jhazmat.2023.131883,,o,,,,,22.3606797749979,film,2022-06-01,2022-06-30,85.071333,25.593056,,,124.5,,,,6.559227301040931e-05,,,4.47213595499958,22.3606797749979,15.8113883008419,5.0,land,WAS,,
1796,Parashar,2023,https://doi.org/10.1016/j.jhazmat.2023.131883,,o,,,,,22.3606797749979,film,2022-09-01,2022-09-30,85.071333,25.593056,,,37.2,,,,1.95986550681705e-05,,,4.47213595499958,22.3606797749979,15.8113883008419,5.0,land,WAS,,
1797,Parashar,2023,https://doi.org/10.1016/j.jhazmat.2023.131883,,o,,,,,22.3606797749979,film,2022-08-01,2022-08-31,85.071333,25.593056,,,29.9,,,,1.575268243382521e-05,,,4.47213595499958,22.3606797749979,15.8113883008419,5.0,land,WAS,,
1798,Parashar,2023,https://doi.org/10.1016/j.jhazmat.2023.131883,,o,,,,,22.3606797749979,film,2022-08-01,2022-08-31,84.850556,25.533611,,,54.2,,,,2.855502969609788e-05,,,4.47213595499958,22.3606797749979,15.8113883008419,5.0,land,WAS,,
1799,Parashar,2023,https://doi.org/10.1016/j.jhazmat.2023.131883,,o,,,,,22.3606797749979,film,2022-06-01,2022-06-30,84.850556,25.533611,,,83.4,,,,4.393892023347902e-05,,,4.47213595499958,22.3606797749979,15.8113883008419,5.0,land,WAS,,
1800,Parashar,2023,https://doi.org/10.1016/j.jhazmat.2023.131883,,o,,,,,22.3606797749979,film,2022-07-01,2022-07-31,84.850556,25.533611,,,41.6,,,,2.191677556010464e-05,,,4.47213595499958,22.3606797749979,15.8113883008419,5.0,land,WAS,,
1801,Parashar,2023,https://doi.org/10.1016/j.jhazmat.2023.131883,,o,,,,,22.3606797749979,film,2022-09-01,2022-09-30,84.850556,25.533611,,,19.3,,,,1.016811943052932e-05,,,4.47213595499958,22.3606797749979,15.8113883008419,5.0,land,WAS,,
1802,Parashar,2023,https://doi.org/10.1016/j.jhazmat.2023.131883,,o,,,,,22.3606797749979,film,2022-10-01,2022-10-31,84.850556,25.533611,,,57.5,,,,3.029362006504848e-05,,,4.47213595499958,22.3606797749979,15.8113883008419,5.0,land,WAS,,
1803,Parashar,2023,https://doi.org/10.1016/j.jhazmat.2023.131883,,o,,,,,70.71067811865476,film,2022-10-01,2022-10-31,85.071333,25.593056,,,106.6,,,,0.0001775990074501482,,,14.14213562373095,70.71067811865476,50.0,5.0,land,WAS,,
1804,Xu,2024,https://doi.org/10.1021/acs.estlett.3c00729,,,,o,3.952847075210475,,158.113883008419,fiber,2021-06-26,2021-06-27,117.1,36.27,1545.0,,,,0.023264,,,,5.416674495650693e-08,40.0,,,,land,EAS,,
1805,Xu,2024,https://doi.org/10.1021/acs.estlett.3c00729,,,,o,3.952847075210475,,158.113883008419,fiber,2021-06-28,2021-06-29,117.1,36.27,1545.0,,,,0.034,,,,7.91639154281824e-08,40.0,,,,land,EAS,,
1806,Xu,2024,https://doi.org/10.1021/acs.estlett.3c00729,,,,o,3.952847075210475,,158.113883008419,fiber,2021-07-06,2021-07-07,117.1,36.27,1545.0,,,,0.1735066666666666,,,,4.039843260654656e-07,40.0,,,,land,EAS,,
1807,Xu,2024,https://doi.org/10.1021/acs.estlett.3c00729,,,,o,3.952847075210475,,158.113883008419,fiber,2021-07-09,2021-07-10,117.1,36.27,1545.0,,,,0.10117,,,,2.35559215407918e-07,40.0,,,,land,EAS,,
1808,Xu,2024,https://doi.org/10.1021/acs.estlett.3c00729,,,,o,3.952847075210475,,158.113883008419,fiber,2021-07-12,2021-07-13,117.1,36.27,1545.0,,,,0.4321760000000001,,,,1.006257185708534e-06,40.0,,,,land,EAS,,
1809,Xu,2024,https://doi.org/10.1021/acs.estlett.3c00729,,,,o,3.952847075210475,,158.113883008419,fiber,2021-07-12,2021-07-13,117.1,36.27,1545.0,,,,0.24103,,,,5.612023098722e-07,40.0,,,,land,EAS,,
1810,Xu,2024,https://doi.org/10.1021/acs.estlett.3c00729,,,,o,3.952847075210475,,158.113883008419,fiber,2021-07-13,2021-07-14,117.1,36.27,1545.0,,,,0.09681571428571428,,,,2.254209122892163e-07,40.0,,,,land,EAS,,
1811,Xu,2024,https://doi.org/10.1021/acs.estlett.3c00729,,,,o,3.952847075210475,,158.113883008419,fiber,2021-07-18,2021-07-19,117.1,36.27,1545.0,,,,0.03476847,,,,8.095318290139108e-08,40.0,,,,land,EAS,,
1812,Xu,2024,https://doi.org/10.1021/acs.estlett.3c00729,,,,o,3.952847075210475,,158.113883008419,fiber,2021-07-20,2021-07-21,117.1,36.27,1545.0,,,,0.1353535,,,,3.151503831443672e-07,40.0,,,,land,EAS,,
1813,Xu,2024,https://doi.org/10.1021/acs.estlett.3c00729,,,,o,3.952847075210475,,158.113883008419,fiber,2021-07-21,2021-07-22,117.1,36.27,1545.0,,,,0.00909091,,,,2.116682442368287e-08,40.0,,,,land,EAS,,
1814,Xu,2024,https://doi.org/10.1021/acs.estlett.3c00729,,,,o,3.952847075210475,,158.113883008419,fiber,2021-07-26,2021-07-27,117.1,36.27,1545.0,,,,0.0372675,,,,8.67718005358761e-08,40.0,,,,land,EAS,,
1815,Xu,2024,https://doi.org/10.1021/acs.estlett.3c00729,,,,o,3.952847075210475,,158.113883008419,fiber,2021-07-26,2021-07-27,117.1,36.27,1545.0,,,,0.08917,,,,2.076190099626772e-07,40.0,,,,land,EAS,,
1816,Xu,2024,https://doi.org/10.1021/acs.estlett.3c00729,,,,o,3.952847075210475,,158.113883008419,fiber,2021-07-27,2021-07-28,117.1,36.27,1545.0,,,,0.001426666666666667,,,,3.321779980711967e-09,40.0,,,,land,EAS,,
1817,Xu,2024,https://doi.org/10.1021/acs.estlett.3c00729,,,,o,10.0,,20.0,fragment,2021-06-26,2021-06-27,117.1,36.27,1545.0,,,,0.011632,,,,2.192515680000001e-08,2.0,,,,land,EAS,,
1818,Xu,2024,https://doi.org/10.1021/acs.estlett.3c00729,,,,o,10.0,,20.0,fragment,2021-06-29,2021-06-30,117.1,36.27,1545.0,,,,0.15225,,,,2.86976025e-07,2.0,,,,land,EAS,,
1819,Xu,2024,https://doi.org/10.1021/acs.estlett.3c00729,,,,o,10.0,,20.0,fragment,2021-07-04,2021-07-05,117.1,36.27,1545.0,,,,0.171516,,,,3.232905084000001e-07,2.0,,,,land,EAS,,
1820,Xu,2024,https://doi.org/10.1021/acs.estlett.3c00729,,,,o,10.0,,20.0,fragment,2021-07-06,2021-07-07,117.1,36.27,1545.0,,,,0.3470133333333333,,,,6.54085432e-07,2.0,,,,land,EAS,,
1821,Xu,2024,https://doi.org/10.1021/acs.estlett.3c00729,,,,o,10.0,,20.0,fragment,2021-07-09,2021-07-10,117.1,36.27,1545.0,,,,0.10117,,,,1.90695333e-07,2.0,,,,land,EAS,,
1822,Xu,2024,https://doi.org/10.1021/acs.estlett.3c00729,,,,o,10.0,,20.0,fragment,2021-07-12,2021-07-13,117.1,36.27,1545.0,,,,0.4321760000000001,,,,8.146085424000002e-07,2.0,,,,land,EAS,,
1823,Xu,2024,https://doi.org/10.1021/acs.estlett.3c00729,,,,o,10.0,,20.0,fragment,2021-07-12,2021-07-13,117.1,36.27,1545.0,,,,0.24103,,,,4.54317447e-07,2.0,,,,land,EAS,,
1824,Xu,2024,https://doi.org/10.1021/acs.estlett.3c00729,,,,o,10.0,,20.0,fragment,2021-07-13,2021-07-14,117.1,36.27,1545.0,,,,0.2987939,,,,5.6319662211e-07,2.0,,,,land,EAS,,
1825,Xu,2024,https://doi.org/10.1021/acs.estlett.3c00729,,,,o,10.0,,20.0,fragment,2021-07-13,2021-07-14,117.1,36.27,1545.0,,,,0.19013167,,,,3.58379184783e-07,2.0,,,,land,EAS,,
1826,Xu,2024,https://doi.org/10.1021/acs.estlett.3c00729,,,,o,10.0,,20.0,fragment,2021-07-13,2021-07-14,117.1,36.27,1545.0,,,,0.5808942857142857,,,,1.094927639142857e-06,2.0,,,,land,EAS,,
1827,Xu,2024,https://doi.org/10.1021/acs.estlett.3c00729,,,,o,10.0,,20.0,fragment,2021-07-14,2021-07-15,117.1,36.27,1545.0,,,,0.49086411,,,,9.252297609390001e-07,2.0,,,,land,EAS,,
1828,Xu,2024,https://doi.org/10.1021/acs.estlett.3c00729,,,,o,10.0,,20.0,fragment,2021-07-20,2021-07-21,117.1,36.27,1545.0,,,,0.1353535,,,,2.5512781215e-07,2.0,,,,land,EAS,,
1829,Xu,2024,https://doi.org/10.1021/acs.estlett.3c00729,,,,o,10.0,,20.0,fragment,2021-07-21,2021-07-22,117.1,36.27,1545.0,,,,0.036135,,,,6.811086150000001e-08,2.0,,,,land,EAS,,
1830,Xu,2024,https://doi.org/10.1021/acs.estlett.3c00729,,,,o,10.0,,20.0,fragment,2021-07-22,2021-07-23,117.1,36.27,1545.0,,,,0.1865333333333333,,,,3.5159668e-07,2.0,,,,land,EAS,,
1831,Xu,2024,https://doi.org/10.1021/acs.estlett.3c00729,,,,o,10.0,,20.0,fragment,2021-07-26,2021-07-27,117.1,36.27,1545.0,,,,0.08917,,,,1.68076533e-07,2.0,,,,land,EAS,,
1832,Xu,2024,https://doi.org/10.1021/acs.estlett.3c00729,,,,o,10.0,,20.0,fragment,2021-07-27,2021-07-28,117.1,36.27,1545.0,,,,0.0293448,,,,5.531201352e-08,2.0,,,,land,EAS,,
1833,Xu,2024,https://doi.org/10.1021/acs.estlett.3c00729,,,,o,,,100.0,film,2021-06-26,2021-06-27,117.1,36.27,1545.0,,,,0.023264,,,,5.481289200000001e-08,20.0,100.0,70.71067811865474,5.0,land,EAS,,
1834,Xu,2024,https://doi.org/10.1021/acs.estlett.3c00729,,,,o,,,100.0,film,2021-07-04,2021-07-05,117.1,36.27,1545.0,,,,0.257274,,,,6.061697032500001e-07,20.0,100.0,70.71067811865474,5.0,land,EAS,,
1835,Xu,2024,https://doi.org/10.1021/acs.estlett.3c00729,,,,o,,,100.0,film,2021-07-09,2021-07-10,117.1,36.27,1545.0,,,,0.10117,,,,2.3836916625e-07,20.0,100.0,70.71067811865474,5.0,land,EAS,,
1836,Xu,2024,https://doi.org/10.1021/acs.estlett.3c00729,,,,o,,,100.0,film,2021-07-12,2021-07-13,117.1,36.27,1545.0,,,,0.216088,,,,5.091303390000001e-07,20.0,100.0,70.71067811865474,5.0,land,EAS,,
1837,Xu,2024,https://doi.org/10.1021/acs.estlett.3c00729,,,,o,,,100.0,film,2021-07-20,2021-07-21,117.1,36.27,1545.0,,,,0.00909091,,,,2.141932032375e-08,20.0,100.0,70.71067811865474,5.0,land,EAS,,
1838,Xu,2024,https://doi.org/10.1021/acs.estlett.3c00729,,,,o,,,100.0,film,2021-07-21,2021-07-22,117.1,36.27,1545.0,,,,0.036135,,,,8.5138576875e-08,20.0,100.0,70.71067811865474,5.0,land,EAS,,
1839,Xu,2024,https://doi.org/10.1021/acs.estlett.3c00729,,,,o,,,100.0,film,2021-07-22,2021-07-23,117.1,36.27,1545.0,,,,0.09326666666666666,,,,2.19747925e-07,20.0,100.0,70.71067811865474,5.0,land,EAS,,
1840,Xu,2024,https://doi.org/10.1021/acs.estlett.3c00729,,,,o,,,100.0,film,2021-07-26,2021-07-27,117.1,36.27,1545.0,,,,0.1118025,,,,2.634206653125e-07,20.0,100.0,70.71067811865474,5.0,land,EAS,,
1841,Xu,2024,https://doi.org/10.1021/acs.estlett.3c00729,,,,o,,,100.0,film,2021-07-27,2021-07-28,117.1,36.27,1545.0,,,,0.001426666666666667,,,,3.361405e-09,20.0,100.0,70.71067811865474,5.0,land,EAS,,
1842,Xu,2024,https://doi.org/10.1021/acs.estlett.3c00729,,,,o,,,100.0,film,2021-08-01,2021-08-02,117.1,36.27,1545.0,,,,0.17833872,,,,4.201883166600001e-07,20.0,100.0,70.71067811865474,5.0,land,EAS,,
1843,Xu,2024,https://doi.org/10.1021/acs.estlett.3c00729,,,,o,,,100.0,film,2021-08-02,2021-08-03,117.1,36.27,1545.0,,,,0.00598899,,,,1.411080906375e-08,20.0,100.0,70.71067811865474,5.0,land,EAS,,
1844,Liu,2025,https://doi.org/10.1016/j.jes.2023.09.027,,,,o,22.5,,45.0,fragment,2022-02-05,2022-02-06,119.84,33.99,,,,,38.3,,,,0.0008223082410937499,2.0,,,,coastal,EAS,,
1845,Liu,2025,https://doi.org/10.1016/j.jes.2023.09.027,,,,o,22.5,,45.0,fragment,2022-01-22,2022-01-23,119.84,33.99,,,,,5.0,,,,0.0001073509453125,2.0,,,,coastal,EAS,,
1846,Chandrakanthan,2023,https://doi.org/10.1016/j.atmosenv.2023.119617,,,,o,1.118033988749895,,44.7213595499958,fiber,2020-10-28,2020-10-29,-111.9284,33.4179,,,,,0.55,,,,2.897650614917682e-08,40.0,,,,land,NAM,,
1847,Chandrakanthan,2023,https://doi.org/10.1016/j.atmosenv.2023.119617,,,,o,1.118033988749895,,44.7213595499958,fiber,2020-11-03,2020-11-04,-111.9284,33.4179,,,,,0.5,,,,2.634227831743347e-08,40.0,,,,land,NAM,,
1848,Chandrakanthan,2023,https://doi.org/10.1016/j.atmosenv.2023.119617,,,,o,1.118033988749895,,44.7213595499958,fiber,2020-11-09,2020-11-10,-111.9284,33.4179,,,,,1.1,,,,5.795301229835364e-08,40.0,,,,land,NAM,,
1849,Chandrakanthan,2023,https://doi.org/10.1016/j.atmosenv.2023.119617,,,,o,1.118033988749895,,44.7213595499958,fiber,2020-11-15,2020-11-16,-111.9284,33.4179,,,,,0.83,,,,4.372818200693956e-08,40.0,,,,land,NAM,,
1850,Chandrakanthan,2023,https://doi.org/10.1016/j.atmosenv.2023.119617,,,,o,1.118033988749895,,44.7213595499958,fiber,2020-11-21,2020-11-22,-111.9284,33.4179,,,,,0.7,,,,3.687918964440686e-08,40.0,,,,land,NAM,,
1851,Chandrakanthan,2023,https://doi.org/10.1016/j.atmosenv.2023.119617,,,,o,1.118033988749895,,44.7213595499958,fiber,2020-11-27,2020-11-28,-111.9284,33.4179,,,,,0.2,,,,1.053691132697339e-08,40.0,,,,land,NAM,,
1852,Chandrakanthan,2023,https://doi.org/10.1016/j.atmosenv.2023.119617,,,,o,1.118033988749895,,44.7213595499958,fiber,2020-12-03,2020-12-04,-111.9284,33.4179,,,,,0.05,,,,2.634227831743347e-09,40.0,,,,land,NAM,,
1853,Chandrakanthan,2023,https://doi.org/10.1016/j.atmosenv.2023.119617,,,,o,1.118033988749895,,44.7213595499958,fiber,2020-12-09,2020-12-10,-111.9284,33.4179,,,,,0.1,,,,5.268455663486694e-09,40.0,,,,land,NAM,,
1854,Chandrakanthan,2023,https://doi.org/10.1016/j.atmosenv.2023.119617,,,,o,1.118033988749895,,44.7213595499958,fiber,2020-12-15,2020-12-16,-111.9284,33.4179,,,,,0.4,,,,2.107382265394678e-08,40.0,,,,land,NAM,,
1855,Chandrakanthan,2023,https://doi.org/10.1016/j.atmosenv.2023.119617,,,,o,1.118033988749895,,44.7213595499958,fiber,2020-12-21,2020-12-22,-111.9284,33.4179,,,,,0.51,,,,2.686912388378214e-08,40.0,,,,land,NAM,,
1856,Chandrakanthan,2023,https://doi.org/10.1016/j.atmosenv.2023.119617,,,,o,1.118033988749895,,44.7213595499958,fiber,2020-12-27,2020-12-28,-111.9284,33.4179,,,,,0.07,,,,3.687918964440686e-09,40.0,,,,land,NAM,,
1857,Chandrakanthan,2023,https://doi.org/10.1016/j.atmosenv.2023.119617,,,,o,1.118033988749895,,44.7213595499958,fiber,2021-01-02,2021-01-03,-111.9284,33.4179,,,,,0.34,,,,1.791274925585476e-08,40.0,,,,land,NAM,,
1858,Chandrakanthan,2023,https://doi.org/10.1016/j.atmosenv.2023.119617,,,,o,1.118033988749895,,44.7213595499958,fiber,2021-01-08,2021-01-09,-111.9284,33.4179,,,,,0.05,,,,2.634227831743347e-09,40.0,,,,land,NAM,,
1859,Chandrakanthan,2023,https://doi.org/10.1016/j.atmosenv.2023.119617,,,,o,1.118033988749895,,44.7213595499958,fiber,2021-01-14,2021-01-15,-111.9284,33.4179,,,,,0.68,,,,3.582549851170952e-08,40.0,,,,land,NAM,,
1860,Chandrakanthan,2023,https://doi.org/10.1016/j.atmosenv.2023.119617,,,,o,1.118033988749895,,44.7213595499958,fiber,2021-01-20,2021-01-21,-111.9284,33.4179,,,,,0.5,,,,2.634227831743347e-08,40.0,,,,land,NAM,,
1861,Chandrakanthan,2023,https://doi.org/10.1016/j.atmosenv.2023.119617,,,,o,1.118033988749895,,44.7213595499958,fiber,2021-01-26,2021-01-27,-111.9284,33.4179,,,,,0.37,,,,1.949328595490077e-08,40.0,,,,land,NAM,,
1862,Chandrakanthan,2023,https://doi.org/10.1016/j.atmosenv.2023.119617,,,,o,1.118033988749895,,44.7213595499958,fiber,2021-02-01,2021-02-02,-111.9284,33.4179,,,,,0.07,,,,3.687918964440686e-09,40.0,,,,land,NAM,,
1863,Chandrakanthan,2023,https://doi.org/10.1016/j.atmosenv.2023.119617,,,,o,1.118033988749895,,44.7213595499958,fiber,2021-02-07,2021-02-08,-111.9284,33.4179,,,,,0.7,,,,3.687918964440686e-08,40.0,,,,land,NAM,,
1864,Chandrakanthan,2023,https://doi.org/10.1016/j.atmosenv.2023.119617,,,,o,1.118033988749895,,44.7213595499958,fiber,2021-02-13,2021-02-14,-111.9284,33.4179,,,,,0.47,,,,2.476174161838746e-08,40.0,,,,land,NAM,,
1865,Chandrakanthan,2023,https://doi.org/10.1016/j.atmosenv.2023.119617,,,,o,1.118033988749895,,44.7213595499958,fiber,2021-02-19,2021-02-20,-111.9284,33.4179,,,,,0.05,,,,2.634227831743347e-09,40.0,,,,land,NAM,,
1866,Chandrakanthan,2023,https://doi.org/10.1016/j.atmosenv.2023.119617,,,,o,1.118033988749895,,44.7213595499958,fiber,2021-02-25,2021-02-26,-111.9284,33.4179,,,,,0.06,,,,3.161073398092016e-09,40.0,,,,land,NAM,,
1867,Chandrakanthan,2023,https://doi.org/10.1016/j.atmosenv.2023.119617,,,,o,1.118033988749895,,44.7213595499958,fiber,2021-03-03,2021-03-04,-111.9284,33.4179,,,,,0.04,,,,2.107382265394678e-09,40.0,,,,land,NAM,,
1868,Chandrakanthan,2023,https://doi.org/10.1016/j.atmosenv.2023.119617,,,,o,1.118033988749895,,44.7213595499958,fiber,2021-03-09,2021-03-10,-111.9284,33.4179,,,,,0.08,,,,4.214764530789355e-09,40.0,,,,land,NAM,,
1869,Chandrakanthan,2023,https://doi.org/10.1016/j.atmosenv.2023.119617,,,,o,1.118033988749895,,44.7213595499958,fiber,2021-03-15,2021-03-16,-111.9284,33.4179,,,,,0.5,,,,2.634227831743347e-08,40.0,,,,land,NAM,,
1870,Chandrakanthan,2023,https://doi.org/10.1016/j.atmosenv.2023.119617,,,,o,1.118033988749895,,44.7213595499958,fiber,2021-03-21,2021-03-22,-111.9284,33.4179,,,,,0.6,,,,3.161073398092016e-08,40.0,,,,land,NAM,,
1871,Chandrakanthan,2023,https://doi.org/10.1016/j.atmosenv.2023.119617,,,,o,1.118033988749895,,44.7213595499958,fiber,2021-03-27,2021-03-28,-111.9284,33.4179,,,,,0.4,,,,2.107382265394678e-08,40.0,,,,land,NAM,,
1872,Chandrakanthan,2023,https://doi.org/10.1016/j.atmosenv.2023.119617,,,,o,1.118033988749895,,44.7213595499958,fiber,2021-04-02,2021-04-03,-111.9284,33.4179,,,,,0.05,,,,2.634227831743347e-09,40.0,,,,land,NAM,,
1873,Chandrakanthan,2023,https://doi.org/10.1016/j.atmosenv.2023.119617,,,,o,1.118033988749895,,44.7213595499958,fiber,2021-04-08,2021-04-09,-111.9284,33.4179,,,,,0.08,,,,4.214764530789355e-09,40.0,,,,land,NAM,,
1874,Chandrakanthan,2023,https://doi.org/10.1016/j.atmosenv.2023.119617,,,,o,1.118033988749895,,44.7213595499958,fiber,2021-04-14,2021-04-15,-111.9284,33.4179,,,,,0.04,,,,2.107382265394678e-09,40.0,,,,land,NAM,,
1875,Chandrakanthan,2023,https://doi.org/10.1016/j.atmosenv.2023.119617,,,,o,1.118033988749895,,44.7213595499958,fiber,2021-04-20,2021-04-21,-111.9284,33.4179,,,,,0.06,,,,3.161073398092016e-09,40.0,,,,land,NAM,,
1876,Chandrakanthan,2023,https://doi.org/10.1016/j.atmosenv.2023.119617,,,,o,1.118033988749895,,44.7213595499958,fiber,2021-04-26,2021-04-27,-111.9284,33.4179,,,,,0.1,,,,5.268455663486694e-09,40.0,,,,land,NAM,,
1877,Chandrakanthan,2023,https://doi.org/10.1016/j.atmosenv.2023.119617,,,,o,1.118033988749895,,44.7213595499958,fiber,2021-05-02,2021-05-03,-111.9284,33.4179,,,,,0.07,,,,3.687918964440686e-09,40.0,,,,land,NAM,,
1878,Chandrakanthan,2023,https://doi.org/10.1016/j.atmosenv.2023.119617,,,,o,1.118033988749895,,44.7213595499958,fiber,2021-05-08,2021-05-09,-111.9284,33.4179,,,,,0.04,,,,2.107382265394678e-09,40.0,,,,land,NAM,,
1879,Chandrakanthan,2023,https://doi.org/10.1016/j.atmosenv.2023.119617,,,,o,1.118033988749895,,44.7213595499958,fiber,2021-05-14,2021-05-15,-111.9284,33.4179,,,,,0.15,,,,7.902683495230041e-09,40.0,,,,land,NAM,,
1880,Chandrakanthan,2023,https://doi.org/10.1016/j.atmosenv.2023.119617,,,,o,1.118033988749895,,44.7213595499958,fiber,2021-05-20,2021-05-21,-111.9284,33.4179,,,,,0.05,,,,2.634227831743347e-09,40.0,,,,land,NAM,,
1881,Chandrakanthan,2023,https://doi.org/10.1016/j.atmosenv.2023.119617,,,,o,1.118033988749895,,44.7213595499958,fiber,2021-05-26,2021-05-27,-111.9284,33.4179,,,,,0.044,,,,2.318120491934145e-09,40.0,,,,land,NAM,,
1882,Chandrakanthan,2023,https://doi.org/10.1016/j.atmosenv.2023.119617,,,,o,1.118033988749895,,44.7213595499958,fiber,2021-06-01,2021-06-02,-111.9284,33.4179,,,,,0.06,,,,3.161073398092016e-09,40.0,,,,land,NAM,,
1883,Chandrakanthan,2023,https://doi.org/10.1016/j.atmosenv.2023.119617,,,,o,1.118033988749895,,44.7213595499958,fiber,2021-06-07,2021-06-08,-111.9284,33.4179,,,,,0.05,,,,2.634227831743347e-09,40.0,,,,land,NAM,,
1884,Chandrakanthan,2023,https://doi.org/10.1016/j.atmosenv.2023.119617,,,,o,1.118033988749895,,44.7213595499958,fiber,2021-06-13,2021-06-14,-111.9284,33.4179,,,,,0.09,,,,4.741610097138025e-09,40.0,,,,land,NAM,,
1885,Chandrakanthan,2023,https://doi.org/10.1016/j.atmosenv.2023.119617,,,,o,1.118033988749895,,44.7213595499958,fiber,2021-06-19,2021-06-20,-111.9284,33.4179,,,,,0.02,,,,1.053691132697339e-09,40.0,,,,land,NAM,,
1886,Chandrakanthan,2023,https://doi.org/10.1016/j.atmosenv.2023.119617,,,,o,1.118033988749895,,44.7213595499958,fiber,2021-06-25,2021-06-26,-111.9284,33.4179,,,,,0.05,,,,2.634227831743347e-09,40.0,,,,land,NAM,,
1887,Chandrakanthan,2023,https://doi.org/10.1016/j.atmosenv.2023.119617,,,,o,1.118033988749895,,44.7213595499958,fiber,2021-07-01,2021-07-02,-111.9284,33.4179,,,,,0.04,,,,2.107382265394678e-09,40.0,,,,land,NAM,,
1888,Chandrakanthan,2023,https://doi.org/10.1016/j.atmosenv.2023.119617,,,,o,1.118033988749895,,44.7213595499958,fiber,2021-07-07,2021-07-08,-111.9284,33.4179,,,,,0.2,,,,1.053691132697339e-08,40.0,,,,land,NAM,,
1889,Chandrakanthan,2023,https://doi.org/10.1016/j.atmosenv.2023.119617,,,,o,1.118033988749895,,44.7213595499958,fiber,2021-07-13,2021-07-14,-111.9284,33.4179,,,,,0.14,,,,7.375837928881372e-09,40.0,,,,land,NAM,,
1890,Chandrakanthan,2023,https://doi.org/10.1016/j.atmosenv.2023.119617,,,,o,1.118033988749895,,44.7213595499958,fiber,2021-07-19,2021-07-20,-111.9284,33.4179,,,,,0.09,,,,4.741610097138025e-09,40.0,,,,land,NAM,,
1891,Chandrakanthan,2023,https://doi.org/10.1016/j.atmosenv.2023.119617,,,,o,1.118033988749895,,44.7213595499958,fiber,2021-07-25,2021-07-26,-111.9284,33.4179,,,,,0.14,,,,7.375837928881372e-09,40.0,,,,land,NAM,,
1892,Chandrakanthan,2023,https://doi.org/10.1016/j.atmosenv.2023.119617,,,,o,1.118033988749895,,44.7213595499958,fiber,2021-07-31,2021-08-01,-111.9284,33.4179,,,,,0.04,,,,2.107382265394678e-09,40.0,,,,land,NAM,,
1893,Chandrakanthan,2023,https://doi.org/10.1016/j.atmosenv.2023.119617,,,,o,1.118033988749895,,44.7213595499958,fiber,2021-08-06,2021-08-07,-111.9284,33.4179,,,,,0.06,,,,3.161073398092016e-09,40.0,,,,land,NAM,,
1894,Chandrakanthan,2023,https://doi.org/10.1016/j.atmosenv.2023.119617,,,,o,1.118033988749895,,44.7213595499958,fiber,2021-08-12,2021-08-13,-111.9284,33.4179,,,,,0.08,,,,4.214764530789355e-09,40.0,,,,land,NAM,,
1895,Chandrakanthan,2023,https://doi.org/10.1016/j.atmosenv.2023.119617,,,,o,1.118033988749895,,44.7213595499958,fiber,2021-08-18,2021-08-19,-111.9284,33.4179,,,,,0.1,,,,5.268455663486694e-09,40.0,,,,land,NAM,,
1896,Chandrakanthan,2023,https://doi.org/10.1016/j.atmosenv.2023.119617,,,,o,1.118033988749895,,44.7213595499958,fiber,2021-08-24,2021-08-25,-111.9284,33.4179,,,,,0.05,,,,2.634227831743347e-09,40.0,,,,land,NAM,,
1897,Chandrakanthan,2023,https://doi.org/10.1016/j.atmosenv.2023.119617,,,,o,1.118033988749895,,44.7213595499958,fiber,2021-08-30,2021-08-31,-111.9284,33.4179,,,,,0.12,,,,6.322146796184032e-09,40.0,,,,land,NAM,,
1898,Chandrakanthan,2023,https://doi.org/10.1016/j.atmosenv.2023.119617,,,,o,1.118033988749895,,44.7213595499958,fiber,2021-09-05,2021-09-06,-111.9284,33.4179,,,,,0.06,,,,3.161073398092016e-09,40.0,,,,land,NAM,,
1899,Chandrakanthan,2023,https://doi.org/10.1016/j.atmosenv.2023.119617,,,,o,1.118033988749895,,44.7213595499958,fiber,2021-09-11,2021-09-12,-111.9284,33.4179,,,,,0.07,,,,3.687918964440686e-09,40.0,,,,land,NAM,,
1900,Chandrakanthan,2023,https://doi.org/10.1016/j.atmosenv.2023.119617,,,,o,1.118033988749895,,44.7213595499958,fiber,2021-09-17,2021-09-18,-111.9284,33.4179,,,,,0.08,,,,4.214764530789355e-09,40.0,,,,land,NAM,,
1901,Chandrakanthan,2023,https://doi.org/10.1016/j.atmosenv.2023.119617,,,,o,1.118033988749895,,44.7213595499958,fiber,2021-09-23,2021-09-24,-111.9284,33.4179,,,,,0.15,,,,7.902683495230041e-09,40.0,,,,land,NAM,,
1902,Chandrakanthan,2023,https://doi.org/10.1016/j.atmosenv.2023.119617,,,,o,1.118033988749895,,44.7213595499958,fiber,2021-09-29,2021-09-30,-111.9284,33.4179,,,,,0.05,,,,2.634227831743347e-09,40.0,,,,land,NAM,,
1903,Chandrakanthan,2023,https://doi.org/10.1016/j.atmosenv.2023.119617,,,,o,1.118033988749895,,44.7213595499958,fiber,2021-10-05,2021-10-06,-111.9284,33.4179,,,,,0.14,,,,7.375837928881372e-09,40.0,,,,land,NAM,,
1904,Chandrakanthan,2023,https://doi.org/10.1016/j.atmosenv.2023.119617,,,,o,1.118033988749895,,44.7213595499958,fiber,2021-10-11,2021-10-12,-111.9284,33.4179,,,,,0.12,,,,6.322146796184032e-09,40.0,,,,land,NAM,,
1905,Chandrakanthan,2023,https://doi.org/10.1016/j.atmosenv.2023.119617,,,,o,1.118033988749895,,44.7213595499958,fiber,2021-10-17,2021-10-18,-111.9284,33.4179,,,,,0.1,,,,5.268455663486694e-09,40.0,,,,land,NAM,,
1906,Chandrakanthan,2023,https://doi.org/10.1016/j.atmosenv.2023.119617,,,,o,1.118033988749895,,44.7213595499958,fiber,2021-10-23,2021-10-24,-111.9284,33.4179,,,,,0.2,,,,1.053691132697339e-08,40.0,,,,land,NAM,,
1907,Chandrakanthan,2023,https://doi.org/10.1016/j.atmosenv.2023.119617,,,,o,1.118033988749895,,44.7213595499958,fiber,2021-10-29,2021-10-30,-111.9284,33.4179,,,,,0.4,,,,2.107382265394678e-08,40.0,,,,land,NAM,,
1908,Chandrakanthan,2023,https://doi.org/10.1016/j.atmosenv.2023.119617,,,,o,1.118033988749895,,44.7213595499958,fiber,2021-11-04,2021-11-05,-111.9284,33.4179,,,,,0.45,,,,2.370805048569012e-08,40.0,,,,land,NAM,,
1909,Romarate,2023,https://doi.org/10.1007/s11356-023-26117-y,,,,o,39.52847075210475,"1000-5000, 500-1000",1581.13883008419,fiber,2021-12-16,2021-12-31,120.9833333333333,14.45,,,,,0.0179,,,,4.167747312248425e-05,40.0,,,,land,SAS,,
1910,Romarate,2023,https://doi.org/10.1007/s11356-023-26117-y,,,,o,39.52847075210475,,1581.13883008419,fiber,2021-12-16,2021-12-31,121.0333333333333,14.5,,,,,0.0119,,,,2.770737039986383e-05,40.0,,,,land,SAS,,
1911,Romarate,2023,https://doi.org/10.1007/s11356-023-26117-y,,,,o,39.52847075210475,,1581.13883008419,fiber,2021-12-16,2021-12-31,121.0666666666667,14.53333333333333,,,,,0.0107,,,,2.491334985533975e-05,40.0,,,,land,SAS,,
1912,Romarate,2023,https://doi.org/10.1007/s11356-023-26117-y,,,,o,39.52847075210475,,1581.13883008419,fiber,2021-12-16,2021-12-31,121.0,14.51666666666667,,,,,0.0227,,,,5.285355530058059e-05,40.0,,,,land,SAS,,
1913,Romarate,2023,https://doi.org/10.1007/s11356-023-26117-y,,,,o,39.52847075210475,,1581.13883008419,fiber,2021-12-16,2021-12-31,121.05,14.56666666666667,,,,,0.0072,,,,1.67641232671445e-05,40.0,,,,land,SAS,,
1914,Romarate,2023,https://doi.org/10.1007/s11356-023-26117-y,,,,o,39.52847075210475,,1581.13883008419,fiber,2021-12-16,2021-12-31,120.9333333333333,14.65,,,,,0.0143,,,,3.3295411488912e-05,40.0,,,,land,SAS,,
1915,Romarate,2023,https://doi.org/10.1007/s11356-023-26117-y,,,,o,39.52847075210475,,1581.13883008419,fiber,2021-12-16,2021-12-31,121.0166666666667,14.6,,,,,0.006,,,,1.397010272262042e-05,40.0,,,,land,SAS,,
1916,Romarate,2023,https://doi.org/10.1007/s11356-023-26117-y,,,,o,39.52847075210475,,1581.13883008419,fiber,2021-12-16,2021-12-31,121.0333333333333,14.63333333333333,,,,,0.0227,,,,5.285355530058059e-05,40.0,,,,land,SAS,,
1917,Romarate,2023,https://doi.org/10.1007/s11356-023-26117-y,,,,o,55.90169943749474,,2236.06797749979,fiber,2021-12-16,2021-12-31,121.0333333333333,14.46666666666667,,,,,0.0012,,,,7.902683495230039e-06,40.0,,,,land,SAS,,
1918,Romarate,2023,https://doi.org/10.1007/s11356-023-26117-y,,,,o,55.90169943749474,,2236.06797749979,fiber,2021-12-16,2021-12-31,121.0833333333333,14.63333333333333,,,,,0.0143,,,,9.417364498482463e-05,40.0,,,,land,SAS,,
1919,Romarate,2023,https://doi.org/10.1007/s11356-023-26117-y,,,,o,55.90169943749474,,2236.06797749979,fiber,2021-12-16,2021-12-31,120.95,14.66666666666667,,,,,0.0167,,,,0.0001099790119752847,40.0,,,,land,SAS,,
1920,Romarate,2023,https://doi.org/10.1007/s11356-023-26117-y,,,,o,55.90169943749474,,2236.06797749979,fiber,2021-12-16,2021-12-31,121.0333333333333,14.56666666666667,,,,,0.0036,,,,2.370805048569012e-05,40.0,,,,land,SAS,,
1921,Romarate,2023,https://doi.org/10.1007/s11356-023-26117-y,,,,o,55.90169943749474,,2236.06797749979,fiber,2021-12-16,2021-12-31,121.0166666666667,14.36666666666667,,,,,0.0084,,,,5.531878446661026e-05,40.0,,,,land,SAS,,
1922,Romarate,2023,https://doi.org/10.1007/s11356-023-26117-y,,,,o,55.90169943749474,,2236.06797749979,fiber,2021-12-16,2021-12-31,120.9666666666667,14.58333333333333,,,,,0.0107,,,,7.04655944991345e-05,40.0,,,,land,SAS,,
1923,Romarate,2023,https://doi.org/10.1007/s11356-023-26117-y,,,,o,12.5,,500.0,fiber,2021-12-16,2021-12-31,121.0333333333333,14.55,,,,,0.006,,,,4.417734375e-07,40.0,,,,land,SAS,,
1924,Romarate,2023,https://doi.org/10.1007/s11356-023-26117-y,,,,o,12.5,,500.0,fiber,2021-12-16,2021-12-31,120.9666666666667,14.68333333333333,,,,,0.0084,,,,6.184828125e-07,40.0,,,,land,SAS,,
1925,Romarate,2023,https://doi.org/10.1007/s11356-023-26117-y,,,,o,3.952847075210475,,158.113883008419,fiber,2021-12-16,2021-12-31,121.05,14.75,,,,,0.0024,,,,5.588041089048168e-09,40.0,,,,land,SAS,,
1926,Zhu,2021,https://doi.org/10.1021/acs.est.1c03618,,,,o,11.18033988749895,,22.3606797749979,fragment,2019-08-01,2019-09-30,116.3333333333333,40.0,,,,,393.0,,,,0.001035251537875135,2.0,,,,land,EAS,,
1927,Zhu,2021,https://doi.org/10.1021/acs.est.1c03618,,,,o,11.18033988749895,,22.3606797749979,fragment,2019-08-01,2019-09-30,117.2,39.98333333333333,,,,,324.0,,,,0.0008534898174848444,2.0,,,,land,EAS,,
1928,Zhu,2021,https://doi.org/10.1021/acs.est.1c03618,,,,o,11.18033988749895,,22.3606797749979,fragment,2019-08-01,2019-09-30,121.4333333333333,31.23333333333333,,,,,267.0,,,,0.0007033388310754736,2.0,,,,land,EAS,,
1929,Zhu,2021,https://doi.org/10.1021/acs.est.1c03618,,,,o,11.18033988749895,,22.3606797749979,fragment,2019-08-01,2019-09-30,120.15,30.26666666666667,,,,,246.0,,,,0.0006480200466088633,2.0,,,,land,EAS,,
1930,Zhu,2021,https://doi.org/10.1021/acs.est.1c03618,,,,o,11.18033988749895,,22.3606797749979,fragment,2019-08-01,2019-09-30,118.7833333333333,32.01666666666667,,,,,177.0,,,,0.0004662583262185724,2.0,,,,land,EAS,,
1931,Wang,2020,https://doi.org/10.1016/j.jhazmat.2019.121846,,,,o,23.4,288-2251,936.0,fiber,2019-03-20,2019-04-25,113.59,22.54,,,,,0.023763,,,,1.147802457717489e-05,40.0,,,,ocean,SAS,,
1932,Wang,2020,https://doi.org/10.1016/j.jhazmat.2019.121846,,,,o,23.4,,936.0,fiber,2019-03-20,2019-04-25,113.67,22.24,,,,,0.0609917,,,,2.946026308141556e-05,40.0,,,,ocean,SAS,,
1933,Wang,2020,https://doi.org/10.1016/j.jhazmat.2019.121846,,,,o,23.4,,936.0,fiber,2019-03-20,2019-04-25,114.48,22.02,,,,,0.0150499,,,,7.269415565544101e-06,40.0,,,,ocean,SAS,,
1934,Wang,2020,https://doi.org/10.1016/j.jhazmat.2019.121846,,,,o,23.4,,936.0,fiber,2019-03-20,2019-04-25,113.19,17.31,,,,,0.0,,,,0.0,40.0,,,,ocean,SAS,,
1935,Wang,2020,https://doi.org/10.1016/j.jhazmat.2019.121846,,,,o,23.4,,936.0,fiber,2019-03-20,2019-04-25,112.48,14.33,,,,,0.0182183,,,,8.799818842500753e-06,40.0,,,,ocean,SAS,,
1936,Wang,2020,https://doi.org/10.1016/j.jhazmat.2019.121846,,,,o,23.4,,936.0,fiber,2019-03-20,2019-04-25,111.94,11.22,,,,,0.0,,,,0.0,40.0,,,,ocean,SAS,,
1937,Wang,2020,https://doi.org/10.1016/j.jhazmat.2019.121846,,,,o,23.4,,936.0,fiber,2019-03-20,2019-04-25,109.83,5.54,,,,,0.0,,,,0.0,40.0,,,,ocean,SAS,,
1938,Wang,2020,https://doi.org/10.1016/j.jhazmat.2019.121846,,,,o,23.4,,936.0,fiber,2019-03-20,2019-04-25,108.35,1.85,,,,,0.0063368,,,,3.060806553913306e-06,40.0,,,,ocean,SAS,,
1939,Wang,2020,https://doi.org/10.1016/j.jhazmat.2019.121846,,,,o,23.4,,936.0,fiber,2019-03-20,2019-04-25,107.14,-2.88,,,,,0.0,,,,0.0,40.0,,,,ocean,SAS,,
1940,Wang,2020,https://doi.org/10.1016/j.jhazmat.2019.121846,,,,o,23.4,,936.0,fiber,2019-03-20,2019-04-25,104.38,-6.55,,,,,0.0,,,,0.0,40.0,,,,ocean,SAS,,
1941,Wang,2020,https://doi.org/10.1016/j.jhazmat.2019.121846,,,,o,23.4,,936.0,fiber,2019-03-20,2019-04-25,98.72,-8.37,,,,,0.0,,,,0.0,40.0,,,,ocean,SAS,,
1942,Wang,2020,https://doi.org/10.1016/j.jhazmat.2019.121846,,,,o,23.4,,936.0,fiber,2019-03-20,2019-04-25,93.0,-9.34,,,,,0.0,,,,0.0,40.0,,,,ocean,SAS,,
1943,Wang,2020,https://doi.org/10.1016/j.jhazmat.2019.121846,,,,o,23.4,,936.0,fiber,2019-03-20,2019-04-25,89.68,-8.36,,,,,0.0,,,,0.0,40.0,,,,ocean,SAS,,
1944,Wang,2020,https://doi.org/10.1016/j.jhazmat.2019.121846,,,,o,23.4,,936.0,fiber,2019-03-20,2019-04-25,88.21,-4.19,,,,,0.0063368,,,,3.060806553913306e-06,40.0,,,,ocean,SAS,,
1945,Wang,2020,https://doi.org/10.1016/j.jhazmat.2019.121846,,,,o,23.4,,936.0,fiber,2019-03-20,2019-04-25,87.46,0.19,,,,,0.0142578,,,,6.886814746304937e-06,40.0,,,,ocean,SAS,,
1946,Wang,2020,https://doi.org/10.1016/j.jhazmat.2019.121846,,,,o,23.4,,936.0,fiber,2019-03-20,2019-04-25,87.28,2.73,,,,,0.0095052,,,,4.591209830869958e-06,40.0,,,,ocean,SAS,,
1947,Wang,2020,https://doi.org/10.1016/j.jhazmat.2019.121846,,,,o,23.4,,936.0,fiber,2019-03-20,2019-04-25,86.82,6.09,,,,,0.0,,,,0.0,40.0,,,,ocean,SAS,,
1948,Wang,2020,https://doi.org/10.1016/j.jhazmat.2019.121846,,,,o,23.4,,936.0,fiber,2019-03-20,2019-04-25,86.87,8.93,,,,,0.0,,,,0.0,40.0,,,,ocean,SAS,,
1949,Wang,2020,https://doi.org/10.1016/j.jhazmat.2019.121846,,,,o,23.4,,936.0,fiber,2019-03-20,2019-04-25,86.95,11.82,,,,,0.0,,,,0.0,40.0,,,,ocean,SAS,,
1950,Wang,2020,https://doi.org/10.1016/j.jhazmat.2019.121846,,,,o,23.4,,936.0,fiber,2019-03-20,2019-04-25,87.06,13.88,,,,,0.0,,,,0.0,40.0,,,,ocean,SAS,,
1951,Wang,2020,https://doi.org/10.1016/j.jhazmat.2019.121846,,,,o,23.4,,936.0,fiber,2019-03-20,2019-04-25,79.66,4.16,,,,,0.0,,,,0.0,40.0,,,,ocean,SAS,,
1952,Wang,2020,https://doi.org/10.1016/j.jhazmat.2019.121846,,,,o,64.94998075442363,59-286,129.8999615088473,fragment,2019-03-20,2019-04-25,113.59,22.54,,,,,0.0033,,,,1.704273670067923e-06,2.0,,,,ocean,SAS,,
1953,Wang,2020,https://doi.org/10.1016/j.jhazmat.2019.121846,,,,o,64.94998075442363,,129.8999615088473,fragment,2019-03-20,2019-04-25,113.67,22.24,,,,,0.00847,,,,4.374302419841003e-06,2.0,,,,ocean,SAS,,
1954,Wang,2020,https://doi.org/10.1016/j.jhazmat.2019.121846,,,,o,64.94998075442363,,129.8999615088473,fragment,2019-03-20,2019-04-25,114.48,22.02,,,,,0.00209,,,,1.079373324376351e-06,2.0,,,,ocean,SAS,,
1955,Wang,2020,https://doi.org/10.1016/j.jhazmat.2019.121846,,,,o,64.94998075442363,,129.8999615088473,fragment,2019-03-20,2019-04-25,113.19,17.31,,,,,0.0,,,,0.0,2.0,,,,ocean,SAS,,
1956,Wang,2020,https://doi.org/10.1016/j.jhazmat.2019.121846,,,,o,64.94998075442363,,129.8999615088473,fragment,2019-03-20,2019-04-25,112.48,14.33,,,,,0.00253,,,,1.306609813718741e-06,2.0,,,,ocean,SAS,,
1957,Wang,2020,https://doi.org/10.1016/j.jhazmat.2019.121846,,,,o,64.94998075442363,,129.8999615088473,fragment,2019-03-20,2019-04-25,111.94,11.22,,,,,0.0,,,,0.0,2.0,,,,ocean,SAS,,
1958,Wang,2020,https://doi.org/10.1016/j.jhazmat.2019.121846,,,,o,64.94998075442363,,129.8999615088473,fragment,2019-03-20,2019-04-25,109.83,5.54,,,,,0.0,,,,0.0,2.0,,,,ocean,SAS,,
1959,Wang,2020,https://doi.org/10.1016/j.jhazmat.2019.121846,,,,o,64.94998075442363,,129.8999615088473,fragment,2019-03-20,2019-04-25,108.35,1.85,,,,,0.00088,,,,4.544729786847796e-07,2.0,,,,ocean,SAS,,
1960,Wang,2020,https://doi.org/10.1016/j.jhazmat.2019.121846,,,,o,64.94998075442363,,129.8999615088473,fragment,2019-03-20,2019-04-25,107.14,-2.88,,,,,0.0,,,,0.0,2.0,,,,ocean,SAS,,
1961,Wang,2020,https://doi.org/10.1016/j.jhazmat.2019.121846,,,,o,64.94998075442363,,129.8999615088473,fragment,2019-03-20,2019-04-25,104.38,-6.55,,,,,0.0,,,,0.0,2.0,,,,ocean,SAS,,
1962,Wang,2020,https://doi.org/10.1016/j.jhazmat.2019.121846,,,,o,64.94998075442363,,129.8999615088473,fragment,2019-03-20,2019-04-25,98.72,-8.37,,,,,0.0,,,,0.0,2.0,,,,ocean,SAS,,
1963,Wang,2020,https://doi.org/10.1016/j.jhazmat.2019.121846,,,,o,64.94998075442363,,129.8999615088473,fragment,2019-03-20,2019-04-25,93.0,-9.34,,,,,0.0,,,,0.0,2.0,,,,ocean,SAS,,
1964,Wang,2020,https://doi.org/10.1016/j.jhazmat.2019.121846,,,,o,64.94998075442363,,129.8999615088473,fragment,2019-03-20,2019-04-25,89.68,-8.36,,,,,0.0,,,,0.0,2.0,,,,ocean,SAS,,
1965,Wang,2020,https://doi.org/10.1016/j.jhazmat.2019.121846,,,,o,64.94998075442363,,129.8999615088473,fragment,2019-03-20,2019-04-25,88.21,-4.19,,,,,0.00088,,,,4.544729786847796e-07,2.0,,,,ocean,SAS,,
1966,Wang,2020,https://doi.org/10.1016/j.jhazmat.2019.121846,,,,o,64.94998075442363,,129.8999615088473,fragment,2019-03-20,2019-04-25,87.46,0.19,,,,,0.00198,,,,1.022564202040754e-06,2.0,,,,ocean,SAS,,
1967,Wang,2020,https://doi.org/10.1016/j.jhazmat.2019.121846,,,,o,64.94998075442363,,129.8999615088473,fragment,2019-03-20,2019-04-25,87.28,2.73,,,,,0.00132,,,,6.817094680271693e-07,2.0,,,,ocean,SAS,,
1968,Wang,2020,https://doi.org/10.1016/j.jhazmat.2019.121846,,,,o,64.94998075442363,,129.8999615088473,fragment,2019-03-20,2019-04-25,86.82,6.09,,,,,0.0,,,,0.0,2.0,,,,ocean,SAS,,
1969,Wang,2020,https://doi.org/10.1016/j.jhazmat.2019.121846,,,,o,64.94998075442363,,129.8999615088473,fragment,2019-03-20,2019-04-25,86.87,8.93,,,,,0.0,,,,0.0,2.0,,,,ocean,SAS,,
1970,Wang,2020,https://doi.org/10.1016/j.jhazmat.2019.121846,,,,o,64.94998075442363,,129.8999615088473,fragment,2019-03-20,2019-04-25,86.95,11.82,,,,,0.0,,,,0.0,2.0,,,,ocean,SAS,,
1971,Wang,2020,https://doi.org/10.1016/j.jhazmat.2019.121846,,,,o,64.94998075442363,,129.8999615088473,fragment,2019-03-20,2019-04-25,87.06,13.88,,,,,0.0,,,,0.0,2.0,,,,ocean,SAS,,
1972,Wang,2020,https://doi.org/10.1016/j.jhazmat.2019.121846,,,,o,64.94998075442363,,129.8999615088473,fragment,2019-03-20,2019-04-25,79.66,4.16,,,,,0.0,,,,0.0,2.0,,,,ocean,SAS,,
1973,Liu,2019,https://doi.org/10.1021/acs.est.9b03427,,,,o,11.875,,475.0,fiber,2018-11-24,2018-12-01,122.5,28.0,,,,,0.4362093490711092,,,,2.753684210526315e-05,40.0,,,,ocean,EAS,,
1974,Liu,2019,https://doi.org/10.1021/acs.est.9b03427,,,,o,11.875,,475.0,fiber,2018-12-01,2018-12-08,130.0,21.0,,,,,0.01088476185554934,,,,6.871287128712871e-07,40.0,,,,ocean,AUS,,
1975,Liu,2019,https://doi.org/10.1021/acs.est.9b03427,,,,o,11.875,,475.0,fiber,2018-12-08,2018-12-15,142.0,12.5,,,,,0.01900912300997953,,,,1.2e-06,40.0,,,,ocean,AUS,,
1976,Liu,2019,https://doi.org/10.1021/acs.est.9b03427,,,,o,11.875,,475.0,fiber,2018-12-29,2019-01-03,122.5,28.0,,,,,0.04177004661403397,,,,2.636842105263158e-06,40.0,,,,ocean,EAS,,
1977,Liu,2019,https://doi.org/10.1021/acs.est.9b03427,,,,o,11.875,,475.0,fiber,2018-12-22,2018-12-29,130.0,21.0,,,,,0.002603559752191916,,,,1.643564356435643e-07,40.0,,,,ocean,AUS,,
1978,Liu,2019,https://doi.org/10.1021/acs.est.9b03427,,,,o,11.875,,475.0,fiber,2018-12-15,2018-12-22,142.0,12.5,,,,,0.003485005885162914,,,,2.2e-07,40.0,,,,ocean,AUS,,
1979,Liu,2019,https://doi.org/10.1021/acs.est.9b03427,,,,o,71.0,,142.0,fragment,2018-11-24,2018-12-01,122.5,28.0,,,,,0.02108925398596079,,,,1.422736842105263e-05,2.0,,,,ocean,EAS,,
1980,Liu,2019,https://doi.org/10.1021/acs.est.9b03427,,,,o,71.0,,142.0,fragment,2018-12-01,2018-12-08,130.0,21.0,,,,,0.000526241603572227,,,,3.55016501650165e-07,2.0,,,,ocean,AUS,,
1981,Liu,2019,https://doi.org/10.1021/acs.est.9b03427,,,,o,71.0,,142.0,fragment,2018-12-08,2018-12-15,142.0,12.5,,,,,0.0009190271232414108,,,,6.2e-07,2.0,,,,ocean,AUS,,
1982,Liu,2019,https://doi.org/10.1021/acs.est.9b03427,,,,o,71.0,,142.0,fragment,2018-12-29,2019-01-03,122.5,28.0,,,,,0.002019441178701521,,,,1.362368421052632e-06,2.0,,,,ocean,EAS,,
1983,Liu,2019,https://doi.org/10.1021/acs.est.9b03427,,,,o,71.0,,142.0,fragment,2018-12-22,2018-12-29,130.0,21.0,,,,,0.0001258733518630975,,,,8.491749174917491e-08,2.0,,,,ocean,AUS,,
1984,Liu,2019,https://doi.org/10.1021/acs.est.9b03427,,,,o,71.0,,142.0,fragment,2018-12-15,2018-12-22,142.0,12.5,,,,,0.000168488305927592,,,,1.136666666666667e-07,2.0,,,,ocean,AUS,,
1985,Allen,2020,https://doi.org/10.1371/journal.pone.0232746,,,,o,,5-38,13.0,sphere,2018-10-05,2018-10-06,-1.283333333333333,44.21666666666667,,,,,1.61906502406775,,,,2.23498295985881e-06,,,,,ocean,EUR,,
1986,Allen,2020,https://doi.org/10.1371/journal.pone.0232746,,,,o,,,13.0,sphere,2018-10-06,2018-10-07,-1.283333333333333,44.21666666666667,,,,,1.467920715032959,,,,2.026340965775281e-06,,,,,ocean,EUR,,
1987,Allen,2020,https://doi.org/10.1371/journal.pone.0232746,,,,o,,,13.0,sphere,2018-10-07,2018-10-08,-1.283333333333333,44.21666666666667,,,,,4.37946613567068,,,,6.045484301742965e-06,,,,,ocean,EUR,,
1988,Allen,2020,https://doi.org/10.1371/journal.pone.0232746,,,,o,,,13.0,sphere,2018-10-08,2018-10-09,-1.283333333333333,44.21666666666667,,,,,4.378587694966121,,,,6.044271688304499e-06,,,,,ocean,EUR,,
1989,Allen,2020,https://doi.org/10.1371/journal.pone.0232746,,,,o,,,13.0,sphere,2018-10-09,2018-10-10,-1.283333333333333,44.21666666666667,,,,,11.38290671514516,,,,1.571314441596342e-05,,,,,ocean,EUR,,
1990,Allen,2020,https://doi.org/10.1371/journal.pone.0232746,,,,o,,,13.0,sphere,2018-10-10,2018-10-11,-1.283333333333333,44.21666666666667,,,,,4.062170835341554,,,,5.607484852099364e-06,,,,,ocean,EUR,,
1991,Allen,2020,https://doi.org/10.1371/journal.pone.0232746,,,,o,,,13.0,sphere,2018-10-11,2018-10-12,-1.283333333333333,44.21666666666667,,,,,8.875332931388781,,,,1.225164991514116e-05,,,,,ocean,EUR,,
1992,Allen,2020,https://doi.org/10.1371/journal.pone.0232746,,,,o,,,13.0,sphere,2018-10-12,2018-10-13,-1.283333333333333,44.21666666666667,,,,,13.95803170958192,,,,1.926788767612777e-05,,,,,ocean,EUR,,
1993,Liu,2020,https://doi.org/10.1016/j.jhazmat.2020.123223,,,,o,5.1,"16, 14-2986, 01",204.0,fiber,2019-08-24,2019-08-25,121.81,40.85,,,,,0.048,,,,2.40032515104e-07,40.0,,,,ocean,EAS,,
1994,Liu,2020,https://doi.org/10.1016/j.jhazmat.2020.123223,,,,o,5.1,,204.0,fiber,2019-08-27,2019-08-28,117.88,38.89,,,,,0.056,,,,2.80037934288e-07,40.0,,,,ocean,EAS,,
1995,Liu,2020,https://doi.org/10.1016/j.jhazmat.2020.123223,,,,o,5.1,,204.0,fiber,2019-08-31,2019-09-01,118.95,38.22,,,,,0.031,,,,1.55020999338e-07,40.0,,,,ocean,EAS,,
1996,Liu,2020,https://doi.org/10.1016/j.jhazmat.2020.123223,,,,o,5.1,,204.0,fiber,2019-09-01,2019-09-02,120.41,35.87,,,,,0.042,,,,2.10028450716e-07,40.0,,,,ocean,EAS,,
1997,Liu,2020,https://doi.org/10.1016/j.jhazmat.2020.123223,,,,o,5.1,,204.0,fiber,2019-09-04,2019-09-05,119.35,34.77,,,,,0.078,,,,3.90052837044e-07,40.0,,,,ocean,EAS,,
1998,Liu,2020,https://doi.org/10.1016/j.jhazmat.2020.123223,,,,o,5.1,,204.0,fiber,2019-07-10,2019-07-11,120.88,31.85,,,,,0.32,,,,1.60021676736e-06,40.0,,,,ocean,EAS,,
1999,Liu,2020,https://doi.org/10.1016/j.jhazmat.2020.123223,,,,o,5.1,,204.0,fiber,2018-10-12,2018-10-20,121.78,30.7,,,,,0.43,,,,2.15029128114e-06,40.0,,,,ocean,EAS,,
2000,Liu,2020,https://doi.org/10.1016/j.jhazmat.2020.123223,,,,o,5.1,,204.0,fiber,2018-10-12,2018-10-20,122.34,29.88,,,,,0.042,,,,2.10028450716e-07,40.0,,,,ocean,EAS,,
2001,Liu,2020,https://doi.org/10.1016/j.jhazmat.2020.123223,,,,o,5.1,,204.0,fiber,2018-10-12,2018-10-20,122.03,28.66,,,,,0.022,,,,1.10014902756e-07,40.0,,,,ocean,EAS,,
2002,Li,2021,https://doi.org/10.1016/j.scitotenv.2021.150767,,,,o,17.935,87-2566,717.4,fiber,2020-07-25,2020-07-30,113.5,18.0,,,,,0.004837999999999999,,,,1.05217582020688e-06,40.0,,,,ocean,SAS,,
2003,Li,2021,https://doi.org/10.1016/j.scitotenv.2021.150767,,,,o,17.935,,717.4,fiber,2020-07-31,2020-08-02,109.43,18.24,,,,,0.00861,,,,1.872516290198684e-06,40.0,,,,ocean,SAS,,
2004,Li,2021,https://doi.org/10.1016/j.scitotenv.2021.150767,,,,o,17.935,,717.4,fiber,2020-08-03,2020-08-14,113.0,17.0,,,,,0.00451,,,,9.80841866294549e-07,40.0,,,,ocean,SAS,,
2005,Li,2021,https://doi.org/10.1016/j.scitotenv.2021.150767,,,,o,358.7,,717.4,fragment,2020-07-25,2020-07-30,113.5,18.0,,,,,0.001062,,,,9.23861695791407e-05,2.0,,,,ocean,SAS,,
2006,Li,2021,https://doi.org/10.1016/j.scitotenv.2021.150767,,,,o,358.7,,717.4,fragment,2020-07-31,2020-08-02,109.43,18.24,,,,,0.00189,,,,0.0001644160645052504,2.0,,,,ocean,SAS,,
2007,Li,2021,https://doi.org/10.1016/j.scitotenv.2021.150767,,,,o,358.7,,717.4,fragment,2020-08-03,2020-08-14,113.0,17.0,,,,,0.00099,,,,8.612270045513115e-05,2.0,,,,ocean,SAS,,
2008,Ferrero,2022,https://doi.org/10.1016/j.scitotenv.2022.153709,,,,o,12.0,,158.0,fiber,2019-10-16,2019-10-18,18.5,54.5,,,,,135.0,,,,0.002894754024000001,13.16666666666667,,,,ocean,EUR,,
2009,Ferrero,2022,https://doi.org/10.1016/j.scitotenv.2022.153709,,,,o,12.0,,158.0,fiber,2019-10-20,2019-10-21,19.25,54.5,,,,,37.0,,,,0.0007933770288000001,13.16666666666667,,,,ocean,EUR,,
2010,Ferrero,2022,https://doi.org/10.1016/j.scitotenv.2022.153709,,,,o,12.0,,158.0,fiber,2019-10-21,2019-10-22,18.5,55.25,,,,,301.0,,,,0.006454229342400001,13.16666666666667,,,,ocean,EUR,,
2011,Ferrero,2022,https://doi.org/10.1016/j.scitotenv.2022.153709,,,,o,12.0,,158.0,fiber,2019-10-21,2019-10-23,18.5,56.25,,,,,21.0,,,,0.0004502950704000001,13.16666666666667,,,,ocean,EUR,,
2012,Ferrero,2022,https://doi.org/10.1016/j.scitotenv.2022.153709,,,,o,12.0,,158.0,fiber,2019-10-23,2019-10-24,19.0,56.9,,,,,39.0,,,,0.0008362622736000001,13.16666666666667,,,,ocean,EUR,,
2013,Ferrero,2022,https://doi.org/10.1016/j.scitotenv.2022.153709,,,,o,12.0,,158.0,fiber,2019-10-24,2019-10-25,19.0,57.5,,,,,17.0,,,,0.0003645245808000001,13.16666666666667,,,,ocean,EUR,,
2014,Ferrero,2022,https://doi.org/10.1016/j.scitotenv.2022.153709,,,,o,12.0,,158.0,fiber,2019-10-25,2019-10-26,19.0,57.5,,,,,60.0,,,,0.001286557344,13.16666666666667,,,,ocean,EUR,,
2015,Ferrero,2022,https://doi.org/10.1016/j.scitotenv.2022.153709,,,,o,12.0,,158.0,fiber,2019-10-26,2019-10-27,19.0,57.5,,,,,27.0,,,,0.0005789508048000001,13.16666666666667,,,,ocean,EUR,,
2016,Ferrero,2022,https://doi.org/10.1016/j.scitotenv.2022.153709,,,,o,12.0,,158.0,fiber,2019-10-27,2019-10-28,19.0,57.5,,,,,23.0,,,,0.0004931803152000001,13.16666666666667,,,,ocean,EUR,,
2017,Ferrero,2022,https://doi.org/10.1016/j.scitotenv.2022.153709,,,,o,12.0,,158.0,fiber,2019-10-28,2019-10-29,18.2,56.5,,,,,85.0,,,,0.001822622904,13.16666666666667,,,,ocean,EUR,,
2018,Ferrero,2022,https://doi.org/10.1016/j.scitotenv.2022.153709,,,,o,12.0,,158.0,fiber,2019-10-29,2019-10-30,17.2,55.2,,,,,0.0,,,,0.0,13.16666666666667,,,,ocean,EUR,,
2019,Ding,2021,https://doi.org/10.1016/j.atmosenv.2021.118389,,,,o,10.125,50-2210,405.0,fiber,2019-09-26,2019-09-27,114.4815,22.018,,,,,0.0297752,,,,1.165086293473659e-06,40.0,,,,ocean,SAS,,
2020,Ding,2021,https://doi.org/10.1016/j.atmosenv.2021.118389,,,,o,10.125,,405.0,fiber,2019-09-27,2019-09-28,115.168,20.6115,,,,,0.02585895,,,,1.011845704096721e-06,40.0,,,,ocean,SAS,,
2021,Ding,2021,https://doi.org/10.1016/j.atmosenv.2021.118389,,,,o,10.125,,405.0,fiber,2019-09-28,2019-09-29,114.864,20.36,,,,,0.0286585,,,,1.121390470643853e-06,40.0,,,,ocean,SAS,,
2022,Ding,2021,https://doi.org/10.1016/j.atmosenv.2021.118389,,,,o,10.125,,405.0,fiber,2019-09-29,2019-09-30,114.0965,20.87,,,,,0.02060695,,,,8.063379925339553e-07,40.0,,,,ocean,SAS,,
2023,Ding,2021,https://doi.org/10.1016/j.atmosenv.2021.118389,,,,o,10.125,,405.0,fiber,2019-09-30,2019-10-01,114.178,20.364,,,,,0.0204711,,,,8.01022260885859e-07,40.0,,,,ocean,SAS,,
2024,Ding,2021,https://doi.org/10.1016/j.atmosenv.2021.118389,,,,o,10.125,,405.0,fiber,2019-10-01,2019-10-02,113.52,19.379,,,,,0.008567,,,,3.352217374254023e-07,40.0,,,,ocean,SAS,,
2025,Ding,2021,https://doi.org/10.1016/j.atmosenv.2021.118389,,,,o,10.125,,405.0,fiber,2019-10-02,2019-10-03,111.7165,19.121,,,,,0.0154336,,,,6.039078098200876e-07,40.0,,,,ocean,SAS,,
2026,Ding,2021,https://doi.org/10.1016/j.atmosenv.2021.118389,,,,o,10.125,,405.0,fiber,2019-10-03,2019-10-04,111.21,18.7935,,,,,0.0083681,,,,3.274388958736441e-07,40.0,,,,ocean,SAS,,
2027,Ding,2021,https://doi.org/10.1016/j.atmosenv.2021.118389,,,,o,10.125,,405.0,fiber,2019-10-04,2019-10-05,110.947,18.0465,,,,,0.0191802,,,,7.505100931675852e-07,40.0,,,,ocean,SAS,,
2028,Ding,2021,https://doi.org/10.1016/j.atmosenv.2021.118389,,,,o,10.125,,405.0,fiber,2019-10-05,2019-10-06,111.014,17.975,,,,,0.02095535,,,,8.19970682310891e-07,40.0,,,,ocean,SAS,,
2029,Ding,2021,https://doi.org/10.1016/j.atmosenv.2021.118389,,,,o,10.125,,405.0,fiber,2019-10-06,2019-10-07,112.3105,19.524,,,,,0.0355342,,,,1.390432620756593e-06,40.0,,,,ocean,SAS,,
2030,Ding,2021,https://doi.org/10.1016/j.atmosenv.2021.118389,,,,o,10.125,,405.0,fiber,2019-10-08,2019-10-09,113.65,22.836,,,,,0.04073225,,,,1.593829300133751e-06,40.0,,,,ocean,SAS,,
2031,Ding,2021,https://doi.org/10.1016/j.atmosenv.2021.118389,,,,o,12.24744871391589,<200,24.49489742783178,fragment,2019-09-26,2019-09-27,114.4815,22.018,,,,,0.0091616,,,,3.172462734696114e-08,2.0,,,,ocean,SAS,,
2032,Ding,2021,https://doi.org/10.1016/j.atmosenv.2021.118389,,,,o,12.24744871391589,,24.49489742783178,fragment,2019-09-27,2019-09-28,115.168,20.6115,,,,,0.0079566,,,,2.755197454034568e-08,2.0,,,,ocean,SAS,,
2033,Ding,2021,https://doi.org/10.1016/j.atmosenv.2021.118389,,,,o,12.24744871391589,,24.49489742783178,fragment,2019-09-28,2019-09-29,114.864,20.36,,,,,0.008818,,,,3.053481531015361e-08,2.0,,,,ocean,SAS,,
2034,Ding,2021,https://doi.org/10.1016/j.atmosenv.2021.118389,,,,o,12.24744871391589,,24.49489742783178,fragment,2019-09-29,2019-09-30,114.0965,20.87,,,,,0.006340600000000001,,,,2.19561181623452e-08,2.0,,,,ocean,SAS,,
2035,Ding,2021,https://doi.org/10.1016/j.atmosenv.2021.118389,,,,o,12.24744871391589,,24.49489742783178,fragment,2019-09-30,2019-10-01,114.178,20.364,,,,,0.0062988,,,,2.181137385751821e-08,2.0,,,,ocean,SAS,,
2036,Ding,2021,https://doi.org/10.1016/j.atmosenv.2021.118389,,,,o,12.24744871391589,,24.49489742783178,fragment,2019-10-01,2019-10-02,113.52,19.379,,,,,0.002636,,,,9.12789443837207e-09,2.0,,,,ocean,SAS,,
2037,Ding,2021,https://doi.org/10.1016/j.atmosenv.2021.118389,,,,o,12.24744871391589,,24.49489742783178,fragment,2019-10-02,2019-10-03,111.7165,19.121,,,,,0.004748800000000001,,,,1.644406111871824e-08,2.0,,,,ocean,SAS,,
2038,Ding,2021,https://doi.org/10.1016/j.atmosenv.2021.118389,,,,o,12.24744871391589,,24.49489742783178,fragment,2019-10-03,2019-10-04,111.21,18.7935,,,,,0.0025748,,,,8.915972154749776e-09,2.0,,,,ocean,SAS,,
2039,Ding,2021,https://doi.org/10.1016/j.atmosenv.2021.118389,,,,o,12.24744871391589,,24.49489742783178,fragment,2019-10-04,2019-10-05,110.947,18.0465,,,,,0.0059016,,,,2.043595668342056e-08,2.0,,,,ocean,SAS,,
2040,Ding,2021,https://doi.org/10.1016/j.atmosenv.2021.118389,,,,o,12.24744871391589,,24.49489742783178,fragment,2019-10-05,2019-10-06,111.014,17.975,,,,,0.0064478,,,,2.232732843692543e-08,2.0,,,,ocean,SAS,,
2041,Ding,2021,https://doi.org/10.1016/j.atmosenv.2021.118389,,,,o,12.24744871391589,,24.49489742783178,fragment,2019-10-06,2019-10-07,112.3105,19.524,,,,,0.0109336,,,,3.786067778125375e-08,2.0,,,,ocean,SAS,,
2042,Ding,2021,https://doi.org/10.1016/j.atmosenv.2021.118389,,,,o,12.24744871391589,,24.49489742783178,fragment,2019-10-08,2019-10-09,113.65,22.836,,,,,0.012533,,,,4.339905197121288e-08,2.0,,,,ocean,SAS,,
2043,Ding,2021,https://doi.org/10.1016/j.atmosenv.2021.118389,,,,o,,<200,24.49489742783178,sphere,2019-09-26,2019-09-27,114.4815,22.018,,,,,0.00366464,,,,3.384060054915149e-08,,,,,ocean,SAS,,
2044,Ding,2021,https://doi.org/10.1016/j.atmosenv.2021.118389,,,,o,,,24.49489742783178,sphere,2019-09-27,2019-09-28,115.168,20.6115,,,,,0.00318264,,,,2.938963961855776e-08,,,,,ocean,SAS,,
2045,Ding,2021,https://doi.org/10.1016/j.atmosenv.2021.118389,,,,o,,,24.49489742783178,sphere,2019-09-28,2019-09-29,114.864,20.36,,,,,0.0035272,,,,3.257143027881787e-08,,,,,ocean,SAS,,
2046,Ding,2021,https://doi.org/10.1016/j.atmosenv.2021.118389,,,,o,,,24.49489742783178,sphere,2019-09-29,2019-09-30,114.0965,20.87,,,,,0.00253624,,,,2.342055010499803e-08,,,,,ocean,SAS,,
2047,Ding,2021,https://doi.org/10.1016/j.atmosenv.2021.118389,,,,o,,,24.49489742783178,sphere,2019-09-30,2019-10-01,114.178,20.364,,,,,0.00251952,,,,2.326615162624382e-08,,,,,ocean,SAS,,
2048,Ding,2021,https://doi.org/10.1016/j.atmosenv.2021.118389,,,,o,,,24.49489742783178,sphere,2019-10-01,2019-10-02,113.52,19.379,,,,,0.0010544,,,,9.736707894643219e-09,,,,,ocean,SAS,,
2049,Ding,2021,https://doi.org/10.1016/j.atmosenv.2021.118389,,,,o,,,24.49489742783178,sphere,2019-10-02,2019-10-03,111.7165,19.121,,,,,0.00189952,,,,1.754084918440126e-08,,,,,ocean,SAS,,
2050,Ding,2021,https://doi.org/10.1016/j.atmosenv.2021.118389,,,,o,,,24.49489742783178,sphere,2019-10-03,2019-10-04,111.21,18.7935,,,,,0.00102992,,,,9.51065079177821e-09,,,,,ocean,SAS,,
2051,Ding,2021,https://doi.org/10.1016/j.atmosenv.2021.118389,,,,o,,,24.49489742783178,sphere,2019-10-04,2019-10-05,110.947,18.0465,,,,,0.00236064,,,,2.179899670372778e-08,,,,,ocean,SAS,,
2052,Ding,2021,https://doi.org/10.1016/j.atmosenv.2021.118389,,,,o,,,24.49489742783178,sphere,2019-10-05,2019-10-06,111.014,17.975,,,,,0.00257912,,,,2.381651940936288e-08,,,,,ocean,SAS,,
2053,Ding,2021,https://doi.org/10.1016/j.atmosenv.2021.118389,,,,o,,,24.49489742783178,sphere,2019-10-06,2019-10-07,112.3105,19.524,,,,,0.00437344,,,,4.038591405040634e-08,,,,,ocean,SAS,,
2054,Ding,2021,https://doi.org/10.1016/j.atmosenv.2021.118389,,,,o,,,24.49489742783178,sphere,2019-10-08,2019-10-09,113.65,22.836,,,,,0.0050132,,,,4.629368742168569e-08,,,,,ocean,SAS,,
2055,Wang,2021,https://doi.org/10.1016/j.jhazmat.2021.125477,,,,o,12.753,,510.12,fiber,2020-05-31,2020-07-10,110.5,18.0,,,,,0.001601705605771536,,,,1.252385655615272e-07,40.0,,,,ocean,SAS,,
2056,Wang,2021,https://doi.org/10.1016/j.jhazmat.2021.125477,,,,o,12.753,,510.12,fiber,2020-05-31,2020-07-10,111.0,18.5,,,,,0.0008498650689416333,,,,6.645158871366301e-08,40.0,,,,ocean,SAS,,
2057,Wang,2021,https://doi.org/10.1016/j.jhazmat.2021.125477,,,,o,12.753,,510.12,fiber,2020-05-31,2020-07-10,111.0,19.0,,,,,0.0,,,,0.0,40.0,,,,ocean,SAS,,
2058,Wang,2021,https://doi.org/10.1016/j.jhazmat.2021.125477,,,,o,12.753,,510.12,fiber,2020-05-31,2020-07-10,111.5,19.5,,,,,0.002023813846775991,,,,1.58243526288772e-07,40.0,,,,ocean,SAS,,
2059,Wang,2021,https://doi.org/10.1016/j.jhazmat.2021.125477,,,,o,12.753,,510.12,fiber,2020-05-31,2020-07-10,111.5,20.0,,,,,0.0,,,,0.0,40.0,,,,ocean,SAS,,
2060,Wang,2021,https://doi.org/10.1016/j.jhazmat.2021.125477,,,,o,12.753,,510.12,fiber,2020-05-31,2020-07-10,111.0,21.0,,,,,0.0,,,,0.0,40.0,,,,ocean,SAS,,
2061,Wang,2021,https://doi.org/10.1016/j.jhazmat.2021.125477,,,,o,12.753,,510.12,fiber,2020-05-31,2020-07-10,111.5,21.0,,,,,0.0,,,,0.0,40.0,,,,ocean,SAS,,
2062,Wang,2021,https://doi.org/10.1016/j.jhazmat.2021.125477,,,,o,12.753,,510.12,fiber,2020-05-31,2020-07-10,112.5,21.0,,,,,0.0,,,,0.0,40.0,,,,ocean,SAS,,
2063,Wang,2021,https://doi.org/10.1016/j.jhazmat.2021.125477,,,,o,12.753,,510.12,fiber,2020-05-31,2020-07-10,113.0,21.5,,,,,0.0,,,,0.0,40.0,,,,ocean,SAS,,
2064,Wang,2021,https://doi.org/10.1016/j.jhazmat.2021.125477,,,,o,12.753,,510.12,fiber,2020-05-31,2020-07-10,113.5,20.5,,,,,0.000899728267235119,,,,7.035042967799744e-08,40.0,,,,ocean,SAS,,
2065,Wang,2021,https://doi.org/10.1016/j.jhazmat.2021.125477,,,,o,12.753,,510.12,fiber,2020-05-31,2020-07-10,113.7,21.5,,,,,0.002984364663285412,,,,2.333497168241085e-07,40.0,,,,ocean,SAS,,
2066,Wang,2021,https://doi.org/10.1016/j.jhazmat.2021.125477,,,,o,12.753,,510.12,fiber,2020-05-31,2020-07-10,114.5,21.0,,,,,0.0009912482406467873,,,,7.750644520857012e-08,40.0,,,,ocean,SAS,,
2067,Wang,2021,https://doi.org/10.1016/j.jhazmat.2021.125477,,,,o,12.753,,510.12,fiber,2020-05-31,2020-07-10,114.7,21.5,,,,,0.002651337378283174,,,,2.073100630224102e-07,40.0,,,,ocean,SAS,,
2068,Wang,2021,https://doi.org/10.1016/j.jhazmat.2021.125477,,,,o,12.753,,510.12,fiber,2020-05-31,2020-07-10,115.0,21.0,,,,,0.001450676711242981,,,,1.134295027468982e-07,40.0,,,,ocean,SAS,,
2069,Wang,2021,https://doi.org/10.1016/j.jhazmat.2021.125477,,,,o,12.753,,510.12,fiber,2020-05-31,2020-07-10,115.5,22.0,,,,,0.004913786768260845,,,,3.842126818528344e-07,40.0,,,,ocean,SAS,,
2070,Wang,2021,https://doi.org/10.1016/j.jhazmat.2021.125477,,,,o,12.753,,510.12,fiber,2020-05-31,2020-07-10,116.0,22.0,,,,,0.005068383455446647,,,,3.963007130577871e-07,40.0,,,,ocean,SAS,,
2071,Wang,2021,https://doi.org/10.1016/j.jhazmat.2021.125477,,,,o,12.753,,510.12,fiber,2020-05-31,2020-07-10,116.5,22.5,,,,,0.0,,,,0.0,40.0,,,,ocean,SAS,,
2072,Wang,2021,https://doi.org/10.1016/j.jhazmat.2021.125477,,,,o,12.753,,510.12,fiber,2020-05-31,2020-07-10,117.0,22.7,,,,,0.0,,,,0.0,40.0,,,,ocean,SAS,,
2073,Wang,2021,https://doi.org/10.1016/j.jhazmat.2021.125477,,,,o,12.753,,510.12,fiber,2020-05-31,2020-07-10,110.5,19.5,,,,,0.0,,,,0.0,40.0,,,,ocean,SAS,,
2074,Wang,2021,https://doi.org/10.1016/j.jhazmat.2021.125477,,,,o,12.753,,510.12,fiber,2020-05-31,2020-07-10,110.5,19.5,,,,,5.98840019822831e-05,,,,4.682375138927085e-09,40.0,,,,ocean,SAS,,
2075,Wang,2021,https://doi.org/10.1016/j.jhazmat.2021.125477,,,,o,12.753,,510.12,fiber,2020-05-31,2020-07-10,111.5,21.5,,,,,0.0009341842977138063,,,,7.304457260697621e-08,40.0,,,,ocean,SAS,,
2076,Wang,2021,https://doi.org/10.1016/j.jhazmat.2021.125477,,,,o,12.753,,510.12,fiber,2020-05-31,2020-07-10,113.0,22.0,,,,,0.0,,,,0.0,40.0,,,,ocean,SAS,,
2077,Wang,2021,https://doi.org/10.1016/j.jhazmat.2021.125477,,,,o,12.753,,510.12,fiber,2020-05-31,2020-07-10,115.0,22.5,,,,,0.001595000116795444,,,,1.247142583369484e-07,40.0,,,,ocean,SAS,,
2078,Wang,2021,https://doi.org/10.1016/j.jhazmat.2021.125477,,,,o,38.685,,77.37,fragment,2020-05-31,2020-07-10,110.5,18.0,,,,,0.0007391861883464173,,,,8.066218117641323e-08,2.0,,,,ocean,SAS,,
2079,Wang,2021,https://doi.org/10.1016/j.jhazmat.2021.125477,,,,o,38.685,,77.37,fragment,2020-05-31,2020-07-10,111.0,18.5,,,,,0.0003922122259272016,,,,4.279935708500794e-08,2.0,,,,ocean,SAS,,
2080,Wang,2021,https://doi.org/10.1016/j.jhazmat.2021.125477,,,,o,38.685,,77.37,fragment,2020-05-31,2020-07-10,111.0,19.0,,,,,0.0,,,,0.0,2.0,,,,ocean,SAS,,
2081,Wang,2021,https://doi.org/10.1016/j.jhazmat.2021.125477,,,,o,38.685,,77.37,fragment,2020-05-31,2020-07-10,111.5,19.5,,,,,0.0009339888915481683,,,,1.019196277941127e-07,2.0,,,,ocean,SAS,,
2082,Wang,2021,https://doi.org/10.1016/j.jhazmat.2021.125477,,,,o,38.685,,77.37,fragment,2020-05-31,2020-07-10,111.5,20.0,,,,,0.0,,,,0.0,2.0,,,,ocean,SAS,,
2083,Wang,2021,https://doi.org/10.1016/j.jhazmat.2021.125477,,,,o,38.685,,77.37,fragment,2020-05-31,2020-07-10,111.0,21.0,,,,,0.0,,,,0.0,2.0,,,,ocean,SAS,,
2084,Wang,2021,https://doi.org/10.1016/j.jhazmat.2021.125477,,,,o,38.685,,77.37,fragment,2020-05-31,2020-07-10,111.5,21.0,,,,,0.0,,,,0.0,2.0,,,,ocean,SAS,,
2085,Wang,2021,https://doi.org/10.1016/j.jhazmat.2021.125477,,,,o,38.685,,77.37,fragment,2020-05-31,2020-07-10,112.5,21.0,,,,,0.0,,,,0.0,2.0,,,,ocean,SAS,,
2086,Wang,2021,https://doi.org/10.1016/j.jhazmat.2021.125477,,,,o,38.685,,77.37,fragment,2020-05-31,2020-07-10,113.0,21.5,,,,,0.0,,,,0.0,2.0,,,,ocean,SAS,,
2087,Wang,2021,https://doi.org/10.1016/j.jhazmat.2021.125477,,,,o,38.685,,77.37,fragment,2020-05-31,2020-07-10,113.5,20.5,,,,,0.0004152240624048349,,,,4.531047668170008e-08,2.0,,,,ocean,SAS,,
2088,Wang,2021,https://doi.org/10.1016/j.jhazmat.2021.125477,,,,o,38.685,,77.37,fragment,2020-05-31,2020-07-10,113.7,21.5,,,,,0.001377282524416876,,,,1.502931389507479e-07,2.0,,,,ocean,SAS,,
2089,Wang,2021,https://doi.org/10.1016/j.jhazmat.2021.125477,,,,o,38.685,,77.37,fragment,2020-05-31,2020-07-10,114.5,21.0,,,,,0.0004574604759255016,,,,4.991943893418376e-08,2.0,,,,ocean,SAS,,
2090,Wang,2021,https://doi.org/10.1016/j.jhazmat.2021.125477,,,,o,38.685,,77.37,fragment,2020-05-31,2020-07-10,114.7,21.5,,,,,0.001223590629646,,,,1.335218252319575e-07,2.0,,,,ocean,SAS,,
2091,Wang,2021,https://doi.org/10.1016/j.jhazmat.2021.125477,,,,o,38.685,,77.37,fragment,2020-05-31,2020-07-10,115.0,21.0,,,,,0.0006694864429784413,,,,7.305633899827616e-08,2.0,,,,ocean,SAS,,
2092,Wang,2021,https://doi.org/10.1016/j.jhazmat.2021.125477,,,,o,38.685,,77.37,fragment,2020-05-31,2020-07-10,115.5,22.0,,,,,0.002267709683033901,,,,2.47459181721971e-07,2.0,,,,ocean,SAS,,
2093,Wang,2021,https://doi.org/10.1016/j.jhazmat.2021.125477,,,,o,38.685,,77.37,fragment,2020-05-31,2020-07-10,116.0,22.0,,,,,0.002339055962599933,,,,2.552446985773282e-07,2.0,,,,ocean,SAS,,
2094,Wang,2021,https://doi.org/10.1016/j.jhazmat.2021.125477,,,,o,38.685,,77.37,fragment,2020-05-31,2020-07-10,116.5,22.5,,,,,0.0,,,,0.0,2.0,,,,ocean,SAS,,
2095,Wang,2021,https://doi.org/10.1016/j.jhazmat.2021.125477,,,,o,38.685,,77.37,fragment,2020-05-31,2020-07-10,117.0,22.7,,,,,0.0,,,,0.0,2.0,,,,ocean,SAS,,
2096,Wang,2021,https://doi.org/10.1016/j.jhazmat.2021.125477,,,,o,38.685,,77.37,fragment,2020-05-31,2020-07-10,110.5,19.5,,,,,0.0,,,,0.0,2.0,,,,ocean,SAS,,
2097,Wang,2021,https://doi.org/10.1016/j.jhazmat.2021.125477,,,,o,38.685,,77.37,fragment,2020-05-31,2020-07-10,110.5,19.5,,,,,2.763643144452293e-05,,,,3.015769065212725e-09,2.0,,,,ocean,SAS,,
2098,Wang,2021,https://doi.org/10.1016/j.jhazmat.2021.125477,,,,o,38.685,,77.37,fragment,2020-05-31,2020-07-10,111.5,21.5,,,,,0.0004311255000618633,,,,4.704568854777401e-08,2.0,,,,ocean,SAS,,
2099,Wang,2021,https://doi.org/10.1016/j.jhazmat.2021.125477,,,,o,38.685,,77.37,fragment,2020-05-31,2020-07-10,113.0,22.0,,,,,0.0,,,,0.0,2.0,,,,ocean,SAS,,
2100,Wang,2021,https://doi.org/10.1016/j.jhazmat.2021.125477,,,,o,38.685,,77.37,fragment,2020-05-31,2020-07-10,115.0,22.5,,,,,0.0007360916091557247,,,,8.032449155060623e-08,2.0,,,,ocean,SAS,,
2101,Wang,2021,https://doi.org/10.1016/j.jhazmat.2021.125477,,,,o,,,77.37,film,2020-05-31,2020-07-10,110.5,18.0,,,,,0.0003697286251941743,,,,6.739908492884623e-10,15.474,77.37,54.70885166040318,5.0,ocean,SAS,,
2102,Wang,2021,https://doi.org/10.1016/j.jhazmat.2021.125477,,,,o,,,77.37,film,2020-05-31,2020-07-10,111.0,18.5,,,,,0.0001961780257296307,,,,3.576195759898414e-10,15.474,77.37,54.70885166040318,5.0,ocean,SAS,,
2103,Wang,2021,https://doi.org/10.1016/j.jhazmat.2021.125477,,,,o,,,77.37,film,2020-05-31,2020-07-10,111.0,19.0,,,,,0.0,,,,0.0,15.474,77.37,54.70885166040318,5.0,ocean,SAS,,
2104,Wang,2021,https://doi.org/10.1016/j.jhazmat.2021.125477,,,,o,,,77.37,film,2020-05-31,2020-07-10,111.5,19.5,,,,,0.0004671656941957101,,,,8.516121867059645e-10,15.474,77.37,54.70885166040318,5.0,ocean,SAS,,
2105,Wang,2021,https://doi.org/10.1016/j.jhazmat.2021.125477,,,,o,,,77.37,film,2020-05-31,2020-07-10,111.5,20.0,,,,,0.0,,,,0.0,15.474,77.37,54.70885166040318,5.0,ocean,SAS,,
2106,Wang,2021,https://doi.org/10.1016/j.jhazmat.2021.125477,,,,o,,,77.37,film,2020-05-31,2020-07-10,111.0,21.0,,,,,0.0,,,,0.0,15.474,77.37,54.70885166040318,5.0,ocean,SAS,,
2107,Wang,2021,https://doi.org/10.1016/j.jhazmat.2021.125477,,,,o,,,77.37,film,2020-05-31,2020-07-10,111.5,21.0,,,,,0.0,,,,0.0,15.474,77.37,54.70885166040318,5.0,ocean,SAS,,
2108,Wang,2021,https://doi.org/10.1016/j.jhazmat.2021.125477,,,,o,,,77.37,film,2020-05-31,2020-07-10,112.5,21.0,,,,,0.0,,,,0.0,15.474,77.37,54.70885166040318,5.0,ocean,SAS,,
2109,Wang,2021,https://doi.org/10.1016/j.jhazmat.2021.125477,,,,o,,,77.37,film,2020-05-31,2020-07-10,113.0,21.5,,,,,0.0,,,,0.0,15.474,77.37,54.70885166040318,5.0,ocean,SAS,,
2110,Wang,2021,https://doi.org/10.1016/j.jhazmat.2021.125477,,,,o,,,77.37,film,2020-05-31,2020-07-10,113.5,20.5,,,,,0.0002076881632270608,,,,3.786017959714446e-10,15.474,77.37,54.70885166040318,5.0,ocean,SAS,,
2111,Wang,2021,https://doi.org/10.1016/j.jhazmat.2021.125477,,,,o,,,77.37,film,2020-05-31,2020-07-10,113.7,21.5,,,,,0.0006888937892572858,,,,1.255807850547735e-09,15.474,77.37,54.70885166040318,5.0,ocean,SAS,,
2112,Wang,2021,https://doi.org/10.1016/j.jhazmat.2021.125477,,,,o,,,77.37,film,2020-05-31,2020-07-10,114.5,21.0,,,,,0.0002288141141042846,,,,4.171130082593451e-10,15.474,77.37,54.70885166040318,5.0,ocean,SAS,,
2113,Wang,2021,https://doi.org/10.1016/j.jhazmat.2021.125477,,,,o,,,77.37,film,2020-05-31,2020-07-10,114.7,21.5,,,,,0.0006120196622065067,,,,1.115671397353036e-09,15.474,77.37,54.70885166040318,5.0,ocean,SAS,,
2114,Wang,2021,https://doi.org/10.1016/j.jhazmat.2021.125477,,,,o,,,77.37,film,2020-05-31,2020-07-10,115.0,21.0,,,,,0.000334865972945579,,,,6.104385382248035e-10,15.474,77.37,54.70885166040318,5.0,ocean,SAS,,
2115,Wang,2021,https://doi.org/10.1016/j.jhazmat.2021.125477,,,,o,,,77.37,film,2020-05-31,2020-07-10,115.5,22.0,,,,,0.001134270629871009,,,,2.067700397144598e-09,15.474,77.37,54.70885166040318,5.0,ocean,SAS,,
2116,Wang,2021,https://doi.org/10.1016/j.jhazmat.2021.125477,,,,o,,,77.37,film,2020-05-31,2020-07-10,116.0,22.0,,,,,0.001169956851113425,,,,2.132754020056375e-09,15.474,77.37,54.70885166040318,5.0,ocean,SAS,,
2117,Wang,2021,https://doi.org/10.1016/j.jhazmat.2021.125477,,,,o,,,77.37,film,2020-05-31,2020-07-10,116.5,22.5,,,,,0.0,,,,0.0,15.474,77.37,54.70885166040318,5.0,ocean,SAS,,
2118,Wang,2021,https://doi.org/10.1016/j.jhazmat.2021.125477,,,,o,,,77.37,film,2020-05-31,2020-07-10,117.0,22.7,,,,,0.0,,,,0.0,15.474,77.37,54.70885166040318,5.0,ocean,SAS,,
2119,Wang,2021,https://doi.org/10.1016/j.jhazmat.2021.125477,,,,o,,,77.37,film,2020-05-31,2020-07-10,110.5,19.5,,,,,0.0,,,,0.0,15.474,77.37,54.70885166040318,5.0,ocean,SAS,,
2120,Wang,2021,https://doi.org/10.1016/j.jhazmat.2021.125477,,,,o,,,77.37,film,2020-05-31,2020-07-10,110.5,19.5,,,,,1.382328290807821e-05,,,,2.519893119521739e-11,15.474,77.37,54.70885166040318,5.0,ocean,SAS,,
2121,Wang,2021,https://doi.org/10.1016/j.jhazmat.2021.125477,,,,o,,,77.37,film,2020-05-31,2020-07-10,111.5,21.5,,,,,0.0002156417976107009,,,,3.931007458170083e-10,15.474,77.37,54.70885166040318,5.0,ocean,SAS,,
2122,Wang,2021,https://doi.org/10.1016/j.jhazmat.2021.125477,,,,o,,,77.37,film,2020-05-31,2020-07-10,113.0,22.0,,,,,0.0,,,,0.0,15.474,77.37,54.70885166040318,5.0,ocean,SAS,,
2123,Wang,2021,https://doi.org/10.1016/j.jhazmat.2021.125477,,,,o,,,77.37,film,2020-05-31,2020-07-10,115.0,22.5,,,,,0.00036818076820257,,,,6.711692082867666e-10,15.474,77.37,54.70885166040318,5.0,ocean,SAS,,
2124,Trainic,2020,https://doi.org/10.1038/s43247-020-00061-y,,,,o,53.0,,66.0,fragment,2016-05-29,2016-05-30,-8.0,46.0500015,,,,,0.07,,,,1.2230720271e-05,1.245283018867924,,,,ocean,EUR,,
2125,Trainic,2020,https://doi.org/10.1038/s43247-020-00061-y,,,,o,18.0,,25.0,fragment,2016-05-31,2016-06-01,-12.45,43.8500005,,,,,0.08,,,,6.107076000000001e-07,1.388888888888889,,,,ocean,EUR,,
2126,Trainic,2020,https://doi.org/10.1038/s43247-020-00061-y,,,,o,17.0,,22.0,fragment,2016-06-02,2016-06-03,-19.75,39.3500005,,,,,0.07,,,,4.19446797e-07,1.294117647058824,,,,ocean,ATL,,
2127,Trainic,2020,https://doi.org/10.1038/s43247-020-00061-y,,,,o,45.0,,124.0,fragment,2016-06-07,2016-06-08,-30.3500005,36.3999995,,,,,0.06,,,,1.41989517e-05,2.755555555555556,,,,ocean,ATL,,
2128,Trainic,2020,https://doi.org/10.1038/s43247-020-00061-y,,,,o,13.0,,17.0,fragment,2016-06-10,2016-06-11,-38.450001,32.2,,,,,0.07,,,,1.895361195e-07,1.307692307692308,,,,ocean,ATL,,
2129,Trainic,2020,https://doi.org/10.1038/s43247-020-00061-y,,,,o,70.0,,100.0,fragment,2016-06-15,2016-06-16,-50.3999995,26.5,,,,,0.03,,,,1.3854015e-05,1.428571428571429,,,,ocean,ATL,,
2130,Trainic,2020,https://doi.org/10.1038/s43247-020-00061-y,,,,o,97.0,,102.0,fragment,2016-06-22,2016-06-23,-67.650002,25.8499995,,,,,0.07,,,,6.331403603700001e-05,1.051546391752577,,,,ocean,ATL,,
2131,Trainic,2020,https://doi.org/10.1038/s43247-020-00061-y,,,,o,17.0,,172.0,fragment,2016-06-23,2016-06-24,-70.900002,25.95,,,,,0.02,,,,9.369460920000001e-07,10.11764705882353,,,,ocean,ATL,,
2132,Gossmann,2023,https://doi.org/10.1038/s41467-023-39340-5,,,,o,,>10um,20.0,sphere,2021-06-06,2021-06-07,4.75955,59.052333,,,,,7.460387957432594,,,,3.75e-05,,,,,ocean,EUR,,
2133,Gossmann,2023,https://doi.org/10.1038/s41467-023-39340-5,,,,o,,,20.0,sphere,2021-06-08,2021-06-09,1.1554385,60.7997855,,,,,0.3978873577297384,,,,2e-06,,,,,ocean,EUR,,
2134,Gossmann,2023,https://doi.org/10.1038/s41467-023-39340-5,,,,o,,,20.0,sphere,2021-06-20,2021-06-21,18.3024,73.0507685,,,,,0.497359197162173,,,,2.5e-06,,,,,ocean,EUR,,
2135,Gossmann,2023,https://doi.org/10.1038/s41467-023-39340-5,,,,o,,,20.0,sphere,2021-06-25,2021-06-26,14.6211995,69.6003875,,,,,0.6963028760270422,,,,3.5e-06,,,,,ocean,EUR,,
2136,Gossmann,2023,https://doi.org/10.1038/s41467-023-39340-5,,,,o,,,20.0,sphere,2021-06-29,2021-07-02,8.4480915,65.738202,,,,,0.1989436788648692,,,,1e-06,,,,,ocean,EUR,,
2137,Gossmann,2023,https://doi.org/10.1038/s41467-023-39340-5,,,,o,,,20.0,sphere,2021-07-04,2021-07-05,4.703998,58.558684,,,,,0.2984155182973038,,,,1.5e-06,,,,,ocean,EUR,,
2138,Gossmann,2023,https://doi.org/10.1038/s41467-023-39340-5,,,,o,,,20.0,sphere,2021-06-13,2021-06-17,7.25285,67.660976,,,,,3.083627022405473,,,,1.55e-05,,,,,ocean,EUR,,
2139,Gossmann,2023,https://doi.org/10.1038/s41467-023-39340-5,,,,o,,<10 um,7.071067811865476,sphere,2021-06-06,2021-06-07,4.75955,59.052333,,,,,1.620569369082791,,,,3.6e-07,,,,,ocean,EUR,,
2140,Gossmann,2023,https://doi.org/10.1038/s41467-023-39340-5,,,,o,,,7.071067811865476,sphere,2021-06-08,2021-06-09,1.1554385,60.7997855,,,,,2.115743342969199,,,,4.699999999999999e-07,,,,,ocean,EUR,,
2141,Gossmann,2023,https://doi.org/10.1038/s41467-023-39340-5,,,,o,,,7.071067811865476,sphere,2021-06-20,2021-06-21,18.3024,73.0507685,,,,,1.800632632314212,,,,4e-07,,,,,ocean,EUR,,
2142,Gossmann,2023,https://doi.org/10.1038/s41467-023-39340-5,,,,o,,,7.071067811865476,sphere,2021-06-25,2021-06-26,14.6211995,69.6003875,,,,,2.025711711353488,,,,4.5e-07,,,,,ocean,EUR,,
2143,Gossmann,2023,https://doi.org/10.1038/s41467-023-39340-5,,,,o,,,7.071067811865476,sphere,2021-06-29,2021-07-02,8.4480915,65.738202,,,,,0.5401897896942636,,,,1.2e-07,,,,,ocean,EUR,,
2144,Gossmann,2023,https://doi.org/10.1038/s41467-023-39340-5,,,,o,,,7.071067811865476,sphere,2021-07-04,2021-07-05,4.703998,58.558684,,,,,2.160759158777054,,,,4.8e-07,,,,,ocean,EUR,,
2145,Gossmann,2023,https://doi.org/10.1038/s41467-023-39340-5,,,,o,,,7.071067811865476,sphere,2021-06-13,2021-06-17,7.25285,67.660976,,,,,0.450158158078553,,,,1e-07,,,,,ocean,EUR,,
2146,Chen,2023,https://doi.org/10.1038/s41467-023-43695-0,,,,o,49.8,,1004.8,fiber,2020-04-20,2020-04-22,123.06,30.2,,,,,0.01732996870855101,,,,4.07e-05,20.17670682730924,,,,ocean,EAS,,
2147,Chen,2023,https://doi.org/10.1038/s41467-023-43695-0,,,,o,49.8,,1004.8,fiber,2020-04-18,2020-04-20,128.18,24.97,,,,,0.01175201809228521,,,,2.76e-05,20.17670682730924,,,,ocean,AUS,,
2148,Chen,2023,https://doi.org/10.1038/s41467-023-43695-0,,,,o,49.8,,1004.8,fiber,2020-04-16,2020-04-18,134.05,18.67,,,,,0.003959919139791755,,,,9.299999999999999e-06,20.17670682730924,,,,ocean,AUS,,
2149,Chen,2023,https://doi.org/10.1038/s41467-023-43695-0,,,,o,49.8,,1004.8,fiber,2020-04-14,2020-04-16,139.81,12.79,,,,,0.00123481349520388,,,,2.9e-06,20.17670682730924,,,,ocean,AUS,,
2150,Chen,2023,https://doi.org/10.1038/s41467-023-43695-0,,,,o,49.8,,1004.8,fiber,2020-04-12,2020-04-14,146.94,5.12,,,,,0.002639946093194503,,,,6.2e-06,20.17670682730924,,,,ocean,AUS,,
2151,Chen,2023,https://doi.org/10.1038/s41467-023-43695-0,,,,o,49.8,,1004.8,fiber,2020-04-10,2020-04-12,152.56,-4.71,,,,,0.01187975741937526,,,,2.79e-05,20.17670682730924,,,,ocean,AUS,,
2152,Chen,2023,https://doi.org/10.1038/s41467-023-43695-0,,,,o,49.8,,1004.8,fiber,2020-04-08,2020-04-10,155.27,-13.66,,,,,0.01609515521334713,,,,3.78e-05,20.17670682730924,,,,ocean,AUS,,
2153,Chen,2023,https://doi.org/10.1038/s41467-023-43695-0,,,,o,49.8,,1004.8,fiber,2020-04-06,2020-04-08,155.57,-24.05,,,,,0.07630295804846048,,,,0.0001792,20.17670682730924,,,,ocean,AUS,,
2154,Chen,2023,https://doi.org/10.1038/s41467-023-43695-0,,,,o,49.8,,1004.8,fiber,2020-04-04,2020-04-06,153.05,-34.27,,,,,0.08132737158066937,,,,0.000191,20.17670682730924,,,,ocean,AUS,,
2155,Chen,2023,https://doi.org/10.1038/s41467-023-43695-0,,,,o,49.8,,1004.8,fiber,2020-04-02,2020-04-04,150.09,-44.41,,,,,0.005109573083602264,,,,1.2e-05,20.17670682730924,,,,ocean,AUS,,
2156,Chen,2023,https://doi.org/10.1038/s41467-023-43695-0,,,,o,49.8,,1004.8,fiber,2019-11-07,2019-11-10,147.42,-45.85,,,,,0.01077268325126144,,,,2.53e-05,20.17670682730924,,,,ocean,AUS,,
2157,Chen,2023,https://doi.org/10.1038/s41467-023-43695-0,,,,o,49.8,,1004.8,fiber,2019-11-10,2019-11-12,144.16,-54.24,,,,,0.02742137554866548,,,,6.44e-05,20.17670682730924,,,,ocean,ANT,,
2158,Chen,2023,https://doi.org/10.1038/s41467-023-43695-0,,,,o,49.8,,1004.8,fiber,2019-11-12,2019-11-14,129.58,-60.34,,,,,0.01907573951211512,,,,4.48e-05,20.17670682730924,,,,ocean,ANT,,
2159,Chen,2023,https://doi.org/10.1038/s41467-023-43695-0,,,,o,49.8,,1004.8,fiber,2019-11-14,2019-11-16,109.6,-60.89,,,,,0.01988475525035214,,,,4.67e-05,20.17670682730924,,,,ocean,ANT,,
2160,Chen,2023,https://doi.org/10.1038/s41467-023-43695-0,,,,o,49.8,,1004.8,fiber,2019-11-16,2019-11-18,89.95,-61.65,,,,,0.005407631513479063,,,,1.27e-05,20.17670682730924,,,,ocean,ANT,,
2161,Chen,2023,https://doi.org/10.1038/s41467-023-43695-0,,,,o,49.8,,1004.8,fiber,2020-03-14,2020-03-16,103.43,-64.04,,,,,0.007834678728190138,,,,1.84e-05,20.17670682730924,,,,ocean,ANT,,
2162,Chen,2023,https://doi.org/10.1038/s41467-023-43695-0,,,,o,49.8,,1004.8,fiber,2020-03-16,2020-03-18,128.36,-64.39,,,,,0.0241427328200207,,,,5.67e-05,20.17670682730924,,,,ocean,ANT,,
2163,Chen,2023,https://doi.org/10.1038/s41467-023-43695-0,,,,o,49.8,,1004.8,fiber,2020-03-18,2020-03-20,146.33,-64.74,,,,,0.003321222504341472,,,,7.8e-06,20.17670682730924,,,,ocean,ANT,,
2164,Chen,2023,https://doi.org/10.1038/s41467-023-43695-0,,,,o,49.8,,1004.8,fiber,2020-03-20,2020-03-22,151.61,-65.17,,,,,0.003661860709914956,,,,8.6e-06,20.17670682730924,,,,ocean,ANT,,
2165,Chen,2023,https://doi.org/10.1038/s41467-023-43695-0,,,,o,49.8,,1004.8,fiber,2020-03-22,2020-03-24,152.93,-65.27,,,,,0.006088907924626031,,,,1.43e-05,20.17670682730924,,,,ocean,ANT,,
2166,Chen,2023,https://doi.org/10.1038/s41467-023-43695-0,,,,o,49.8,,1004.8,fiber,2020-03-12,2020-03-14,82.0,-65.42,,,,,0.0197144361475654,,,,4.63e-05,20.17670682730924,,,,ocean,ANT,,
2167,Chen,2023,https://doi.org/10.1038/s41467-023-43695-0,,,,o,49.8,,1004.8,fiber,2019-11-18,2019-11-20,77.77,-65.62,,,,,0.07285399621702895,,,,0.0001711,20.17670682730924,,,,ocean,ANT,,
2168,Chen,2023,https://doi.org/10.1038/s41467-023-43695-0,,,,o,49.8,,1004.8,fiber,2019-11-20,2019-11-22,76.42,-68.97,,,,,0.0938884054111916,,,,0.0002205,20.17670682730924,,,,ocean,ANT,,
2169,Chen,2023,https://doi.org/10.1038/s41467-023-43695-0,,,,o,49.8,,1004.8,fiber,2019-11-22,2019-11-25,76.23,-69.3,,,,,0.05944136687257301,,,,0.0001396,20.17670682730924,,,,ocean,ANT,,
2170,Chen,2023,https://doi.org/10.1038/s41467-023-43695-0,,,,o,49.8,,1004.8,fiber,2020-01-21,2020-01-25,76.97,-73.86,,,,,8.515955139337108e-05,,,,2e-07,20.17670682730924,,,,ocean,ANT,,
2171,Chen,2023,https://doi.org/10.1038/s41467-023-43695-0,,,,o,49.8,,1004.8,fiber,2020-01-26,2020-01-30,76.97,-73.86,,,,,0.00123481349520388,,,,2.9e-06,20.17670682730924,,,,ocean,ANT,,
2172,Chen,2023,https://doi.org/10.1038/s41467-023-43695-0,,,,o,99.3,,166.2,fragment,2020-04-20,2020-04-22,123.06,30.2,,,,,0.0005179670719493735,,,,8e-07,1.673716012084592,,,,ocean,EAS,,
2173,Chen,2023,https://doi.org/10.1038/s41467-023-43695-0,,,,o,99.3,,166.2,fragment,2020-04-18,2020-04-20,128.18,24.97,,,,,0.006345096631379825,,,,9.8e-06,1.673716012084592,,,,ocean,AUS,,
2174,Chen,2023,https://doi.org/10.1038/s41467-023-43695-0,,,,o,99.3,,166.2,fragment,2020-04-16,2020-04-18,134.05,18.67,,,,,0.004661703647544361,,,,7.2e-06,1.673716012084592,,,,ocean,AUS,,
2175,Chen,2023,https://doi.org/10.1038/s41467-023-43695-0,,,,o,99.3,,166.2,fragment,2020-04-14,2020-04-16,139.81,12.79,,,,,0.002136614171791166,,,,3.3e-06,1.673716012084592,,,,ocean,AUS,,
2176,Chen,2023,https://doi.org/10.1038/s41467-023-43695-0,,,,o,99.3,,166.2,fragment,2020-04-12,2020-04-14,146.94,5.12,,,,,0.007251539007291228,,,,1.12e-05,1.673716012084592,,,,ocean,AUS,,
2177,Chen,2023,https://doi.org/10.1038/s41467-023-43695-0,,,,o,99.3,,166.2,fragment,2020-04-10,2020-04-12,152.56,-4.71,,,,,0.05147297777496899,,,,7.950000000000001e-05,1.673716012084592,,,,ocean,AUS,,
2178,Chen,2023,https://doi.org/10.1038/s41467-023-43695-0,,,,o,99.3,,166.2,fragment,2020-04-08,2020-04-10,155.27,-13.66,,,,,0.005114924835500063,,,,7.9e-06,1.673716012084592,,,,ocean,AUS,,
2179,Chen,2023,https://doi.org/10.1038/s41467-023-43695-0,,,,o,99.3,,166.2,fragment,2020-04-06,2020-04-08,155.57,-24.05,,,,,0.005956621327417795,,,,9.2e-06,1.673716012084592,,,,ocean,AUS,,
2180,Chen,2023,https://doi.org/10.1038/s41467-023-43695-0,,,,o,99.3,,166.2,fragment,2020-04-04,2020-04-06,153.05,-34.27,,,,,0.003884753039620301,,,,6e-06,1.673716012084592,,,,ocean,AUS,,
2181,Chen,2023,https://doi.org/10.1038/s41467-023-43695-0,,,,o,99.3,,166.2,fragment,2020-04-02,2020-04-04,150.09,-44.41,,,,,0.0009711882599050753,,,,1.5e-06,1.673716012084592,,,,ocean,AUS,,
2182,Chen,2023,https://doi.org/10.1038/s41467-023-43695-0,,,,o,99.3,,166.2,fragment,2019-11-07,2019-11-10,147.42,-45.85,,,,,0.01948851108209518,,,,3.01e-05,1.673716012084592,,,,ocean,AUS,,
2183,Chen,2023,https://doi.org/10.1038/s41467-023-43695-0,,,,o,99.3,,166.2,fragment,2019-11-10,2019-11-12,144.16,-54.24,,,,,0.006345096631379825,,,,9.8e-06,1.673716012084592,,,,ocean,ANT,,
2184,Chen,2023,https://doi.org/10.1038/s41467-023-43695-0,,,,o,99.3,,166.2,fragment,2019-11-12,2019-11-14,129.58,-60.34,,,,,0.004208482459588659,,,,6.5e-06,1.673716012084592,,,,ocean,ANT,,
2185,Chen,2023,https://doi.org/10.1038/s41467-023-43695-0,,,,o,99.3,,166.2,fragment,2019-11-14,2019-11-16,109.6,-60.89,,,,,0.01061832497496216,,,,1.64e-05,1.673716012084592,,,,ocean,ANT,,
2186,Chen,2023,https://doi.org/10.1038/s41467-023-43695-0,,,,o,99.3,,166.2,fragment,2019-11-16,2019-11-18,89.95,-61.65,,,,,0.00692780958732287,,,,1.07e-05,1.673716012084592,,,,ocean,ANT,,
2187,Chen,2023,https://doi.org/10.1038/s41467-023-43695-0,,,,o,99.3,,166.2,fragment,2020-03-14,2020-03-16,103.43,-64.04,,,,,0.0003237294199683584,,,,5e-07,1.673716012084592,,,,ocean,ANT,,
2188,Chen,2023,https://doi.org/10.1038/s41467-023-43695-0,,,,o,99.3,,166.2,fragment,2020-03-16,2020-03-18,128.36,-64.39,,,,,0.00116542591188609,,,,1.8e-06,1.673716012084592,,,,ocean,ANT,,
2189,Chen,2023,https://doi.org/10.1038/s41467-023-43695-0,,,,o,99.3,,166.2,fragment,2020-03-18,2020-03-20,146.33,-64.74,,,,,0.0002589835359746867,,,,4e-07,1.673716012084592,,,,ocean,ANT,,
2190,Chen,2023,https://doi.org/10.1038/s41467-023-43695-0,,,,o,99.3,,166.2,fragment,2020-03-20,2020-03-22,151.61,-65.17,,,,,0.01003561201901911,,,,1.55e-05,1.673716012084592,,,,ocean,ANT,,
2191,Chen,2023,https://doi.org/10.1038/s41467-023-43695-0,,,,o,99.3,,166.2,fragment,2020-03-22,2020-03-24,152.93,-65.27,,,,,0.01236646384279129,,,,1.91e-05,1.673716012084592,,,,ocean,ANT,,
2192,Chen,2023,https://doi.org/10.1038/s41467-023-43695-0,,,,o,99.3,,166.2,fragment,2020-03-12,2020-03-14,82.0,-65.42,,,,,0.001877630635816479,,,,2.9e-06,1.673716012084592,,,,ocean,ANT,,
2193,Chen,2023,https://doi.org/10.1038/s41467-023-43695-0,,,,o,99.3,,166.2,fragment,2019-11-18,2019-11-20,77.77,-65.62,,,,,0.002784073011727883,,,,4.3e-06,1.673716012084592,,,,ocean,ANT,,
2194,Chen,2023,https://doi.org/10.1038/s41467-023-43695-0,,,,o,99.3,,166.2,fragment,2019-11-20,2019-11-22,76.42,-68.97,,,,,0.002136614171791166,,,,3.3e-06,1.673716012084592,,,,ocean,ANT,,
2195,Chen,2023,https://doi.org/10.1038/s41467-023-43695-0,,,,o,99.3,,166.2,fragment,2019-11-22,2019-11-25,76.23,-69.3,,,,,0.002136614171791166,,,,3.3e-06,1.673716012084592,,,,ocean,ANT,,
2196,Chen,2023,https://doi.org/10.1038/s41467-023-43695-0,,,,o,99.3,,166.2,fragment,2020-01-21,2020-01-25,76.97,-73.86,,,,,0.0003237294199683584,,,,5e-07,1.673716012084592,,,,ocean,ANT,,
2197,Chen,2023,https://doi.org/10.1038/s41467-023-43695-0,,,,o,99.3,,166.2,fragment,2020-01-26,2020-01-30,76.97,-73.86,,,,,0.002071868287797494,,,,3.2e-06,1.673716012084592,,,,ocean,ANT,,
2198,Gossmann,2023,https://doi.org/10.1021/acs.est.3c05002,,,,o,,,10.0,sphere,2021-09-27,2021-09-28,11.9,58.33333333333334,,,,,552.0289201142391,,,,0.00034685,,,,,coastal,EUR,,
2199,Gossmann,2023,https://doi.org/10.1021/acs.est.3c05002,,,,o,,,10.0,sphere,2021-09-28,2021-09-29,11.9,58.33333333333334,,,,,105.2809948552888,,,,6.615e-05,,,,,coastal,EUR,,
2200,Gossmann,2023,https://doi.org/10.1021/acs.est.3c05002,,,,o,,,10.0,sphere,2021-09-29,2021-09-30,11.8,58.08333333333334,,,,,80.3095842841704,,,,5.046e-05,,,,,coastal,EUR,,
2201,Gossmann,2023,https://doi.org/10.1021/acs.est.3c05002,,,,o,,,10.0,sphere,2021-09-30,2021-10-01,11.8,58.08333333333334,,,,,220.4614271708934,,,,0.00013852,,,,,coastal,EUR,,
2202,Gossmann,2023,https://doi.org/10.1021/acs.est.3c05002,,,,o,,,10.0,sphere,2021-10-01,2021-10-02,11.56666666666667,58.31666666666667,,,,,3.278591827693044,,,,2.06e-06,,,,,coastal,EUR,,
2203,Gossmann,2023,https://doi.org/10.1021/acs.est.3c05002,,,,o,,,10.0,sphere,2021-10-02,2021-10-03,11.55833333333333,58.33333333333334,,,,,0.3819718634205488,,,,2.4e-07,,,,,coastal,EUR,,
2204,Jenner,2022,https://doi.org/10.3390/atmos13020265,,,o,,,"11-20, 21-30 (<40)",18.16590212458495,film,2019-10-01,2019-10-31,-0.348044,53.739996,,,,779.88,,,,0.0003337975005542723,,3.63318042491699,18.16590212458495,12.84523257866513,5.0,land,EUR,,
2205,Jenner,2022,https://doi.org/10.3390/atmos13020265,,,o,,,,18.16590212458495,film,2019-11-01,2019-11-30,-0.348044,53.739996,,,,211.72,,,,9.061856544256876e-05,,3.63318042491699,18.16590212458495,12.84523257866513,5.0,land,EUR,,
2206,Jenner,2022,https://doi.org/10.3390/atmos13020265,,,o,,,,18.16590212458495,film,2019-12-01,2019-12-31,-0.348044,53.739996,,,,206.36,,,,8.832442454528854e-05,,3.63318042491699,18.16590212458495,12.84523257866513,5.0,land,EUR,,
2207,Jenner,2022,https://doi.org/10.3390/atmos13020265,,,o,,,,18.16590212458495,film,2020-01-01,2020-01-31,-0.348044,53.739996,,,,968.82,,,,0.0004146659671834001,,3.63318042491699,18.16590212458495,12.84523257866513,5.0,land,EUR,,
2208,Jenner,2022,https://doi.org/10.3390/atmos13020265,,,o,,,,18.16590212458495,film,2020-02-01,2020-02-29,-0.348044,53.739996,,,,404.01,,,,0.0001729208701324967,,3.63318042491699,18.16590212458495,12.84523257866513,5.0,land,EUR,,
2209,Jenner,2022,https://doi.org/10.3390/atmos13020265,,,o,,,,18.16590212458495,film,2020-03-01,2020-03-31,-0.348044,53.739996,,,,535.33,,,,0.0002291273221158622,,3.63318042491699,18.16590212458495,12.84523257866513,5.0,land,EUR,,
2210,Jenner,2022,https://doi.org/10.3390/atmos13020265,,,o,,,,18.16590212458495,film,2020-04-01,2020-04-30,-0.348044,53.739996,,,,2067.62,,,,0.0008849648511258457,,3.63318042491699,18.16590212458495,12.84523257866513,5.0,land,EUR,,
2211,Jenner,2022,https://doi.org/10.3390/atmos13020265,,,o,,,,18.16590212458495,film,2020-05-01,2020-05-31,-0.348044,53.739996,,,,3680.98,,,,0.001575501261207192,,3.63318042491699,18.16590212458495,12.84523257866513,5.0,land,EUR,,
2212,Jenner,2022,https://doi.org/10.3390/atmos13020265,,,o,,,,18.16590212458495,film,2020-06-01,2020-06-30,-0.348044,53.739996,,,,3159.05,,,,0.001352109291334531,,3.63318042491699,18.16590212458495,12.84523257866513,5.0,land,EUR,,
2213,Jenner,2022,https://doi.org/10.3390/atmos13020265,,,o,,,,18.16590212458495,film,2020-07-01,2020-07-31,-0.348044,53.739996,,,,12727.32,,,,0.005447437560591887,,3.63318042491699,18.16590212458495,12.84523257866513,5.0,land,EUR,,
2214,Jenner,2022,https://doi.org/10.3390/atmos13020265,,,o,,,,18.16590212458495,film,2020-08-01,2020-08-31,-0.348044,53.739996,,,,614.39,,,,0.0002629659003507454,,3.63318042491699,18.16590212458495,12.84523257866513,5.0,land,EUR,,
2215,Jenner,2022,https://doi.org/10.3390/atmos13020265,,,o,,,,18.16590212458495,film,2020-09-01,2020-09-30,-0.348044,53.739996,,,,52.93,,,,2.265464136064219e-05,,3.63318042491699,18.16590212458495,12.84523257866513,5.0,land,EUR,,
2216,Jenner,2022,https://doi.org/10.3390/atmos13020265,,,o,,,,18.16590212458495,film,2020-10-01,2020-10-31,-0.348044,53.739996,,,,1739.99,,,,0.000744735488779592,,3.63318042491699,18.16590212458495,12.84523257866513,5.0,land,EUR,,
2217,Kernchen,2024,https://doi.org/10.1007/s11869-024-01571-w,o,,,,22.5,,45.0,fragment,2019-07-29,2019-08-27,9.52471,51.32476,,17.0,,,,0.0003649932140625,,,,2.0,,,,land,EUR,,
2218,Kernchen,2024,https://doi.org/10.1007/s11869-024-01571-w,o,,,,22.5,,45.0,fragment,2019-08-27,2019-09-30,9.52471,51.32476,,21.0,,,,0.0004508739703125,,,,2.0,,,,land,EUR,,
2219,Kernchen,2024,https://doi.org/10.1007/s11869-024-01571-w,o,,,,22.5,,45.0,fragment,2019-09-30,2019-10-30,9.52471,51.32476,,8.0,,,,0.0001717615125,,,,2.0,,,,land,EUR,,
2220,Kernchen,2024,https://doi.org/10.1007/s11869-024-01571-w,o,,,,22.5,,45.0,fragment,2019-11-26,2020-01-02,9.52471,51.32476,,7.0,,,,0.0001502913234375,,,,2.0,,,,land,EUR,,
2221,Kernchen,2024,https://doi.org/10.1007/s11869-024-01571-w,,o,,,25.0,,50.0,fragment,2019-04-29,2019-05-27,9.52471,51.32476,,,6.0,,,,0.000176709375,,,2.0,,,,land,EUR,,
2222,Kernchen,2024,https://doi.org/10.1007/s11869-024-01571-w,,o,,,25.0,,50.0,fragment,2019-05-27,2019-06-24,9.52471,51.32476,,,13.0,,,,0.0003828703125,,,2.0,,,,land,EUR,,
2223,Kernchen,2024,https://doi.org/10.1007/s11869-024-01571-w,,o,,,25.0,,50.0,fragment,2019-06-24,2019-07-29,9.52471,51.32476,,,5.0,,,,0.0001472578125,,,2.0,,,,land,EUR,,
2224,Kernchen,2024,https://doi.org/10.1007/s11869-024-01571-w,,o,,,25.0,,50.0,fragment,2019-07-29,2019-08-27,9.52471,51.32476,,,19.0,,,,0.0005595796875,,,2.0,,,,land,EUR,,
2225,Kernchen,2024,https://doi.org/10.1007/s11869-024-01571-w,,o,,,25.0,,50.0,fragment,2019-08-27,2019-09-30,9.52471,51.32476,,,16.0,,,,0.000471225,,,2.0,,,,land,EUR,,
2226,Kernchen,2024,https://doi.org/10.1007/s11869-024-01571-w,,o,,,25.0,,50.0,fragment,2019-09-30,2019-10-30,9.52471,51.32476,,,6.0,,,,0.000176709375,,,2.0,,,,land,EUR,,
2227,Kernchen,2024,https://doi.org/10.1007/s11869-024-01571-w,,o,,,25.0,,50.0,fragment,2019-10-30,2019-11-26,9.52471,51.32476,,,7.0,,,,0.0002061609375,,,2.0,,,,land,EUR,,
2228,Kernchen,2024,https://doi.org/10.1007/s11869-024-01571-w,,o,,,25.0,,50.0,fragment,2019-11-26,2020-01-02,9.52471,51.32476,,,5.0,,,,0.0001472578125,,,2.0,,,,land,EUR,,
2229,Yuan,2023,https://doi.org/10.1016/j.scitotenv.2023.161839,,,,o,0.9682458365518543,,38.72983346207417,fiber,2021-03-01,2021-05-31,113.3,23.1,,,,,0.19,,,,6.501728431690354e-09,40.0,,,,land,SAS,,
2230,Yuan,2023,https://doi.org/10.1016/j.scitotenv.2023.161839,,,,o,0.9682458365518543,,38.72983346207417,fiber,2021-06-01,2021-08-31,113.3,23.1,,,,,0.18,,,,6.159532198443493e-09,40.0,,,,land,SAS,,
2231,Yuan,2023,https://doi.org/10.1016/j.scitotenv.2023.161839,,,,o,0.9682458365518543,,38.72983346207417,fiber,2021-09-01,2021-11-30,113.3,23.1,,,,,0.2,,,,6.843924664937215e-09,40.0,,,,land,SAS,,
2232,Kaushik,2024,https://doi.org/10.1016/j.scitotenv.2023.168705,,,,o,27.15,,1086.0,fiber,2016-03-01,2016-03-31,73.2,15.45,,,,,0.574,,,,0.0004330516565783204,40.0,,,,coastal,SAS,,
2233,Kaushik,2024,https://doi.org/10.1016/j.scitotenv.2023.168705,,,,o,27.15,,1086.0,fiber,2016-11-01,2016-11-30,73.2,15.45,,,,,0.49199999999999994,,,,0.0003711871342099889,40.0,,,,coastal,SAS,,
2234,Kaushik,2024,https://doi.org/10.1016/j.scitotenv.2023.168705,,,,o,28.125,,1125.0,fiber,2020-03-01,2020-03-31,73.2,15.45,,,,,0.6200000000000001,,,,0.000519981141357422,40.0,,,,coastal,SAS,,
2235,Kaushik,2024,https://doi.org/10.1016/j.scitotenv.2023.168705,,,,o,28.125,,1125.0,fiber,2020-11-01,2020-11-30,73.2,15.45,,,,,0.5519999999999999,,,,0.00046295095166015623,40.0,,,,coastal,SAS,,
2236,Kaushik,2024,https://doi.org/10.1016/j.scitotenv.2023.168705,,,,o,,,204.0,film,2016-03-01,2016-03-31,73.2,15.45,,,,,0.392,,,,1.88414604e-06,40.8,204.0,144.2497833620557,5.0,coastal,SAS,,
2237,Kaushik,2024,https://doi.org/10.1016/j.scitotenv.2023.168705,,,,o,,,204.0,film,2016-11-01,2016-11-30,73.2,15.45,,,,,0.336,,,,1.6149823200000002e-06,40.8,204.0,144.2497833620557,5.0,coastal,SAS,,
2238,Kaushik,2024,https://doi.org/10.1016/j.scitotenv.2023.168705,,,,o,,,209.0,film,2020-03-01,2020-03-31,73.2,15.45,,,,,0.3875,,,,1.908166734375e-06,41.8,209.0,147.78531726798843,5.0,coastal,SAS,,
2239,Kaushik,2024,https://doi.org/10.1016/j.scitotenv.2023.168705,,,,o,,,209.0,film,2020-11-01,2020-11-30,73.2,15.45,,,,,0.345,,,,1.69888393125e-06,41.8,209.0,147.78531726798843,5.0,coastal,SAS,,
2240,Kaushik,2024,https://doi.org/10.1016/j.scitotenv.2023.168705,,,,o,47.5,,95.0,fragment,2016-03-01,2016-03-31,73.2,15.45,,,,,0.434,,,,8.7671587959375e-05,2.0,,,,coastal,SAS,,
2241,Kaushik,2024,https://doi.org/10.1016/j.scitotenv.2023.168705,,,,o,47.5,,95.0,fragment,2016-11-01,2016-11-30,73.2,15.45,,,,,0.372,,,,7.514707539375e-05,2.0,,,,coastal,SAS,,
2242,Kaushik,2024,https://doi.org/10.1016/j.scitotenv.2023.168705,,,,o,50.5,,101.0,fragment,2020-03-01,2020-03-31,73.2,15.45,,,,,0.5425,,,,0.00013169284844165625,2.0,,,,coastal,SAS,,
2243,Kaushik,2024,https://doi.org/10.1016/j.scitotenv.2023.168705,,,,o,50.5,,101.0,fragment,2020-11-01,2020-11-30,73.2,15.45,,,,,0.48299999999999993,,,,0.00011724911667708748,2.0,,,,coastal,SAS,,
2244,Perera,2022,https://doi.org/10.1021/acs.est.2c05885,,,,o,13.775,,551.0,fiber,2021-08-09,2021-08-10,79.85,6.9,,,,,0.15,,,,1.4780338885307812e-05,40.0,,,,land,SAS,,
2245,Perera,2022,https://doi.org/10.1021/acs.est.2c05885,,,,o,13.775,,551.0,fiber,2021-11-05,2021-11-06,80.05,6.733333333333333,,,,,0.01,,,,9.853559256871875e-07,40.0,,,,land,SAS,,
2246,Perera,2022,https://doi.org/10.1021/acs.est.2c05885,,,,o,13.775,,551.0,fiber,2021-08-03,2021-08-04,79.9,6.95,,,,,0.09,,,,8.868203331184687e-06,40.0,,,,land,SAS,,
2247,Perera,2022,https://doi.org/10.1021/acs.est.2c05885,,,,o,13.775,,551.0,fiber,2021-08-19,2021-08-20,80.23333333333333,7.3,,,,,0.07,,,,6.897491479810313e-06,40.0,,,,land,SAS,,
2248,Perera,2022,https://doi.org/10.1021/acs.est.2c05885,,,,o,13.775,,551.0,fiber,2021-08-05,2021-08-06,79.88333333333334,6.733333333333333,,,,,0.02,,,,1.970711851374375e-06,40.0,,,,coastal,SAS,,
2249,Perera,2022,https://doi.org/10.1021/acs.est.2c05885,,,,o,13.775,,551.0,fiber,2021-11-25,2021-11-26,79.91666666666667,6.666666666666667,,,,,0.0,,,,0.0,40.0,,,,coastal,SAS,,
2250,Perera,2022,https://doi.org/10.1021/acs.est.2c05885,,,,o,13.775,,551.0,fiber,2021-10-12,2021-10-13,80.6,7.266666666666667,,,,,0.14,,,,1.3794982959620626e-05,40.0,,,,land,SAS,,
2251,Perera,2022,https://doi.org/10.1021/acs.est.2c05885,,,,o,13.775,,551.0,fiber,2021-08-19,2021-08-20,80.23333333333333,7.3,,,,,0.07,,,,6.897491479810313e-06,40.0,,,,land,SAS,,
2252,Perera,2022,https://doi.org/10.1021/acs.est.2c05885,,,,o,13.775,,551.0,fiber,2021-08-06,2021-08-07,80.0,6.95,,,,,0.23,,,,2.266318629080531e-05,40.0,,,,land,SAS,,
2253,Perera,2022,https://doi.org/10.1021/acs.est.2c05885,,,,o,13.775,,551.0,fiber,2021-08-13,2021-08-14,80.21666666666667,7.266666666666667,,,,,0.09,,,,8.868203331184687e-06,40.0,,,,land,SAS,,
2254,Perera,2022,https://doi.org/10.1021/acs.est.2c05885,,,,o,13.775,,551.0,fiber,2021-08-11,2021-08-12,79.9,6.883333333333333,,,,,0.03,,,,2.956067777061562e-06,40.0,,,,land,SAS,,
2255,Perera,2022,https://doi.org/10.1021/acs.est.2c05885,,,,o,13.775,,551.0,fiber,2021-10-21,2021-10-22,79.98333333333333,8.4,,,,,0.0,,,,0.0,40.0,,,,land,SAS,,
2259,Aves,2024,https://doi.org/10.1016/j.atmosenv.2024.120437,,,o,,10.532687216470448,50-3550,421.30748865881793,fiber,2020-07-06,2020-07-07,170.4641,-43.9853,1031.0,,,71.06666666666666,,,,0.003130414293121944,,40.0,,,,land,AUS,,
2260,Aves,2024,https://doi.org/10.1016/j.atmosenv.2024.120437,,,o,,10.532687216470448,,421.30748865881793,fiber,2020-07-07,2020-07-08,170.4641,-43.9853,1031.0,,,102.05,,,,0.0044951985733549865,,40.0,,,,land,AUS,,
2261,Aves,2024,https://doi.org/10.1016/j.atmosenv.2024.120437,,,o,,10.532687216470448,,421.30748865881793,fiber,2020-07-08,2020-07-09,170.4641,-43.9853,1031.0,,,102.05,,,,0.0044951985733549865,,40.0,,,,land,AUS,,
2262,Aves,2024,https://doi.org/10.1016/j.atmosenv.2024.120437,,,o,,10.532687216470448,,421.30748865881793,fiber,2020-07-09,2020-07-10,170.4641,-43.9853,1031.0,,,68.03333333333335,,,,0.002996799048903325,,40.0,,,,land,AUS,,
2263,Aves,2024,https://doi.org/10.1016/j.atmosenv.2024.120437,,,o,,10.532687216470448,,421.30748865881793,fiber,2020-07-10,2020-07-11,170.4641,-43.9853,1031.0,,,102.05,,,,0.0044951985733549865,,40.0,,,,land,AUS,,
2264,Aves,2024,https://doi.org/10.1016/j.atmosenv.2024.120437,,,o,,10.532687216470448,,421.30748865881793,fiber,2020-07-11,2020-07-12,170.4641,-43.9853,1031.0,,,102.05,,,,0.0044951985733549865,,40.0,,,,land,AUS,,
2265,Aves,2024,https://doi.org/10.1016/j.atmosenv.2024.120437,,,o,,10.532687216470448,,421.30748865881793,fiber,2020-07-12,2020-07-13,170.4641,-43.9853,1031.0,,,68.03333333333335,,,,0.002996799048903325,,40.0,,,,land,AUS,,
2266,Aves,2024,https://doi.org/10.1016/j.atmosenv.2024.120437,,,o,,210.65374432940897,,421.30748865881793,fragment,2020-07-06,2020-07-07,170.4641,-43.9853,1031.0,,,34.986666666666665,,,,0.6164508146455521,,2.0,,,,land,AUS,,
2267,Aves,2024,https://doi.org/10.1016/j.atmosenv.2024.120437,,,o,,210.65374432940897,,421.30748865881793,fragment,2020-07-07,2020-07-08,170.4641,-43.9853,1031.0,,,50.24,,,,0.8852083344452899,,2.0,,,,land,AUS,,
2268,Aves,2024,https://doi.org/10.1016/j.atmosenv.2024.120437,,,o,,210.65374432940897,,421.30748865881793,fragment,2020-07-08,2020-07-09,170.4641,-43.9853,1031.0,,,50.24,,,,0.8852083344452899,,2.0,,,,land,AUS,,
2269,Aves,2024,https://doi.org/10.1016/j.atmosenv.2024.120437,,,o,,210.65374432940897,,421.30748865881793,fragment,2020-07-09,2020-07-10,170.4641,-43.9853,1031.0,,,33.49333333333333,,,,0.5901388896301932,,2.0,,,,land,AUS,,
2270,Aves,2024,https://doi.org/10.1016/j.atmosenv.2024.120437,,,o,,210.65374432940897,,421.30748865881793,fragment,2020-07-10,2020-07-11,170.4641,-43.9853,1031.0,,,50.24,,,,0.8852083344452899,,2.0,,,,land,AUS,,
2271,Aves,2024,https://doi.org/10.1016/j.atmosenv.2024.120437,,,o,,210.65374432940897,,421.30748865881793,fragment,2020-07-11,2020-07-12,170.4641,-43.9853,1031.0,,,50.24,,,,0.8852083344452899,,2.0,,,,land,AUS,,
2272,Aves,2024,https://doi.org/10.1016/j.atmosenv.2024.120437,,,o,,210.65374432940897,,421.30748865881793,fragment,2020-07-12,2020-07-13,170.4641,-43.9853,1031.0,,,33.49333333333333,,,,0.5901388896301932,,2.0,,,,land,AUS,,
2273,Beaurepaire,2024,https://doi.org/10.1016/j.envpol.2024.123354,,,o,,1.25,25-100,50.0,fiber,2020-04-03,2020-07-15,2.58833,48.84227,,,,5.36,,,,3.9465093750000007e-07,,40.0,,,,land,EUR,,
2274,Beaurepaire,2024,https://doi.org/10.1016/j.envpol.2024.123354,,,o,,1.25,,50.0,fiber,2021-03-03,2021-07-27,2.58833,48.84227,,,,29.2,,,,2.1499640625e-06,,40.0,,,,land,EUR,,
2275,Guo,2024,https://doi.org/10.1007/s10653-024-02125-w,,,,o,24.545,,49.09,fragment,2023-02-20,2023-02-21,91.16666666666667,29.633333333333333,,,,,4.32,,,,0.00012040961577166196,2.0,,,,land,WAS,,
2276,Guo,2024,https://doi.org/10.1007/s10653-024-02125-w,,,,o,24.545,,49.09,fragment,2023-02-22,2023-02-23,91.16666666666667,29.633333333333333,,,,,8.77,,,,0.00024444266905497114,2.0,,,,land,WAS,,
2277,Long,2024,https://doi.org/10.1029/2024jd041546,,,,o,19.875,,795.0,fiber,2023-04-19,2023-04-20,114.8,42.13333333333333,,,,,3.5776468624037014e-05,,,,1.0588567089683035e-08,40.0,,,,land,EAS,,
2278,Long,2024,https://doi.org/10.1029/2024jd041546,,,,o,19.875,,795.0,fiber,2023-04-20,2023-04-21,114.8,42.13333333333333,,,,,0.00010180189351521938,,,,3.012975346086672e-08,40.0,,,,land,EAS,,
2279,Long,2024,https://doi.org/10.1029/2024jd041546,,,,o,19.875,,795.0,fiber,2023-04-20,2023-04-21,114.8,42.13333333333333,,,,,2.8942722352464474e-05,,,,8.566020324913714e-09,40.0,,,,land,EAS,,
2280,Long,2024,https://doi.org/10.1029/2024jd041546,,,,o,19.875,,795.0,fiber,2023-04-21,2023-04-22,114.8,42.13333333333333,,,,,6.461200491051237e-05,,,,1.912286413685428e-08,40.0,,,,land,EAS,,
2281,Long,2024,https://doi.org/10.1029/2024jd041546,,,,o,19.875,,795.0,fiber,2023-04-21,2023-04-22,114.8,42.13333333333333,,,,,6.871907641561298e-05,,,,2.033841178161722e-08,40.0,,,,land,EAS,,
2282,Long,2024,https://doi.org/10.1029/2024jd041546,,,,o,19.875,,795.0,fiber,2023-04-22,2023-04-23,114.8,42.13333333333333,,,,,2.173180776042855e-05,,,,6.431845101022346e-09,40.0,,,,land,EAS,,
2283,Long,2024,https://doi.org/10.1029/2024jd041546,,,,o,19.875,,795.0,fiber,2023-04-23,2023-04-24,114.8,42.13333333333333,,,,,0.0003048566001453931,,,,9.022675203900332e-08,40.0,,,,land,EAS,,
2284,Long,2024,https://doi.org/10.1029/2024jd041546,,,,o,19.875,,795.0,fiber,2023-04-24,2023-04-25,114.8,42.13333333333333,,,,,0.00022326412145568208,,,,6.607826931147438e-08,40.0,,,,land,EAS,,
2285,Long,2024,https://doi.org/10.1029/2024jd041546,,,,o,19.875,,795.0,fiber,2023-04-24,2023-04-25,114.8,42.13333333333333,,,,,3.337635174224556e-05,,,,9.878217533023466e-09,40.0,,,,land,EAS,,
2286,Long,2024,https://doi.org/10.1029/2024jd041546,,,,o,19.875,,795.0,fiber,2023-04-25,2023-04-26,114.8,42.13333333333333,,,,,0.00013210912213488342,,,,3.9099619294021237e-08,40.0,,,,land,EAS,,
2287,Long,2024,https://doi.org/10.1029/2024jd041546,,,,o,19.875,,795.0,fiber,2023-04-25,2023-04-26,114.8,42.13333333333333,,,,,0.00013353660572204356,,,,3.9522103857573476e-08,40.0,,,,land,EAS,,
2288,Long,2024,https://doi.org/10.1029/2024jd041546,,,,o,19.875,,795.0,fiber,2023-04-27,2023-04-28,114.8,42.13333333333333,,,,,7.787988696290692e-05,,,,2.3049687120031332e-08,40.0,,,,land,EAS,,
2289,Long,2024,https://doi.org/10.1029/2024jd041546,,,,o,19.875,,795.0,fiber,2023-04-30,2023-05-01,114.8,42.13333333333333,,,,,5.5627871788881104e-05,,,,1.6463879056445255e-08,40.0,,,,land,EAS,,
2290,Long,2024,https://doi.org/10.1029/2024jd041546,,,,o,19.875,,795.0,fiber,2023-05-01,2023-05-02,114.8,42.13333333333333,,,,,0.00010374089673631139,,,,3.0703629712025e-08,40.0,,,,land,EAS,,
2291,Long,2024,https://doi.org/10.1029/2024jd041546,,,,o,19.875,,795.0,fiber,2023-05-01,2023-05-02,114.8,42.13333333333333,,,,,0.0001581992406436449,,,,4.6821369953956253e-08,40.0,,,,land,EAS,,
2292,Long,2024,https://doi.org/10.1029/2024jd041546,,,,o,19.875,,795.0,fiber,2023-05-02,2023-05-03,114.8,42.13333333333333,,,,,4.494988088281566e-05,,,,1.330357208819588e-08,40.0,,,,land,EAS,,
2293,Long,2024,https://doi.org/10.1029/2024jd041546,,,,o,19.875,,795.0,fiber,2023-05-03,2023-05-04,114.8,42.13333333333333,,,,,0.00016725604511134474,,,,4.9501863177928325e-08,40.0,,,,land,EAS,,
2294,Long,2024,https://doi.org/10.1029/2024jd041546,,,,o,19.875,,795.0,fiber,2023-05-03,2023-05-04,114.8,42.13333333333333,,,,,7.788681932483254e-05,,,,2.3051738853535572e-08,40.0,,,,land,EAS,,
2295,Long,2024,https://doi.org/10.1029/2024jd041546,,,,o,19.875,,795.0,fiber,2023-05-06,2023-05-07,114.8,42.13333333333333,,,,,5.544282181785924e-05,,,,1.6409110821667818e-08,40.0,,,,land,EAS,,
2296,Long,2024,https://doi.org/10.1029/2024jd041546,,,,o,19.875,,795.0,fiber,2023-05-07,2023-05-08,114.8,42.13333333333333,,,,,0.0,,,,0.0,40.0,,,,land,EAS,,
2297,Long,2024,https://doi.org/10.1029/2024jd041546,,,,o,81.5,,163.0,fragment,2023-04-19,2023-04-20,114.8,42.13333333333333,,,,,2.3850979082691346e-05,,,,2.4337017376332676e-08,2.0,,,,land,EAS,,
2298,Long,2024,https://doi.org/10.1029/2024jd041546,,,,o,81.5,,163.0,fragment,2023-04-20,2023-04-21,114.8,42.13333333333333,,,,,2.5450473378804846e-05,,,,2.596910637120788e-08,2.0,,,,land,EAS,,
2299,Long,2024,https://doi.org/10.1029/2024jd041546,,,,o,81.5,,163.0,fragment,2023-04-20,2023-04-21,114.8,42.13333333333333,,,,,2.8942722352464474e-05,,,,2.953252083984545e-08,2.0,,,,land,EAS,,
2300,Long,2024,https://doi.org/10.1029/2024jd041546,,,,o,81.5,,163.0,fragment,2023-04-21,2023-04-22,114.8,42.13333333333333,,,,,2.153733497017079e-05,,,,2.197622552901079e-08,2.0,,,,land,EAS,,
2301,Long,2024,https://doi.org/10.1029/2024jd041546,,,,o,81.5,,163.0,fragment,2023-04-21,2023-04-22,114.8,42.13333333333333,,,,,2.9451032749548417e-05,,,,3.005118965102981e-08,2.0,,,,land,EAS,,
2302,Long,2024,https://doi.org/10.1029/2024jd041546,,,,o,81.5,,163.0,fragment,2023-04-22,2023-04-23,114.8,42.13333333333333,,,,,1.0865903880214276e-05,,,,1.1087330655295498e-08,2.0,,,,land,EAS,,
2303,Long,2024,https://doi.org/10.1029/2024jd041546,,,,o,81.5,,163.0,fragment,2023-04-23,2023-04-24,114.8,42.13333333333333,,,,,4.690101540698356e-05,,,,4.7856770280585324e-08,2.0,,,,land,EAS,,
2304,Long,2024,https://doi.org/10.1029/2024jd041546,,,,o,81.5,,163.0,fragment,2023-04-24,2023-04-25,114.8,42.13333333333333,,,,,4.96142492123738e-05,,,,5.0625294710500864e-08,2.0,,,,land,EAS,,
2305,Long,2024,https://doi.org/10.1029/2024jd041546,,,,o,81.5,,163.0,fragment,2023-04-24,2023-04-25,114.8,42.13333333333333,,,,,7.787815406523964e-05,,,,7.946516502116617e-08,2.0,,,,land,EAS,,
2306,Long,2024,https://doi.org/10.1029/2024jd041546,,,,o,81.5,,163.0,fragment,2023-04-25,2023-04-26,114.8,42.13333333333333,,,,,2.201818702248057e-05,,,,2.2466876445769206e-08,2.0,,,,land,EAS,,
2307,Long,2024,https://doi.org/10.1029/2024jd041546,,,,o,81.5,,163.0,fragment,2023-04-25,2023-04-26,114.8,42.13333333333333,,,,,1.1128050476836963e-05,,,,1.1354819308697685e-08,2.0,,,,land,EAS,,
2308,Long,2024,https://doi.org/10.1029/2024jd041546,,,,o,81.5,,163.0,fragment,2023-04-27,2023-04-28,114.8,42.13333333333333,,,,,2.2251396275116265e-05,,,,2.2704838066298038e-08,2.0,,,,land,EAS,,
2309,Long,2024,https://doi.org/10.1029/2024jd041546,,,,o,81.5,,163.0,fragment,2023-04-30,2023-05-01,114.8,42.13333333333333,,,,,5.5627871788881104e-05,,,,5.676146365483463e-08,2.0,,,,land,EAS,,
2310,Long,2024,https://doi.org/10.1029/2024jd041546,,,,o,81.5,,163.0,fragment,2023-05-01,2023-05-02,114.8,42.13333333333333,,,,,4.149635869452455e-05,,,,4.2341976784343425e-08,2.0,,,,land,EAS,,
2311,Long,2024,https://doi.org/10.1029/2024jd041546,,,,o,81.5,,163.0,fragment,2023-05-01,2023-05-02,114.8,42.13333333333333,,,,,0.00012429940336286386,,,,1.2683239245742746e-07,2.0,,,,land,EAS,,
2312,Long,2024,https://doi.org/10.1029/2024jd041546,,,,o,81.5,,163.0,fragment,2023-05-02,2023-05-03,114.8,42.13333333333333,,,,,0.0,,,,0.0,2.0,,,,land,EAS,,
2313,Long,2024,https://doi.org/10.1029/2024jd041546,,,,o,81.5,,163.0,fragment,2023-05-03,2023-05-04,114.8,42.13333333333333,,,,,4.7787441460384214e-05,,,,4.876126003715474e-08,2.0,,,,land,EAS,,
2314,Long,2024,https://doi.org/10.1029/2024jd041546,,,,o,81.5,,163.0,fragment,2023-05-03,2023-05-04,114.8,42.13333333333333,,,,,4.4506753899904314e-05,,,,4.541371820715669e-08,2.0,,,,land,EAS,,
2315,Long,2024,https://doi.org/10.1029/2024jd041546,,,,o,81.5,,163.0,fragment,2023-05-06,2023-05-07,114.8,42.13333333333333,,,,,1.1088564363571848e-05,,,,1.1314528542380492e-08,2.0,,,,land,EAS,,
2316,Long,2024,https://doi.org/10.1029/2024jd041546,,,,o,81.5,,163.0,fragment,2023-05-07,2023-05-08,114.8,42.13333333333333,,,,,3.7077547690995716e-05,,,,3.783311868662057e-08,2.0,,,,land,EAS,,
2317,Ankit,2024,https://doi.org/10.1016/j.envpol.2024.124629,,,o,,,,163.707055437449,film,2021-10-20,2021-10-27,76.728094,30.662987,,,,33.3,,,,0.00012844285723552233,,32.741411087489794,163.707055437449,115.75836902790223,5.0,land,WAS,,
2318,Ankit,2024,https://doi.org/10.1016/j.envpol.2024.124629,,,o,,,,163.707055437449,film,2021-10-27,2021-11-03,76.728094,30.662987,,,,20.52,,,,7.914857148567322e-05,,32.741411087489794,163.707055437449,115.75836902790223,5.0,land,WAS,,
2319,Ankit,2024,https://doi.org/10.1016/j.envpol.2024.124629,,,o,,,,163.707055437449,film,2021-11-03,2021-11-10,76.728094,30.662987,,,,386.46,,,,0.0014906314296468457,,32.741411087489794,163.707055437449,115.75836902790223,5.0,land,WAS,,
2320,Ankit,2024,https://doi.org/10.1016/j.envpol.2024.124629,,,o,,,,163.707055437449,film,2021-11-10,2021-11-17,76.728094,30.662987,,,,93.42,,,,0.00036033428597424913,,32.741411087489794,163.707055437449,115.75836902790223,5.0,land,WAS,,
2321,Ankit,2024,https://doi.org/10.1016/j.envpol.2024.124629,,,o,,,,163.707055437449,film,2021-11-17,2021-11-24,76.728094,30.662987,,,,186.84,,,,0.0007206685719484983,,32.741411087489794,163.707055437449,115.75836902790223,5.0,land,WAS,,
2322,Ankit,2024,https://doi.org/10.1016/j.envpol.2024.124629,,,o,,,,163.707055437449,film,2021-11-24,2021-12-01,76.728094,30.662987,,,,115.19999999999999,,,,0.00044434285746342857,,32.741411087489794,163.707055437449,115.75836902790223,5.0,land,WAS,,
2323,Ankit,2024,https://doi.org/10.1016/j.envpol.2024.124629,,,o,,,,163.707055437449,film,2021-12-01,2021-12-08,76.728094,30.662987,,,,163.79999999999998,,,,0.0006318000004558125,,32.741411087489794,163.707055437449,115.75836902790223,5.0,land,WAS,,
2324,Ankit,2024,https://doi.org/10.1016/j.envpol.2024.124629,,,o,,,,163.707055437449,film,2021-12-08,2021-12-15,76.728094,30.662987,,,,121.5,,,,0.0004686428574809599,,32.741411087489794,163.707055437449,115.75836902790223,5.0,land,WAS,,
2325,Ankit,2024,https://doi.org/10.1016/j.envpol.2024.124629,,,o,,,,163.707055437449,film,2021-12-15,2021-12-22,76.728094,30.662987,,,,183.06,,,,0.0007060885719379795,,32.741411087489794,163.707055437449,115.75836902790223,5.0,land,WAS,,
2326,Ankit,2024,https://doi.org/10.1016/j.envpol.2024.124629,,,o,,,,163.707055437449,film,2021-12-22,2021-12-29,76.728094,30.662987,,,,213.66,,,,0.0008241171434517027,,32.741411087489794,163.707055437449,115.75836902790223,5.0,land,WAS,,
2327,Ankit,2024,https://doi.org/10.1016/j.envpol.2024.124629,,,o,,,,163.707055437449,film,2021-12-29,2022-01-05,76.728094,30.662987,,,,282.78,,,,0.00109072285792976,,32.741411087489794,163.707055437449,115.75836902790223,5.0,land,WAS,,
2328,Ankit,2024,https://doi.org/10.1016/j.envpol.2024.124629,,,o,,,,163.707055437449,film,2022-01-05,2022-01-12,76.728094,30.662987,,,,302.03999999999996,,,,0.0011650114294119269,,32.741411087489794,163.707055437449,115.75836902790223,5.0,land,WAS,,
2329,Ankit,2024,https://doi.org/10.1016/j.envpol.2024.124629,,,o,,,,163.707055437449,film,2022-01-12,2022-01-19,76.728094,30.662987,,,,232.92,,,,0.0008984057149338697,,32.741411087489794,163.707055437449,115.75836902790223,5.0,land,WAS,,
2330,Ankit,2024,https://doi.org/10.1016/j.envpol.2024.124629,,,o,,,,163.707055437449,film,2022-01-19,2022-01-26,76.728094,30.662987,,,,161.28,,,,0.0006220800004488001,,32.741411087489794,163.707055437449,115.75836902790223,5.0,land,WAS,,
2331,Ankit,2024,https://doi.org/10.1016/j.envpol.2024.124629,,,o,,,,163.707055437449,film,2022-01-26,2022-02-02,76.728094,30.662987,,,,102.42,,,,0.00039504857171357953,,32.741411087489794,163.707055437449,115.75836902790223,5.0,land,WAS,,
2332,Ankit,2024,https://doi.org/10.1016/j.envpol.2024.124629,,,o,,,,163.707055437449,film,2022-02-02,2022-02-09,76.728094,30.662987,,,,69.12,,,,0.0002666057144780572,,32.741411087489794,163.707055437449,115.75836902790223,5.0,land,WAS,,
2333,Ankit,2024,https://doi.org/10.1016/j.envpol.2024.124629,,,o,,,,163.707055437449,film,2022-02-09,2022-02-16,76.728094,30.662987,,,,101.16,,,,0.00039018857171007324,,32.741411087489794,163.707055437449,115.75836902790223,5.0,land,WAS,,
2334,Ankit,2024,https://doi.org/10.1016/j.envpol.2024.124629,,,o,,,,163.707055437449,film,2022-02-16,2022-02-23,76.728094,30.662987,,,,116.46,,,,0.00044920285746693486,,32.741411087489794,163.707055437449,115.75836902790223,5.0,land,WAS,,
2335,Ankit,2024,https://doi.org/10.1016/j.envpol.2024.124629,,,o,,,,163.707055437449,film,2021-10-20,2021-10-27,76.732266,30.663899,,,,52.379999999999995,,,,0.0002020371430029027,,32.741411087489794,163.707055437449,115.75836902790223,5.0,land,WAS,,
2336,Ankit,2024,https://doi.org/10.1016/j.envpol.2024.124629,,,o,,,,163.707055437449,film,2021-10-27,2021-11-03,76.732266,30.663899,,,,37.08,,,,0.00014302285724604108,,32.741411087489794,163.707055437449,115.75836902790223,5.0,land,WAS,,
2337,Ankit,2024,https://doi.org/10.1016/j.envpol.2024.124629,,,o,,,,163.707055437449,film,2021-11-03,2021-11-10,76.732266,30.663899,,,,346.68,,,,0.0013371942866790055,,32.741411087489794,163.707055437449,115.75836902790223,5.0,land,WAS,,
2338,Ankit,2024,https://doi.org/10.1016/j.envpol.2024.124629,,,o,,,,163.707055437449,film,2021-11-10,2021-11-17,76.732266,30.663899,,,,85.67999999999999,,,,0.000330480000238425,,32.741411087489794,163.707055437449,115.75836902790223,5.0,land,WAS,,
2339,Ankit,2024,https://doi.org/10.1016/j.envpol.2024.124629,,,o,,,,163.707055437449,film,2021-11-17,2021-11-24,76.732266,30.663899,,,,162.54,,,,0.0006269400004523063,,32.741411087489794,163.707055437449,115.75836902790223,5.0,land,WAS,,
2340,Ankit,2024,https://doi.org/10.1016/j.envpol.2024.124629,,,o,,,,163.707055437449,film,2021-11-24,2021-12-01,76.732266,30.663899,,,,145.79999999999998,,,,0.0005623714289771517,,32.741411087489794,163.707055437449,115.75836902790223,5.0,land,WAS,,
2341,Ankit,2024,https://doi.org/10.1016/j.envpol.2024.124629,,,o,,,,163.707055437449,film,2021-12-01,2021-12-08,76.732266,30.663899,,,,175.32,,,,0.0006762342862021555,,32.741411087489794,163.707055437449,115.75836902790223,5.0,land,WAS,,
2342,Ankit,2024,https://doi.org/10.1016/j.envpol.2024.124629,,,o,,,,163.707055437449,film,2021-12-08,2021-12-15,76.732266,30.663899,,,,195.84,,,,0.0007553828576878287,,32.741411087489794,163.707055437449,115.75836902790223,5.0,land,WAS,,
2343,Ankit,2024,https://doi.org/10.1016/j.envpol.2024.124629,,,o,,,,163.707055437449,film,2021-12-15,2021-12-22,76.732266,30.663899,,,,227.7,,,,0.0008782714292050581,,32.741411087489794,163.707055437449,115.75836902790223,5.0,land,WAS,,
2344,Ankit,2024,https://doi.org/10.1016/j.envpol.2024.124629,,,o,,,,163.707055437449,film,2021-12-22,2021-12-29,76.732266,30.663899,,,,177.84,,,,0.0006859542862091679,,32.741411087489794,163.707055437449,115.75836902790223,5.0,land,WAS,,
2345,Ankit,2024,https://doi.org/10.1016/j.envpol.2024.124629,,,o,,,,163.707055437449,film,2021-12-29,2022-01-05,76.732266,30.663899,,,,208.62,,,,0.0008046771434376778,,32.741411087489794,163.707055437449,115.75836902790223,5.0,land,WAS,,
2346,Ankit,2024,https://doi.org/10.1016/j.envpol.2024.124629,,,o,,,,163.707055437449,film,2022-01-05,2022-01-12,76.732266,30.663899,,,,172.79999999999998,,,,0.0006665142861951429,,32.741411087489794,163.707055437449,115.75836902790223,5.0,land,WAS,,
2347,Ankit,2024,https://doi.org/10.1016/j.envpol.2024.124629,,,o,,,,163.707055437449,film,2022-01-12,2022-01-19,76.732266,30.663899,,,,184.32,,,,0.0007109485719414858,,32.741411087489794,163.707055437449,115.75836902790223,5.0,land,WAS,,
2348,Ankit,2024,https://doi.org/10.1016/j.envpol.2024.124629,,,o,,,,163.707055437449,film,2022-01-19,2022-01-26,76.732266,30.663899,,,,104.94,,,,0.000404768571720592,,32.741411087489794,163.707055437449,115.75836902790223,5.0,land,WAS,,
2349,Ankit,2024,https://doi.org/10.1016/j.envpol.2024.124629,,,o,,,,163.707055437449,film,2022-01-26,2022-02-02,76.732266,30.663899,,,,15.299999999999999,,,,5.901428575686161e-05,,32.741411087489794,163.707055437449,115.75836902790223,5.0,land,WAS,,
2350,Ankit,2024,https://doi.org/10.1016/j.envpol.2024.124629,,,o,,,,163.707055437449,film,2022-02-02,2022-02-09,76.732266,30.663899,,,,106.2,,,,0.0004096285717240983,,32.741411087489794,163.707055437449,115.75836902790223,5.0,land,WAS,,
2351,Ankit,2024,https://doi.org/10.1016/j.envpol.2024.124629,,,o,,,,163.707055437449,film,2022-02-09,2022-02-16,76.732266,30.663899,,,,78.11999999999999,,,,0.0003013200002173875,,32.741411087489794,163.707055437449,115.75836902790223,5.0,land,WAS,,
2352,Ankit,2024,https://doi.org/10.1016/j.envpol.2024.124629,,,o,,,,163.707055437449,film,2022-02-16,2022-02-23,76.732266,30.663899,,,,99.72,,,,0.0003846342859917804,,32.741411087489794,163.707055437449,115.75836902790223,5.0,land,WAS,,
2353,Ankit,2024,https://doi.org/10.1016/j.envpol.2024.124629,,,o,,,,163.707055437449,film,2021-10-20,2021-10-27,76.723551,30.663574,,,,14.04,,,,5.415428575335536e-05,,32.741411087489794,163.707055437449,115.75836902790223,5.0,land,WAS,,
2354,Ankit,2024,https://doi.org/10.1016/j.envpol.2024.124629,,,o,,,,163.707055437449,film,2021-10-27,2021-11-03,76.723551,30.663574,,,,25.56,,,,9.858857149969822e-05,,32.741411087489794,163.707055437449,115.75836902790223,5.0,land,WAS,,
2355,Ankit,2024,https://doi.org/10.1016/j.envpol.2024.124629,,,o,,,,163.707055437449,film,2021-11-03,2021-11-10,76.723551,30.663574,,,,228.95999999999998,,,,0.0008831314292085643,,32.741411087489794,163.707055437449,115.75836902790223,5.0,land,WAS,,
2356,Ankit,2024,https://doi.org/10.1016/j.envpol.2024.124629,,,o,,,,163.707055437449,film,2021-11-10,2021-11-17,76.723551,30.663574,,,,65.34,,,,0.0002520257144675384,,32.741411087489794,163.707055437449,115.75836902790223,5.0,land,WAS,,
2357,Ankit,2024,https://doi.org/10.1016/j.envpol.2024.124629,,,o,,,,163.707055437449,film,2021-11-17,2021-11-24,76.723551,30.663574,,,,156.06,,,,0.0006019457147199885,,32.741411087489794,163.707055437449,115.75836902790223,5.0,land,WAS,,
2358,Ankit,2024,https://doi.org/10.1016/j.envpol.2024.124629,,,o,,,,163.707055437449,film,2021-11-24,2021-12-01,76.723551,30.663574,,,,106.2,,,,0.0004096285717240983,,32.741411087489794,163.707055437449,115.75836902790223,5.0,land,WAS,,
2359,Ankit,2024,https://doi.org/10.1016/j.envpol.2024.124629,,,o,,,,163.707055437449,film,2021-12-01,2021-12-08,76.723551,30.663574,,,,136.98,,,,0.0005283514289526081,,32.741411087489794,163.707055437449,115.75836902790223,5.0,land,WAS,,
2360,Ankit,2024,https://doi.org/10.1016/j.envpol.2024.124629,,,o,,,,163.707055437449,film,2021-12-08,2021-12-15,76.723551,30.663574,,,,148.5,,,,0.000572785714698951,,32.741411087489794,163.707055437449,115.75836902790223,5.0,land,WAS,,
2361,Ankit,2024,https://doi.org/10.1016/j.envpol.2024.124629,,,o,,,,163.707055437449,film,2021-12-15,2021-12-22,76.723551,30.663574,,,,111.24,,,,0.00042906857173812327,,32.741411087489794,163.707055437449,115.75836902790223,5.0,land,WAS,,
2362,Ankit,2024,https://doi.org/10.1016/j.envpol.2024.124629,,,o,,,,163.707055437449,film,2021-12-22,2021-12-29,76.723551,30.663574,,,,165.06,,,,0.0006366600004593188,,32.741411087489794,163.707055437449,115.75836902790223,5.0,land,WAS,,
2363,Ankit,2024,https://doi.org/10.1016/j.envpol.2024.124629,,,o,,,,163.707055437449,film,2021-12-29,2022-01-05,76.723551,30.663574,,,,171.54,,,,0.0006616542861916367,,32.741411087489794,163.707055437449,115.75836902790223,5.0,land,WAS,,
2364,Ankit,2024,https://doi.org/10.1016/j.envpol.2024.124629,,,o,,,,163.707055437449,film,2022-01-05,2022-01-12,76.723551,30.663574,,,,140.76,,,,0.0005429314289631268,,32.741411087489794,163.707055437449,115.75836902790223,5.0,land,WAS,,
2365,Ankit,2024,https://doi.org/10.1016/j.envpol.2024.124629,,,o,,,,163.707055437449,film,2022-01-12,2022-01-19,76.723551,30.663574,,,,121.5,,,,0.0004686428574809599,,32.741411087489794,163.707055437449,115.75836902790223,5.0,land,WAS,,
2366,Ankit,2024,https://doi.org/10.1016/j.envpol.2024.124629,,,o,,,,163.707055437449,film,2022-01-19,2022-01-26,76.723551,30.663574,,,,53.82,,,,0.00020759142872119556,,32.741411087489794,163.707055437449,115.75836902790223,5.0,land,WAS,,
2367,Ankit,2024,https://doi.org/10.1016/j.envpol.2024.124629,,,o,,,,163.707055437449,film,2022-01-26,2022-02-02,76.723551,30.663574,,,,29.52,,,,0.00011386285722500359,,32.741411087489794,163.707055437449,115.75836902790223,5.0,land,WAS,,
2368,Ankit,2024,https://doi.org/10.1016/j.envpol.2024.124629,,,o,,,,163.707055437449,film,2022-02-02,2022-02-09,76.723551,30.663574,,,,39.6,,,,0.0001527428572530536,,32.741411087489794,163.707055437449,115.75836902790223,5.0,land,WAS,,
2369,Ankit,2024,https://doi.org/10.1016/j.envpol.2024.124629,,,o,,,,163.707055437449,film,2022-02-09,2022-02-16,76.723551,30.663574,,,,51.12,,,,0.00019717714299939644,,32.741411087489794,163.707055437449,115.75836902790223,5.0,land,WAS,,
2370,Ankit,2024,https://doi.org/10.1016/j.envpol.2024.124629,,,o,,,,163.707055437449,film,2022-02-16,2022-02-23,76.723551,30.663574,,,,80.64,,,,0.00031104000022440004,,32.741411087489794,163.707055437449,115.75836902790223,5.0,land,WAS,,
2371,Ankit,2024,https://doi.org/10.1016/j.envpol.2024.124629,,,o,,81.8535277187245,,163.707055437449,fragment,2021-10-20,2021-10-27,76.728094,30.662987,,,,16.6344399,,,,0.017195258171891242,,2.0,,,,land,WAS,,
2372,Ankit,2024,https://doi.org/10.1016/j.envpol.2024.124629,,,o,,81.8535277187245,,163.707055437449,fragment,2021-10-27,2021-11-03,76.728094,30.662987,,,,10.2365784,,,,0.010581697336548459,,2.0,,,,land,WAS,,
2373,Ankit,2024,https://doi.org/10.1016/j.envpol.2024.124629,,,o,,81.8535277187245,,163.707055437449,fragment,2021-11-03,2021-11-10,76.728094,30.662987,,,,193.21541729999998,,,,0.19972953722735212,,2.0,,,,land,WAS,,
2374,Ankit,2024,https://doi.org/10.1016/j.envpol.2024.124629,,,o,,81.8535277187245,,163.707055437449,fragment,2021-11-10,2021-11-17,76.728094,30.662987,,,,46.70438895,,,,0.04827899409800234,,2.0,,,,land,WAS,,
2375,Ankit,2024,https://doi.org/10.1016/j.envpol.2024.124629,,,o,,81.8535277187245,,163.707055437449,fragment,2021-11-17,2021-11-24,76.728094,30.662987,,,,93.4087779,,,,0.09655798819600468,,2.0,,,,land,WAS,,
2376,Ankit,2024,https://doi.org/10.1016/j.envpol.2024.124629,,,o,,81.8535277187245,,163.707055437449,fragment,2021-11-24,2021-12-01,76.728094,30.662987,,,,57.5807535,,,,0.05952204751808507,,2.0,,,,land,WAS,,
2377,Ankit,2024,https://doi.org/10.1016/j.envpol.2024.124629,,,o,,81.8535277187245,,163.707055437449,fragment,2021-12-01,2021-12-08,76.728094,30.662987,,,,81.8926272,,,,0.08465357869238767,,2.0,,,,land,WAS,,
2378,Ankit,2024,https://doi.org/10.1016/j.envpol.2024.124629,,,o,,81.8535277187245,,163.707055437449,fragment,2021-12-08,2021-12-15,76.728094,30.662987,,,,60.77968425,,,,0.06282882793575646,,2.0,,,,land,WAS,,
2379,Ankit,2024,https://doi.org/10.1016/j.envpol.2024.124629,,,o,,81.8535277187245,,163.707055437449,fragment,2021-12-15,2021-12-22,76.728094,30.662987,,,,91.48941945,,,,0.09457391994540183,,2.0,,,,land,WAS,,
2380,Ankit,2024,https://doi.org/10.1016/j.envpol.2024.124629,,,o,,81.8535277187245,,163.707055437449,fragment,2021-12-22,2021-12-29,76.728094,30.662987,,,,106.84428704999999,,,,0.11044646595022452,,2.0,,,,land,WAS,,
2381,Ankit,2024,https://doi.org/10.1016/j.envpol.2024.124629,,,o,,81.8535277187245,,163.707055437449,fragment,2021-12-29,2022-01-05,76.728094,30.662987,,,,141.39273915,,,,0.14615969446107557,,2.0,,,,land,WAS,,
2382,Ankit,2024,https://doi.org/10.1016/j.envpol.2024.124629,,,o,,81.8535277187245,,163.707055437449,fragment,2022-01-05,2022-01-12,76.728094,30.662987,,,,150.9895314,,,,0.15608003571408974,,2.0,,,,land,WAS,,
2383,Ankit,2024,https://doi.org/10.1016/j.envpol.2024.124629,,,o,,81.8535277187245,,163.707055437449,fragment,2022-01-12,2022-01-19,76.728094,30.662987,,,,116.4410793,,,,0.1203668072032387,,2.0,,,,land,WAS,,
2384,Ankit,2024,https://doi.org/10.1016/j.envpol.2024.124629,,,o,,81.8535277187245,,163.707055437449,fragment,2022-01-19,2022-01-26,76.728094,30.662987,,,,80.6130549,,,,0.0833308665253191,,2.0,,,,land,WAS,,
2385,Ankit,2024,https://doi.org/10.1016/j.envpol.2024.124629,,,o,,81.8535277187245,,163.707055437449,fragment,2022-01-26,2022-02-02,76.728094,30.662987,,,,51.182891999999995,,,,0.052908486682742284,,2.0,,,,land,WAS,,
2386,Ankit,2024,https://doi.org/10.1016/j.envpol.2024.124629,,,o,,81.8535277187245,,163.707055437449,fragment,2022-02-02,2022-02-09,76.728094,30.662987,,,,34.5484521,,,,0.03571322851085104,,2.0,,,,land,WAS,,
2387,Ankit,2024,https://doi.org/10.1016/j.envpol.2024.124629,,,o,,81.8535277187245,,163.707055437449,fragment,2022-02-09,2022-02-16,76.728094,30.662987,,,,50.543105849999996,,,,0.052247130599208005,,2.0,,,,land,WAS,,
2388,Ankit,2024,https://doi.org/10.1016/j.envpol.2024.124629,,,o,,81.8535277187245,,163.707055437449,fragment,2022-02-16,2022-02-23,76.728094,30.662987,,,,58.22053965,,,,0.06018340360161935,,2.0,,,,land,WAS,,
2389,Ankit,2024,https://doi.org/10.1016/j.envpol.2024.124629,,,o,,81.8535277187245,,163.707055437449,fragment,2021-10-20,2021-10-27,76.732266,30.663899,,,,26.23123215,,,,0.02711559942490542,,2.0,,,,land,WAS,,
2390,Ankit,2024,https://doi.org/10.1016/j.envpol.2024.124629,,,o,,81.8535277187245,,163.707055437449,fragment,2021-10-27,2021-11-03,76.732266,30.663899,,,,18.55379835,,,,0.01917932642249408,,2.0,,,,land,WAS,,
2391,Ankit,2024,https://doi.org/10.1016/j.envpol.2024.124629,,,o,,81.8535277187245,,163.707055437449,fragment,2021-11-03,2021-11-10,76.732266,30.663899,,,,173.38204664999998,,,,0.17922749863778947,,2.0,,,,land,WAS,,
2392,Ankit,2024,https://doi.org/10.1016/j.envpol.2024.124629,,,o,,81.8535277187245,,163.707055437449,fragment,2021-11-10,2021-11-17,76.732266,30.663899,,,,42.86567205,,,,0.04431085759679666,,2.0,,,,land,WAS,,
2393,Ankit,2024,https://doi.org/10.1016/j.envpol.2024.124629,,,o,,81.8535277187245,,163.707055437449,fragment,2021-11-17,2021-11-24,76.732266,30.663899,,,,81.25284105,,,,0.08399222260885338,,2.0,,,,land,WAS,,
2394,Ankit,2024,https://doi.org/10.1016/j.envpol.2024.124629,,,o,,81.8535277187245,,163.707055437449,fragment,2021-11-24,2021-12-01,76.732266,30.663899,,,,72.9356211,,,,0.07539459352290777,,2.0,,,,land,WAS,,
2395,Ankit,2024,https://doi.org/10.1016/j.envpol.2024.124629,,,o,,81.8535277187245,,163.707055437449,fragment,2021-12-01,2021-12-08,76.732266,30.663899,,,,87.65070255,,,,0.09060578344419618,,2.0,,,,land,WAS,,
2396,Ankit,2024,https://doi.org/10.1016/j.envpol.2024.124629,,,o,,81.8535277187245,,163.707055437449,fragment,2021-12-08,2021-12-15,76.732266,30.663899,,,,97.88728095,,,,0.10118748078074463,,2.0,,,,land,WAS,,
2397,Ankit,2024,https://doi.org/10.1016/j.envpol.2024.124629,,,o,,81.8535277187245,,163.707055437449,fragment,2021-12-15,2021-12-22,76.732266,30.663899,,,,113.8819347,,,,0.1177213828691016,,2.0,,,,land,WAS,,
2398,Ankit,2024,https://doi.org/10.1016/j.envpol.2024.124629,,,o,,81.8535277187245,,163.707055437449,fragment,2021-12-22,2021-12-29,76.732266,30.663899,,,,88.93027485,,,,0.09192849561126473,,2.0,,,,land,WAS,,
2399,Ankit,2024,https://doi.org/10.1016/j.envpol.2024.124629,,,o,,81.8535277187245,,163.707055437449,fragment,2021-12-29,2022-01-05,76.732266,30.663899,,,,104.28514245000001,,,,0.10780104161608742,,2.0,,,,land,WAS,,
2400,Ankit,2024,https://doi.org/10.1016/j.envpol.2024.124629,,,o,,81.8535277187245,,163.707055437449,fragment,2022-01-05,2022-01-12,76.732266,30.663899,,,,86.37113025000001,,,,0.08928307127712762,,2.0,,,,land,WAS,,
2401,Ankit,2024,https://doi.org/10.1016/j.envpol.2024.124629,,,o,,81.8535277187245,,163.707055437449,fragment,2022-01-12,2022-01-19,76.732266,30.663899,,,,92.1292056,,,,0.09523527602893612,,2.0,,,,land,WAS,,
2402,Ankit,2024,https://doi.org/10.1016/j.envpol.2024.124629,,,o,,81.8535277187245,,163.707055437449,fragment,2022-01-19,2022-01-26,76.732266,30.663899,,,,52.4624643,,,,0.05423119884981084,,2.0,,,,land,WAS,,
2403,Ankit,2024,https://doi.org/10.1016/j.envpol.2024.124629,,,o,,81.8535277187245,,163.707055437449,fragment,2022-01-26,2022-02-02,76.732266,30.663899,,,,7.6774338,,,,0.007936273002411343,,2.0,,,,land,WAS,,
2404,Ankit,2024,https://doi.org/10.1016/j.envpol.2024.124629,,,o,,81.8535277187245,,163.707055437449,fragment,2022-02-02,2022-02-09,76.732266,30.663899,,,,53.10225044999999,,,,0.05489255493334511,,2.0,,,,land,WAS,,
2405,Ankit,2024,https://doi.org/10.1016/j.envpol.2024.124629,,,o,,81.8535277187245,,163.707055437449,fragment,2022-02-09,2022-02-16,76.732266,30.663899,,,,39.02695515,,,,0.04034272109559099,,2.0,,,,land,WAS,,
2406,Ankit,2024,https://doi.org/10.1016/j.envpol.2024.124629,,,o,,81.8535277187245,,163.707055437449,fragment,2022-02-16,2022-02-23,76.732266,30.663899,,,,49.903319700000004,,,,0.051585774515673734,,2.0,,,,land,WAS,,
2407,Ankit,2024,https://doi.org/10.1016/j.envpol.2024.124629,,,o,,81.8535277187245,,163.707055437449,fragment,2021-10-20,2021-10-27,76.723551,30.663574,,,,7.037647649999999,,,,0.007274916918877064,,2.0,,,,land,WAS,,
2408,Ankit,2024,https://doi.org/10.1016/j.envpol.2024.124629,,,o,,81.8535277187245,,163.707055437449,fragment,2021-10-27,2021-11-03,76.723551,30.663574,,,,12.795722999999999,,,,0.013227121670685571,,2.0,,,,land,WAS,,
2409,Ankit,2024,https://doi.org/10.1016/j.envpol.2024.124629,,,o,,81.8535277187245,,163.707055437449,fragment,2021-11-03,2021-11-10,76.723551,30.663574,,,,114.52172085,,,,0.11838273895263586,,2.0,,,,land,WAS,,
2410,Ankit,2024,https://doi.org/10.1016/j.envpol.2024.124629,,,o,,81.8535277187245,,163.707055437449,fragment,2021-11-10,2021-11-17,76.723551,30.663574,,,,32.629093649999994,,,,0.0337291602602482,,2.0,,,,land,WAS,,
2411,Ankit,2024,https://doi.org/10.1016/j.envpol.2024.124629,,,o,,81.8535277187245,,163.707055437449,fragment,2021-11-17,2021-11-24,76.723551,30.663574,,,,78.0539103,,,,0.08068544219118198,,2.0,,,,land,WAS,,
2412,Ankit,2024,https://doi.org/10.1016/j.envpol.2024.124629,,,o,,81.8535277187245,,163.707055437449,fragment,2021-11-24,2021-12-01,76.723551,30.663574,,,,53.10225044999999,,,,0.05489255493334511,,2.0,,,,land,WAS,,
2413,Ankit,2024,https://doi.org/10.1016/j.envpol.2024.124629,,,o,,81.8535277187245,,163.707055437449,fragment,2021-12-01,2021-12-08,76.723551,30.663574,,,,68.45711804999999,,,,0.0707651009381678,,2.0,,,,land,WAS,,
2414,Ankit,2024,https://doi.org/10.1016/j.envpol.2024.124629,,,o,,81.8535277187245,,163.707055437449,fragment,2021-12-08,2021-12-15,76.723551,30.663574,,,,74.2151934,,,,0.07671730568997633,,2.0,,,,land,WAS,,
2415,Ankit,2024,https://doi.org/10.1016/j.envpol.2024.124629,,,o,,81.8535277187245,,163.707055437449,fragment,2021-12-15,2021-12-22,76.723551,30.663574,,,,55.66139505,,,,0.05753797926748224,,2.0,,,,land,WAS,,
2416,Ankit,2024,https://doi.org/10.1016/j.envpol.2024.124629,,,o,,81.8535277187245,,163.707055437449,fragment,2021-12-22,2021-12-29,76.723551,30.663574,,,,82.53241335,,,,0.08531493477592193,,2.0,,,,land,WAS,,
2417,Ankit,2024,https://doi.org/10.1016/j.envpol.2024.124629,,,o,,81.8535277187245,,163.707055437449,fragment,2021-12-29,2022-01-05,76.723551,30.663574,,,,85.7313441,,,,0.08862171519359333,,2.0,,,,land,WAS,,
2418,Ankit,2024,https://doi.org/10.1016/j.envpol.2024.124629,,,o,,81.8535277187245,,163.707055437449,fragment,2022-01-05,2022-01-12,76.723551,30.663574,,,,70.3764765,,,,0.07274916918877064,,2.0,,,,land,WAS,,
2419,Ankit,2024,https://doi.org/10.1016/j.envpol.2024.124629,,,o,,81.8535277187245,,163.707055437449,fragment,2022-01-12,2022-01-19,76.723551,30.663574,,,,60.77968425,,,,0.06282882793575646,,2.0,,,,land,WAS,,
2420,Ankit,2024,https://doi.org/10.1016/j.envpol.2024.124629,,,o,,81.8535277187245,,163.707055437449,fragment,2022-01-19,2022-01-26,76.723551,30.663574,,,,26.8710183,,,,0.0277769555084397,,2.0,,,,land,WAS,,
2421,Ankit,2024,https://doi.org/10.1016/j.envpol.2024.124629,,,o,,81.8535277187245,,163.707055437449,fragment,2022-01-26,2022-02-02,76.723551,30.663574,,,,14.715081450000001,,,,0.015211189921288408,,2.0,,,,land,WAS,,
2422,Ankit,2024,https://doi.org/10.1016/j.envpol.2024.124629,,,o,,81.8535277187245,,163.707055437449,fragment,2022-02-02,2022-02-09,76.723551,30.663574,,,,19.83337065,,,,0.020502038589562635,,2.0,,,,land,WAS,,
2423,Ankit,2024,https://doi.org/10.1016/j.envpol.2024.124629,,,o,,81.8535277187245,,163.707055437449,fragment,2022-02-09,2022-02-16,76.723551,30.663574,,,,25.591445999999998,,,,0.026454243341371142,,2.0,,,,land,WAS,,
2424,Ankit,2024,https://doi.org/10.1016/j.envpol.2024.124629,,,o,,81.8535277187245,,163.707055437449,fragment,2022-02-16,2022-02-23,76.723551,30.663574,,,,40.30652745,,,,0.04166543326265955,,2.0,,,,land,WAS,,
2425,Chen,2024,https://doi.org/10.1016/j.envpol.2024.124192,,,o,,14.14,,524.7,fiber,2021-07-04,2021-09-25,104.06666666666666,30.616666666666667,,,,179.452,,,,0.017742569080211667,,37.10749646393211,,,,land,EAS,,
2426,Chen,2024,https://doi.org/10.1016/j.envpol.2024.124192,,,o,,14.14,,495.9,fiber,2021-07-04,2021-09-25,103.98333333333333,30.55,,,,146.6762,,,,0.01370600531752817,,35.07072135785007,,,,land,EAS,,
2427,Chen,2024,https://doi.org/10.1016/j.envpol.2024.124192,,,o,,14.14,,425.4,fiber,2021-07-04,2021-09-25,103.95,30.766666666666666,,,,133.4628,,,,0.010698302046128169,,30.084865629420083,,,,land,EAS,,
2428,Chen,2024,https://doi.org/10.1016/j.envpol.2024.124192,,,o,,14.14,,432.9,fiber,2021-07-04,2021-09-25,103.85,30.7,,,,116.59729999999999,,,,0.009511154079583917,,30.61527581329561,,,,land,EAS,,
2429,Chen,2024,https://doi.org/10.1016/j.envpol.2024.124192,,,o,,14.14,,427.5,fiber,2021-07-04,2021-09-25,104.41666666666667,30.9,,,,113.4145,,,,0.009136120925365549,,30.233380480905232,,,,land,EAS,,
2430,Chen,2024,https://doi.org/10.1016/j.envpol.2024.124192,,,o,,,,67.8,sphere,2021-07-04,2021-09-25,104.06666666666666,30.616666666666667,,,,184.548,,,,0.03613917989772128,,,,,,land,EAS,,
2431,Chen,2024,https://doi.org/10.1016/j.envpol.2024.124192,,,o,,,,59.8,sphere,2021-07-04,2021-09-25,103.98333333333333,30.55,,,,119.52379999999998,,,,0.01605971420718705,,,,,,land,EAS,,
2432,Chen,2024,https://doi.org/10.1016/j.envpol.2024.124192,,,o,,,,56.4,sphere,2021-07-04,2021-09-25,103.95,30.766666666666666,,,,121.23719999999999,,,,0.013666366962160918,,,,,,land,EAS,,
2433,Chen,2024,https://doi.org/10.1016/j.envpol.2024.124192,,,o,,,,60.0,sphere,2021-07-04,2021-09-25,103.85,30.7,,,,90.5027,,,,0.01228273707384177,,,,,,land,EAS,,
2434,Chen,2024,https://doi.org/10.1016/j.envpol.2024.124192,,,o,,,,58.7,sphere,2021-07-04,2021-09-25,104.41666666666667,30.9,,,,94.68549999999999,,,,0.012033103410428564,,,,,,land,EAS,,
2435,Nafea,2024,https://doi.org/10.1016/j.envpol.2024.125567,,,,o,30.0125,,1200.5,fiber,2023-04-20,2023-04-21,121.56,29.8,,,,,0.23556,,,,0.0002400636334090251,40.0,,,,land,EAS,,
2436,Nafea,2024,https://doi.org/10.1016/j.envpol.2024.125567,,,,o,30.0125,,1200.5,fiber,2023-04-26,2023-04-27,121.56,29.8,,,,,0.08814000000000001,,,,8.982513435503258e-05,40.0,,,,land,EAS,,
2437,Nafea,2024,https://doi.org/10.1016/j.envpol.2024.125567,,,,o,30.0125,,1200.5,fiber,2023-05-17,2023-05-18,121.56,29.8,,,,,0.10218,,,,0.0001041335628363652,40.0,,,,land,EAS,,
2438,Nafea,2024,https://doi.org/10.1016/j.envpol.2024.125567,,,,o,30.0125,,1200.5,fiber,2023-05-23,2023-05-24,121.56,29.8,,,,,0.16068,,,,0.0001637520148419178,40.0,,,,land,EAS,,
2439,Nafea,2024,https://doi.org/10.1016/j.envpol.2024.125567,,,,o,30.0125,,1200.5,fiber,2023-05-29,2023-05-30,121.56,29.8,,,,,0.058499999999999996,,,,5.961845200555259e-05,40.0,,,,land,EAS,,
2440,Nafea,2024,https://doi.org/10.1016/j.envpol.2024.125567,,,,o,30.0125,,1200.5,fiber,2023-06-04,2023-06-05,121.56,29.8,,,,,0.08736000000000001,,,,8.903022166162522e-05,40.0,,,,land,EAS,,
2441,Nafea,2024,https://doi.org/10.1016/j.envpol.2024.125567,,,,o,30.0125,,1200.5,fiber,2023-06-10,2023-06-11,121.56,29.8,,,,,0.10218,,,,0.0001041335628363652,40.0,,,,land,EAS,,
2442,Nafea,2024,https://doi.org/10.1016/j.envpol.2024.125567,,,,o,30.0125,,1200.5,fiber,2023-06-16,2023-06-17,121.56,29.8,,,,,0.17472000000000001,,,,0.00017806044332325044,40.0,,,,land,EAS,,
2443,Nafea,2024,https://doi.org/10.1016/j.envpol.2024.125567,,,,o,30.0125,,1200.5,fiber,2023-06-21,2023-06-22,121.56,29.8,,,,,0.058499999999999996,,,,5.961845200555259e-05,40.0,,,,land,EAS,,
2444,Nafea,2024,https://doi.org/10.1016/j.envpol.2024.125567,,,,o,30.0125,,1200.5,fiber,2023-06-27,2023-06-28,121.56,29.8,,,,,0.14586000000000002,,,,0.00014864867366717782,40.0,,,,land,EAS,,
2445,Nafea,2024,https://doi.org/10.1016/j.envpol.2024.125567,,,,o,30.0125,,1200.5,fiber,2023-07-03,2023-07-04,121.56,29.8,,,,,0.11699999999999999,,,,0.00011923690401110519,40.0,,,,land,EAS,,
2446,Nafea,2024,https://doi.org/10.1016/j.envpol.2024.125567,,,,o,30.0125,,1200.5,fiber,2023-07-09,2023-07-10,121.56,29.8,,,,,0.07332,,,,7.472179318029258e-05,40.0,,,,land,EAS,,
2447,Nafea,2024,https://doi.org/10.1016/j.envpol.2024.125567,,,,o,30.0125,,1200.5,fiber,2023-07-27,2023-07-28,121.56,29.8,,,,,0.043680000000000004,,,,4.451511083081261e-05,40.0,,,,land,EAS,,
2448,Nafea,2024,https://doi.org/10.1016/j.envpol.2024.125567,,,,o,30.0125,,1200.5,fiber,2023-08-03,2023-08-04,121.56,29.8,,,,,0.058499999999999996,,,,5.961845200555259e-05,40.0,,,,land,EAS,,
2449,Nafea,2024,https://doi.org/10.1016/j.envpol.2024.125567,,,,o,30.0125,,1200.5,fiber,2023-08-09,2023-08-10,121.56,29.8,,,,,0.07332,,,,7.472179318029258e-05,40.0,,,,land,EAS,,
2450,Nafea,2024,https://doi.org/10.1016/j.envpol.2024.125567,,,,o,30.0125,,1200.5,fiber,2023-08-15,2023-08-16,121.56,29.8,,,,,0.18954000000000001,,,,0.0001931637844979904,40.0,,,,land,EAS,,
2451,Nafea,2024,https://doi.org/10.1016/j.envpol.2024.125567,,,,o,30.0125,,1200.5,fiber,2023-08-21,2023-08-22,121.56,29.8,,,,,0.08736000000000001,,,,8.903022166162522e-05,40.0,,,,land,EAS,,
2452,Nafea,2024,https://doi.org/10.1016/j.envpol.2024.125567,,,,o,30.0125,,1200.5,fiber,2023-09-08,2023-09-09,121.56,29.8,,,,,0.11699999999999999,,,,0.00011923690401110519,40.0,,,,land,EAS,,
2453,Nafea,2024,https://doi.org/10.1016/j.envpol.2024.125567,,,,o,30.0125,,1200.5,fiber,2023-09-14,2023-09-15,121.56,29.8,,,,,0.043680000000000004,,,,4.451511083081261e-05,40.0,,,,land,EAS,,
2454,Nafea,2024,https://doi.org/10.1016/j.envpol.2024.125567,,,,o,30.0125,,1200.5,fiber,2023-09-20,2023-09-21,121.56,29.8,,,,,0.08736000000000001,,,,8.903022166162522e-05,40.0,,,,land,EAS,,
2455,Nafea,2024,https://doi.org/10.1016/j.envpol.2024.125567,,,,o,30.0125,,1200.5,fiber,2024-09-23,2024-09-24,121.56,29.8,,,,,0.08736000000000001,,,,8.903022166162522e-05,40.0,,,,land,EAS,,
2456,Nafea,2024,https://doi.org/10.1016/j.envpol.2024.125567,,,,o,30.0125,,1200.5,fiber,2024-09-29,2024-09-30,121.56,29.8,,,,,0.07332,,,,7.472179318029258e-05,40.0,,,,land,EAS,,
2457,Nafea,2024,https://doi.org/10.1016/j.envpol.2024.125567,,,,o,30.0125,,1200.5,fiber,2024-10-05,2024-10-06,121.56,29.8,,,,,0.10218,,,,0.0001041335628363652,40.0,,,,land,EAS,,
2458,Nafea,2024,https://doi.org/10.1016/j.envpol.2024.125567,,,,o,30.0125,,1200.5,fiber,2024-10-11,2024-10-12,121.56,29.8,,,,,0.11699999999999999,,,,0.00011923690401110519,40.0,,,,land,EAS,,
2459,Nafea,2024,https://doi.org/10.1016/j.envpol.2024.125567,,,,o,30.0125,,1200.5,fiber,2024-10-17,2024-10-18,121.56,29.8,,,,,0.16068,,,,0.0001637520148419178,40.0,,,,land,EAS,,
2460,Nafea,2024,https://doi.org/10.1016/j.envpol.2024.125567,,,,o,30.0125,,1200.5,fiber,2024-10-23,2024-10-24,121.56,29.8,,,,,0.10218,,,,0.0001041335628363652,40.0,,,,land,EAS,,
2461,Nafea,2024,https://doi.org/10.1016/j.envpol.2024.125567,,,,o,30.0125,,1200.5,fiber,2024-10-29,2024-10-30,121.56,29.8,,,,,0.07332,,,,7.472179318029258e-05,40.0,,,,land,EAS,,
2462,Nafea,2024,https://doi.org/10.1016/j.envpol.2024.125567,,,,o,30.0125,,1200.5,fiber,2024-11-04,2024-11-05,121.56,29.8,,,,,0.13104000000000002,,,,0.00013354533249243782,40.0,,,,land,EAS,,
2463,Nafea,2024,https://doi.org/10.1016/j.envpol.2024.125567,,,,o,30.0125,,1200.5,fiber,2024-11-10,2024-11-11,121.56,29.8,,,,,0.17472000000000001,,,,0.00017806044332325044,40.0,,,,land,EAS,,
2464,Nafea,2024,https://doi.org/10.1016/j.envpol.2024.125567,,,,o,30.0125,,1200.5,fiber,2024-11-16,2024-11-17,121.56,29.8,,,,,0.10218,,,,0.0001041335628363652,40.0,,,,land,EAS,,
2465,Nafea,2024,https://doi.org/10.1016/j.envpol.2024.125567,,,,o,30.0125,,1200.5,fiber,2024-11-28,2024-11-29,121.56,29.8,,,,,0.08736000000000001,,,,8.903022166162522e-05,40.0,,,,land,EAS,,
2466,Nafea,2024,https://doi.org/10.1016/j.envpol.2024.125567,,,,o,30.0125,,1200.5,fiber,2024-12-04,2024-12-05,121.56,29.8,,,,,0.14586000000000002,,,,0.00014864867366717782,40.0,,,,land,EAS,,
2467,Nafea,2024,https://doi.org/10.1016/j.envpol.2024.125567,,,,o,30.0125,,1200.5,fiber,2024-12-16,2024-12-17,121.56,29.8,,,,,0.14586000000000002,,,,0.00014864867366717782,40.0,,,,land,EAS,,
2468,Nafea,2024,https://doi.org/10.1016/j.envpol.2024.125567,,,,o,30.0125,,1200.5,fiber,2024-12-22,2024-12-23,121.56,29.8,,,,,0.043680000000000004,,,,4.451511083081261e-05,40.0,,,,land,EAS,,
2469,Nafea,2024,https://doi.org/10.1016/j.envpol.2024.125567,,,,o,30.0125,,1200.5,fiber,2024-01-02,2024-01-03,121.56,29.8,,,,,0.23322,,,,0.00023767889532880302,40.0,,,,land,EAS,,
2470,Nafea,2024,https://doi.org/10.1016/j.envpol.2024.125567,,,,o,30.0125,,1200.5,fiber,2024-01-08,2024-01-09,121.56,29.8,,,,,0.20436,,,,0.0002082671256727304,40.0,,,,land,EAS,,
2471,Nafea,2024,https://doi.org/10.1016/j.envpol.2024.125567,,,,o,30.0125,,1200.5,fiber,2024-01-14,2024-01-15,121.56,29.8,,,,,0.18954000000000001,,,,0.0001931637844979904,40.0,,,,land,EAS,,
2472,Nafea,2024,https://doi.org/10.1016/j.envpol.2024.125567,,,,o,30.0125,,1200.5,fiber,2024-01-20,2024-01-21,121.56,29.8,,,,,0.20436,,,,0.0002082671256727304,40.0,,,,land,EAS,,
2473,Nafea,2024,https://doi.org/10.1016/j.envpol.2024.125567,,,,o,30.0125,,1200.5,fiber,2024-01-26,2024-01-27,121.56,29.8,,,,,0.17472000000000001,,,,0.00017806044332325044,40.0,,,,land,EAS,,
2474,Nafea,2024,https://doi.org/10.1016/j.envpol.2024.125567,,,,o,30.0125,,1200.5,fiber,2024-02-01,2024-02-02,121.56,29.8,,,,,0.20436,,,,0.0002082671256727304,40.0,,,,land,EAS,,
2475,Nafea,2024,https://doi.org/10.1016/j.envpol.2024.125567,,,,o,30.0125,,1200.5,fiber,2024-02-07,2024-02-08,121.56,29.8,,,,,0.30654000000000003,,,,0.0003124006885090956,40.0,,,,land,EAS,,
2476,Nafea,2024,https://doi.org/10.1016/j.envpol.2024.125567,,,,o,30.0125,,1200.5,fiber,2024-02-13,2024-02-14,121.56,29.8,,,,,0.33540000000000003,,,,0.0003418124581651682,40.0,,,,land,EAS,,
2477,Nafea,2024,https://doi.org/10.1016/j.envpol.2024.125567,,,,o,30.0125,,1200.5,fiber,2024-02-19,2024-02-20,121.56,29.8,,,,,0.16068,,,,0.0001637520148419178,40.0,,,,land,EAS,,
2478,Nafea,2024,https://doi.org/10.1016/j.envpol.2024.125567,,,,o,30.0125,,1200.5,fiber,2024-02-25,2024-02-26,121.56,29.8,,,,,0.17472000000000001,,,,0.00017806044332325044,40.0,,,,land,EAS,,
2479,Nafea,2024,https://doi.org/10.1016/j.envpol.2024.125567,,,,o,30.0125,,1200.5,fiber,2024-03-02,2024-03-03,121.56,29.8,,,,,0.20436,,,,0.0002082671256727304,40.0,,,,land,EAS,,
2480,Nafea,2024,https://doi.org/10.1016/j.envpol.2024.125567,,,,o,30.0125,,1200.5,fiber,2024-03-14,2024-03-15,121.56,29.8,,,,,0.14586000000000002,,,,0.00014864867366717782,40.0,,,,land,EAS,,
2481,Nafea,2024,https://doi.org/10.1016/j.envpol.2024.125567,,,,o,30.0125,,1200.5,fiber,2024-03-20,2024-03-21,121.56,29.8,,,,,0.14586000000000002,,,,0.00014864867366717782,40.0,,,,land,EAS,,
2482,Nafea,2024,https://doi.org/10.1016/j.envpol.2024.125567,,,,o,28.5375,,1141.5,fiber,2023-04-20,2023-04-21,121.89,29.75,,,,,0.062049999999999994,,,,5.436355757723084e-05,40.0,,,,coastal,EAS,,
2483,Nafea,2024,https://doi.org/10.1016/j.envpol.2024.125567,,,,o,28.5375,,1141.5,fiber,2023-04-26,2023-04-27,121.89,29.75,,,,,0.04334999999999999,,,,3.798001967724346e-05,40.0,,,,coastal,EAS,,
2484,Nafea,2024,https://doi.org/10.1016/j.envpol.2024.125567,,,,o,28.5375,,1141.5,fiber,2023-05-17,2023-05-18,121.89,29.75,,,,,0.03825,,,,3.3511782068156e-05,40.0,,,,coastal,EAS,,
2485,Nafea,2024,https://doi.org/10.1016/j.envpol.2024.125567,,,,o,28.5375,,1141.5,fiber,2023-05-23,2023-05-24,121.89,29.75,,,,,0.0714,,,,6.255532652722454e-05,40.0,,,,coastal,EAS,,
2486,Nafea,2024,https://doi.org/10.1016/j.envpol.2024.125567,,,,o,28.5375,,1141.5,fiber,2023-05-29,2023-05-30,121.89,29.75,,,,,0.018699999999999998,,,,1.6383537899987378e-05,40.0,,,,coastal,EAS,,
2487,Nafea,2024,https://doi.org/10.1016/j.envpol.2024.125567,,,,o,28.5375,,1141.5,fiber,2023-06-04,2023-06-05,121.89,29.75,,,,,0.03315,,,,2.9043544459068535e-05,40.0,,,,coastal,EAS,,
2488,Nafea,2024,https://doi.org/10.1016/j.envpol.2024.125567,,,,o,28.5375,,1141.5,fiber,2023-06-10,2023-06-11,121.89,29.75,,,,,0.04334999999999999,,,,3.798001967724346e-05,40.0,,,,coastal,EAS,,
2489,Nafea,2024,https://doi.org/10.1016/j.envpol.2024.125567,,,,o,28.5375,,1141.5,fiber,2023-06-16,2023-06-17,121.89,29.75,,,,,0.08075,,,,7.074709547721823e-05,40.0,,,,coastal,EAS,,
2490,Nafea,2024,https://doi.org/10.1016/j.envpol.2024.125567,,,,o,28.5375,,1141.5,fiber,2023-06-21,2023-06-22,121.89,29.75,,,,,0.018699999999999998,,,,1.6383537899987378e-05,40.0,,,,coastal,EAS,,
2491,Nafea,2024,https://doi.org/10.1016/j.envpol.2024.125567,,,,o,28.5375,,1141.5,fiber,2023-06-27,2023-06-28,121.89,29.75,,,,,0.04334999999999999,,,,3.798001967724346e-05,40.0,,,,coastal,EAS,,
2492,Nafea,2024,https://doi.org/10.1016/j.envpol.2024.125567,,,,o,28.5375,,1141.5,fiber,2023-07-03,2023-07-04,121.89,29.75,,,,,0.03315,,,,2.9043544459068535e-05,40.0,,,,coastal,EAS,,
2493,Nafea,2024,https://doi.org/10.1016/j.envpol.2024.125567,,,,o,28.5375,,1141.5,fiber,2023-07-09,2023-07-10,121.89,29.75,,,,,0.023799999999999998,,,,2.0851775509074846e-05,40.0,,,,coastal,EAS,,
2494,Nafea,2024,https://doi.org/10.1016/j.envpol.2024.125567,,,,o,28.5375,,1141.5,fiber,2023-07-27,2023-07-28,121.89,29.75,,,,,0.014450000000000001,,,,1.2660006559081158e-05,40.0,,,,coastal,EAS,,
2495,Nafea,2024,https://doi.org/10.1016/j.envpol.2024.125567,,,,o,28.5375,,1141.5,fiber,2023-08-03,2023-08-04,121.89,29.75,,,,,0.014450000000000001,,,,1.2660006559081158e-05,40.0,,,,coastal,EAS,,
2496,Nafea,2024,https://doi.org/10.1016/j.envpol.2024.125567,,,,o,28.5375,,1141.5,fiber,2023-08-09,2023-08-10,121.89,29.75,,,,,0.0714,,,,6.255532652722454e-05,40.0,,,,coastal,EAS,,
2497,Nafea,2024,https://doi.org/10.1016/j.envpol.2024.125567,,,,o,28.5375,,1141.5,fiber,2023-08-15,2023-08-16,121.89,29.75,,,,,0.04334999999999999,,,,3.798001967724346e-05,40.0,,,,coastal,EAS,,
2498,Nafea,2024,https://doi.org/10.1016/j.envpol.2024.125567,,,,o,28.5375,,1141.5,fiber,2023-08-21,2023-08-22,121.89,29.75,,,,,0.014450000000000001,,,,1.2660006559081158e-05,40.0,,,,coastal,EAS,,
2499,Nafea,2024,https://doi.org/10.1016/j.envpol.2024.125567,,,,o,28.5375,,1141.5,fiber,2023-09-08,2023-09-09,121.89,29.75,,,,,0.03315,,,,2.9043544459068535e-05,40.0,,,,coastal,EAS,,
2500,Nafea,2024,https://doi.org/10.1016/j.envpol.2024.125567,,,,o,28.5375,,1141.5,fiber,2023-09-14,2023-09-15,121.89,29.75,,,,,0.014450000000000001,,,,1.2660006559081158e-05,40.0,,,,coastal,EAS,,
2501,Nafea,2024,https://doi.org/10.1016/j.envpol.2024.125567,,,,o,28.5375,,1141.5,fiber,2023-09-20,2023-09-21,121.89,29.75,,,,,0.028900000000000002,,,,2.5320013118162316e-05,40.0,,,,coastal,EAS,,
2502,Nafea,2024,https://doi.org/10.1016/j.envpol.2024.125567,,,,o,28.5375,,1141.5,fiber,2024-09-23,2024-09-24,121.89,29.75,,,,,0.06375,,,,5.585297011359334e-05,40.0,,,,coastal,EAS,,
2503,Nafea,2024,https://doi.org/10.1016/j.envpol.2024.125567,,,,o,28.5375,,1141.5,fiber,2024-09-29,2024-09-30,121.89,29.75,,,,,0.047599999999999996,,,,4.170355101814969e-05,40.0,,,,coastal,EAS,,
2504,Nafea,2024,https://doi.org/10.1016/j.envpol.2024.125567,,,,o,28.5375,,1141.5,fiber,2024-10-05,2024-10-06,121.89,29.75,,,,,0.09519999999999999,,,,8.340710203629938e-05,40.0,,,,coastal,EAS,,
2505,Nafea,2024,https://doi.org/10.1016/j.envpol.2024.125567,,,,o,28.5375,,1141.5,fiber,2024-10-11,2024-10-12,121.89,29.75,,,,,0.09519999999999999,,,,8.340710203629938e-05,40.0,,,,coastal,EAS,,
2506,Nafea,2024,https://doi.org/10.1016/j.envpol.2024.125567,,,,o,28.5375,,1141.5,fiber,2024-10-17,2024-10-18,121.89,29.75,,,,,0.1275,,,,0.00011170594022718668,40.0,,,,coastal,EAS,,
2507,Nafea,2024,https://doi.org/10.1016/j.envpol.2024.125567,,,,o,28.5375,,1141.5,fiber,2024-10-23,2024-10-24,121.89,29.75,,,,,0.11135,,,,9.755652113174304e-05,40.0,,,,coastal,EAS,,
2508,Nafea,2024,https://doi.org/10.1016/j.envpol.2024.125567,,,,o,28.5375,,1141.5,fiber,2024-10-29,2024-10-30,121.89,29.75,,,,,0.09519999999999999,,,,8.340710203629938e-05,40.0,,,,coastal,EAS,,
2509,Nafea,2024,https://doi.org/10.1016/j.envpol.2024.125567,,,,o,28.5375,,1141.5,fiber,2024-11-04,2024-11-05,121.89,29.75,,,,,0.11135,,,,9.755652113174304e-05,40.0,,,,coastal,EAS,,
2510,Nafea,2024,https://doi.org/10.1016/j.envpol.2024.125567,,,,o,28.5375,,1141.5,fiber,2024-11-10,2024-11-11,121.89,29.75,,,,,0.17509999999999998,,,,0.00015340949124533634,40.0,,,,coastal,EAS,,
2511,Nafea,2024,https://doi.org/10.1016/j.envpol.2024.125567,,,,o,28.5375,,1141.5,fiber,2024-11-16,2024-11-17,121.89,29.75,,,,,0.1275,,,,0.00011170594022718668,40.0,,,,coastal,EAS,,
2512,Nafea,2024,https://doi.org/10.1016/j.envpol.2024.125567,,,,o,28.5375,,1141.5,fiber,2024-11-28,2024-11-29,121.89,29.75,,,,,0.15895,,,,0.00013926007214989274,40.0,,,,coastal,EAS,,
2513,Nafea,2024,https://doi.org/10.1016/j.envpol.2024.125567,,,,o,28.5375,,1141.5,fiber,2024-12-04,2024-12-05,121.89,29.75,,,,,0.1428,,,,0.0001251106530544491,40.0,,,,coastal,EAS,,
2514,Nafea,2024,https://doi.org/10.1016/j.envpol.2024.125567,,,,o,28.5375,,1141.5,fiber,2024-12-16,2024-12-17,121.89,29.75,,,,,0.1275,,,,0.00011170594022718668,40.0,,,,coastal,EAS,,
2515,Nafea,2024,https://doi.org/10.1016/j.envpol.2024.125567,,,,o,28.5375,,1141.5,fiber,2024-12-22,2024-12-23,121.89,29.75,,,,,0.03145,,,,2.7554131922706047e-05,40.0,,,,coastal,EAS,,
2516,Nafea,2024,https://doi.org/10.1016/j.envpol.2024.125567,,,,o,28.5375,,1141.5,fiber,2024-01-02,2024-01-03,121.89,29.75,,,,,0.19039999999999999,,,,0.00016681420407259876,40.0,,,,coastal,EAS,,
2517,Nafea,2024,https://doi.org/10.1016/j.envpol.2024.125567,,,,o,28.5375,,1141.5,fiber,2024-01-08,2024-01-09,121.89,29.75,,,,,0.17509999999999998,,,,0.00015340949124533634,40.0,,,,coastal,EAS,,
2518,Nafea,2024,https://doi.org/10.1016/j.envpol.2024.125567,,,,o,28.5375,,1141.5,fiber,2024-01-14,2024-01-15,121.89,29.75,,,,,0.1428,,,,0.0001251106530544491,40.0,,,,coastal,EAS,,
2519,Nafea,2024,https://doi.org/10.1016/j.envpol.2024.125567,,,,o,28.5375,,1141.5,fiber,2024-01-20,2024-01-21,121.89,29.75,,,,,0.15895,,,,0.00013926007214989274,40.0,,,,coastal,EAS,,
2520,Nafea,2024,https://doi.org/10.1016/j.envpol.2024.125567,,,,o,28.5375,,1141.5,fiber,2024-01-26,2024-01-27,121.89,29.75,,,,,0.15895,,,,0.00013926007214989274,40.0,,,,coastal,EAS,,
2521,Nafea,2024,https://doi.org/10.1016/j.envpol.2024.125567,,,,o,28.5375,,1141.5,fiber,2024-02-01,2024-02-02,121.89,29.75,,,,,0.20654999999999998,,,,0.0001809636231680424,40.0,,,,coastal,EAS,,
2522,Nafea,2024,https://doi.org/10.1016/j.envpol.2024.125567,,,,o,28.5375,,1141.5,fiber,2024-02-07,2024-02-08,121.89,29.75,,,,,0.2703,,,,0.00023681659328163575,40.0,,,,coastal,EAS,,
2523,Nafea,2024,https://doi.org/10.1016/j.envpol.2024.125567,,,,o,28.5375,,1141.5,fiber,2024-02-13,2024-02-14,121.89,29.75,,,,,0.35019999999999996,,,,0.0003068189824906727,40.0,,,,coastal,EAS,,
2524,Nafea,2024,https://doi.org/10.1016/j.envpol.2024.125567,,,,o,28.5375,,1141.5,fiber,2024-02-19,2024-02-20,121.89,29.75,,,,,0.1275,,,,0.00011170594022718668,40.0,,,,coastal,EAS,,
2525,Nafea,2024,https://doi.org/10.1016/j.envpol.2024.125567,,,,o,28.5375,,1141.5,fiber,2024-02-25,2024-02-26,121.89,29.75,,,,,0.15895,,,,0.00013926007214989274,40.0,,,,coastal,EAS,,
2526,Nafea,2024,https://doi.org/10.1016/j.envpol.2024.125567,,,,o,28.5375,,1141.5,fiber,2024-03-02,2024-03-03,121.89,29.75,,,,,0.19039999999999999,,,,0.00016681420407259876,40.0,,,,coastal,EAS,,
2527,Nafea,2024,https://doi.org/10.1016/j.envpol.2024.125567,,,,o,28.5375,,1141.5,fiber,2024-03-14,2024-03-15,121.89,29.75,,,,,0.17509999999999998,,,,0.00015340949124533634,40.0,,,,coastal,EAS,,
2528,Nafea,2024,https://doi.org/10.1016/j.envpol.2024.125567,,,,o,28.5375,,1141.5,fiber,2024-03-20,2024-03-21,121.89,29.75,,,,,0.1428,,,,0.0001251106530544491,40.0,,,,coastal,EAS,,
2529,Nafea,2024,https://doi.org/10.1016/j.envpol.2024.125567,,,,o,600.25,,1200.5,fragment,2023-04-20,2023-04-21,121.56,29.8,,,,,0.06644,,,,0.027084102230761815,2.0,,,,land,EAS,,
2530,Nafea,2024,https://doi.org/10.1016/j.envpol.2024.125567,,,,o,600.25,,1200.5,fragment,2023-04-26,2023-04-27,121.56,29.8,,,,,0.02486,,,,0.010134117722106243,2.0,,,,land,EAS,,
2531,Nafea,2024,https://doi.org/10.1016/j.envpol.2024.125567,,,,o,600.25,,1200.5,fragment,2023-05-17,2023-05-18,121.56,29.8,,,,,0.028820000000000002,,,,0.011748401961025822,2.0,,,,land,EAS,,
2532,Nafea,2024,https://doi.org/10.1016/j.envpol.2024.125567,,,,o,600.25,,1200.5,fragment,2023-05-23,2023-05-24,121.56,29.8,,,,,0.04532,,,,0.018474586289857396,2.0,,,,land,EAS,,
2533,Nafea,2024,https://doi.org/10.1016/j.envpol.2024.125567,,,,o,600.25,,1200.5,fragment,2023-05-29,2023-05-30,121.56,29.8,,,,,0.0165,,,,0.006726184328831577,2.0,,,,land,EAS,,
2534,Nafea,2024,https://doi.org/10.1016/j.envpol.2024.125567,,,,o,600.25,,1200.5,fragment,2023-06-04,2023-06-05,121.56,29.8,,,,,0.024640000000000002,,,,0.01004443526438849,2.0,,,,land,EAS,,
2535,Nafea,2024,https://doi.org/10.1016/j.envpol.2024.125567,,,,o,600.25,,1200.5,fragment,2023-06-10,2023-06-11,121.56,29.8,,,,,0.028820000000000002,,,,0.011748401961025822,2.0,,,,land,EAS,,
2536,Nafea,2024,https://doi.org/10.1016/j.envpol.2024.125567,,,,o,600.25,,1200.5,fragment,2023-06-16,2023-06-17,121.56,29.8,,,,,0.049280000000000004,,,,0.02008887052877698,2.0,,,,land,EAS,,
2537,Nafea,2024,https://doi.org/10.1016/j.envpol.2024.125567,,,,o,600.25,,1200.5,fragment,2023-06-21,2023-06-22,121.56,29.8,,,,,0.0165,,,,0.006726184328831577,2.0,,,,land,EAS,,
2538,Nafea,2024,https://doi.org/10.1016/j.envpol.2024.125567,,,,o,600.25,,1200.5,fragment,2023-06-27,2023-06-28,121.56,29.8,,,,,0.04114,,,,0.016770619593220067,2.0,,,,land,EAS,,
2539,Nafea,2024,https://doi.org/10.1016/j.envpol.2024.125567,,,,o,600.25,,1200.5,fragment,2023-07-03,2023-07-04,121.56,29.8,,,,,0.033,,,,0.013452368657663154,2.0,,,,land,EAS,,
2540,Nafea,2024,https://doi.org/10.1016/j.envpol.2024.125567,,,,o,600.25,,1200.5,fragment,2023-07-09,2023-07-10,121.56,29.8,,,,,0.02068,,,,0.00843015102546891,2.0,,,,land,EAS,,
2541,Nafea,2024,https://doi.org/10.1016/j.envpol.2024.125567,,,,o,600.25,,1200.5,fragment,2023-07-27,2023-07-28,121.56,29.8,,,,,0.012320000000000001,,,,0.005022217632194245,2.0,,,,land,EAS,,
2542,Nafea,2024,https://doi.org/10.1016/j.envpol.2024.125567,,,,o,600.25,,1200.5,fragment,2023-08-03,2023-08-04,121.56,29.8,,,,,0.0165,,,,0.006726184328831577,2.0,,,,land,EAS,,
2543,Nafea,2024,https://doi.org/10.1016/j.envpol.2024.125567,,,,o,600.25,,1200.5,fragment,2023-08-09,2023-08-10,121.56,29.8,,,,,0.02068,,,,0.00843015102546891,2.0,,,,land,EAS,,
2544,Nafea,2024,https://doi.org/10.1016/j.envpol.2024.125567,,,,o,600.25,,1200.5,fragment,2023-08-15,2023-08-16,121.56,29.8,,,,,0.05346,,,,0.021792837225414308,2.0,,,,land,EAS,,
2545,Nafea,2024,https://doi.org/10.1016/j.envpol.2024.125567,,,,o,600.25,,1200.5,fragment,2023-08-21,2023-08-22,121.56,29.8,,,,,0.024640000000000002,,,,0.01004443526438849,2.0,,,,land,EAS,,
2546,Nafea,2024,https://doi.org/10.1016/j.envpol.2024.125567,,,,o,600.25,,1200.5,fragment,2023-09-08,2023-09-09,121.56,29.8,,,,,0.033,,,,0.013452368657663154,2.0,,,,land,EAS,,
2547,Nafea,2024,https://doi.org/10.1016/j.envpol.2024.125567,,,,o,600.25,,1200.5,fragment,2023-09-14,2023-09-15,121.56,29.8,,,,,0.012320000000000001,,,,0.005022217632194245,2.0,,,,land,EAS,,
2548,Nafea,2024,https://doi.org/10.1016/j.envpol.2024.125567,,,,o,600.25,,1200.5,fragment,2023-09-20,2023-09-21,121.56,29.8,,,,,0.024640000000000002,,,,0.01004443526438849,2.0,,,,land,EAS,,
2549,Nafea,2024,https://doi.org/10.1016/j.envpol.2024.125567,,,,o,600.25,,1200.5,fragment,2024-09-23,2024-09-24,121.56,29.8,,,,,0.024640000000000002,,,,0.01004443526438849,2.0,,,,land,EAS,,
2550,Nafea,2024,https://doi.org/10.1016/j.envpol.2024.125567,,,,o,600.25,,1200.5,fragment,2024-09-29,2024-09-30,121.56,29.8,,,,,0.02068,,,,0.00843015102546891,2.0,,,,land,EAS,,
2551,Nafea,2024,https://doi.org/10.1016/j.envpol.2024.125567,,,,o,600.25,,1200.5,fragment,2024-10-05,2024-10-06,121.56,29.8,,,,,0.028820000000000002,,,,0.011748401961025822,2.0,,,,land,EAS,,
2552,Nafea,2024,https://doi.org/10.1016/j.envpol.2024.125567,,,,o,600.25,,1200.5,fragment,2024-10-11,2024-10-12,121.56,29.8,,,,,0.033,,,,0.013452368657663154,2.0,,,,land,EAS,,
2553,Nafea,2024,https://doi.org/10.1016/j.envpol.2024.125567,,,,o,600.25,,1200.5,fragment,2024-10-17,2024-10-18,121.56,29.8,,,,,0.04532,,,,0.018474586289857396,2.0,,,,land,EAS,,
2554,Nafea,2024,https://doi.org/10.1016/j.envpol.2024.125567,,,,o,600.25,,1200.5,fragment,2024-10-23,2024-10-24,121.56,29.8,,,,,0.028820000000000002,,,,0.011748401961025822,2.0,,,,land,EAS,,
2555,Nafea,2024,https://doi.org/10.1016/j.envpol.2024.125567,,,,o,600.25,,1200.5,fragment,2024-10-29,2024-10-30,121.56,29.8,,,,,0.02068,,,,0.00843015102546891,2.0,,,,land,EAS,,
2556,Nafea,2024,https://doi.org/10.1016/j.envpol.2024.125567,,,,o,600.25,,1200.5,fragment,2024-11-04,2024-11-05,121.56,29.8,,,,,0.03696,,,,0.015066652896582731,2.0,,,,land,EAS,,
2557,Nafea,2024,https://doi.org/10.1016/j.envpol.2024.125567,,,,o,600.25,,1200.5,fragment,2024-11-10,2024-11-11,121.56,29.8,,,,,0.049280000000000004,,,,0.02008887052877698,2.0,,,,land,EAS,,
2558,Nafea,2024,https://doi.org/10.1016/j.envpol.2024.125567,,,,o,600.25,,1200.5,fragment,2024-11-16,2024-11-17,121.56,29.8,,,,,0.028820000000000002,,,,0.011748401961025822,2.0,,,,land,EAS,,
2559,Nafea,2024,https://doi.org/10.1016/j.envpol.2024.125567,,,,o,600.25,,1200.5,fragment,2024-11-28,2024-11-29,121.56,29.8,,,,,0.024640000000000002,,,,0.01004443526438849,2.0,,,,land,EAS,,
2560,Nafea,2024,https://doi.org/10.1016/j.envpol.2024.125567,,,,o,600.25,,1200.5,fragment,2024-12-04,2024-12-05,121.56,29.8,,,,,0.04114,,,,0.016770619593220067,2.0,,,,land,EAS,,
2561,Nafea,2024,https://doi.org/10.1016/j.envpol.2024.125567,,,,o,600.25,,1200.5,fragment,2024-12-16,2024-12-17,121.56,29.8,,,,,0.04114,,,,0.016770619593220067,2.0,,,,land,EAS,,
2562,Nafea,2024,https://doi.org/10.1016/j.envpol.2024.125567,,,,o,600.25,,1200.5,fragment,2024-12-22,2024-12-23,121.56,29.8,,,,,0.012320000000000001,,,,0.005022217632194245,2.0,,,,land,EAS,,
2563,Nafea,2024,https://doi.org/10.1016/j.envpol.2024.125567,,,,o,600.25,,1200.5,fragment,2024-01-02,2024-01-03,121.56,29.8,,,,,0.06577999999999999,,,,0.026815054857608548,2.0,,,,land,EAS,,
2564,Nafea,2024,https://doi.org/10.1016/j.envpol.2024.125567,,,,o,600.25,,1200.5,fragment,2024-01-08,2024-01-09,121.56,29.8,,,,,0.057640000000000004,,,,0.023496803922051644,2.0,,,,land,EAS,,
2565,Nafea,2024,https://doi.org/10.1016/j.envpol.2024.125567,,,,o,600.25,,1200.5,fragment,2024-01-14,2024-01-15,121.56,29.8,,,,,0.05346,,,,0.021792837225414308,2.0,,,,land,EAS,,
2566,Nafea,2024,https://doi.org/10.1016/j.envpol.2024.125567,,,,o,600.25,,1200.5,fragment,2024-01-20,2024-01-21,121.56,29.8,,,,,0.057640000000000004,,,,0.023496803922051644,2.0,,,,land,EAS,,
2567,Nafea,2024,https://doi.org/10.1016/j.envpol.2024.125567,,,,o,600.25,,1200.5,fragment,2024-01-26,2024-01-27,121.56,29.8,,,,,0.049280000000000004,,,,0.02008887052877698,2.0,,,,land,EAS,,
2568,Nafea,2024,https://doi.org/10.1016/j.envpol.2024.125567,,,,o,600.25,,1200.5,fragment,2024-02-01,2024-02-02,121.56,29.8,,,,,0.057640000000000004,,,,0.023496803922051644,2.0,,,,land,EAS,,
2569,Nafea,2024,https://doi.org/10.1016/j.envpol.2024.125567,,,,o,600.25,,1200.5,fragment,2024-02-07,2024-02-08,121.56,29.8,,,,,0.08646000000000001,,,,0.03524520588307747,2.0,,,,land,EAS,,
2570,Nafea,2024,https://doi.org/10.1016/j.envpol.2024.125567,,,,o,600.25,,1200.5,fragment,2024-02-13,2024-02-14,121.56,29.8,,,,,0.0946,,,,0.03856345681863437,2.0,,,,land,EAS,,
2571,Nafea,2024,https://doi.org/10.1016/j.envpol.2024.125567,,,,o,600.25,,1200.5,fragment,2024-02-19,2024-02-20,121.56,29.8,,,,,0.04532,,,,0.018474586289857396,2.0,,,,land,EAS,,
2572,Nafea,2024,https://doi.org/10.1016/j.envpol.2024.125567,,,,o,600.25,,1200.5,fragment,2024-02-25,2024-02-26,121.56,29.8,,,,,0.049280000000000004,,,,0.02008887052877698,2.0,,,,land,EAS,,
2573,Nafea,2024,https://doi.org/10.1016/j.envpol.2024.125567,,,,o,600.25,,1200.5,fragment,2024-03-02,2024-03-03,121.56,29.8,,,,,0.057640000000000004,,,,0.023496803922051644,2.0,,,,land,EAS,,
2574,Nafea,2024,https://doi.org/10.1016/j.envpol.2024.125567,,,,o,600.25,,1200.5,fragment,2024-03-14,2024-03-15,121.56,29.8,,,,,0.04114,,,,0.016770619593220067,2.0,,,,land,EAS,,
2575,Nafea,2024,https://doi.org/10.1016/j.envpol.2024.125567,,,,o,600.25,,1200.5,fragment,2024-03-20,2024-03-21,121.56,29.8,,,,,0.04114,,,,0.016770619593220067,2.0,,,,land,EAS,,
2576,Nafea,2024,https://doi.org/10.1016/j.envpol.2024.125567,,,,o,570.75,,1141.5,fragment,2023-04-20,2023-04-21,121.89,29.75,,,,,0.01095,,,,0.0038374275936868827,2.0,,,,coastal,EAS,,
2577,Nafea,2024,https://doi.org/10.1016/j.envpol.2024.125567,,,,o,570.75,,1141.5,fragment,2023-04-26,2023-04-27,121.89,29.75,,,,,0.007649999999999999,,,,0.0026809425654524795,2.0,,,,coastal,EAS,,
2578,Nafea,2024,https://doi.org/10.1016/j.envpol.2024.125567,,,,o,570.75,,1141.5,fragment,2023-05-17,2023-05-18,121.89,29.75,,,,,0.00675,,,,0.002365537557752188,2.0,,,,coastal,EAS,,
2579,Nafea,2024,https://doi.org/10.1016/j.envpol.2024.125567,,,,o,570.75,,1141.5,fragment,2023-05-23,2023-05-24,121.89,29.75,,,,,0.0126,,,,0.004415670107804084,2.0,,,,coastal,EAS,,
2580,Nafea,2024,https://doi.org/10.1016/j.envpol.2024.125567,,,,o,570.75,,1141.5,fragment,2023-05-29,2023-05-30,121.89,29.75,,,,,0.0032999999999999995,,,,0.001156485028234403,2.0,,,,coastal,EAS,,
2581,Nafea,2024,https://doi.org/10.1016/j.envpol.2024.125567,,,,o,570.75,,1141.5,fragment,2023-06-04,2023-06-05,121.89,29.75,,,,,0.00585,,,,0.0020501325500518965,2.0,,,,coastal,EAS,,
2582,Nafea,2024,https://doi.org/10.1016/j.envpol.2024.125567,,,,o,570.75,,1141.5,fragment,2023-06-10,2023-06-11,121.89,29.75,,,,,0.007649999999999999,,,,0.0026809425654524795,2.0,,,,coastal,EAS,,
2583,Nafea,2024,https://doi.org/10.1016/j.envpol.2024.125567,,,,o,570.75,,1141.5,fragment,2023-06-16,2023-06-17,121.89,29.75,,,,,0.014249999999999999,,,,0.004993912621921286,2.0,,,,coastal,EAS,,
2584,Nafea,2024,https://doi.org/10.1016/j.envpol.2024.125567,,,,o,570.75,,1141.5,fragment,2023-06-21,2023-06-22,121.89,29.75,,,,,0.0032999999999999995,,,,0.001156485028234403,2.0,,,,coastal,EAS,,
2585,Nafea,2024,https://doi.org/10.1016/j.envpol.2024.125567,,,,o,570.75,,1141.5,fragment,2023-06-27,2023-06-28,121.89,29.75,,,,,0.007649999999999999,,,,0.0026809425654524795,2.0,,,,coastal,EAS,,
2586,Nafea,2024,https://doi.org/10.1016/j.envpol.2024.125567,,,,o,570.75,,1141.5,fragment,2023-07-03,2023-07-04,121.89,29.75,,,,,0.00585,,,,0.0020501325500518965,2.0,,,,coastal,EAS,,
2587,Nafea,2024,https://doi.org/10.1016/j.envpol.2024.125567,,,,o,570.75,,1141.5,fragment,2023-07-09,2023-07-10,121.89,29.75,,,,,0.0042,,,,0.0014718900359346947,2.0,,,,coastal,EAS,,
2588,Nafea,2024,https://doi.org/10.1016/j.envpol.2024.125567,,,,o,570.75,,1141.5,fragment,2023-07-27,2023-07-28,121.89,29.75,,,,,0.00255,,,,0.0008936475218174933,2.0,,,,coastal,EAS,,
2589,Nafea,2024,https://doi.org/10.1016/j.envpol.2024.125567,,,,o,570.75,,1141.5,fragment,2023-08-03,2023-08-04,121.89,29.75,,,,,0.00255,,,,0.0008936475218174933,2.0,,,,coastal,EAS,,
2590,Nafea,2024,https://doi.org/10.1016/j.envpol.2024.125567,,,,o,570.75,,1141.5,fragment,2023-08-09,2023-08-10,121.89,29.75,,,,,0.0126,,,,0.004415670107804084,2.0,,,,coastal,EAS,,
2591,Nafea,2024,https://doi.org/10.1016/j.envpol.2024.125567,,,,o,570.75,,1141.5,fragment,2023-08-15,2023-08-16,121.89,29.75,,,,,0.007649999999999999,,,,0.0026809425654524795,2.0,,,,coastal,EAS,,
2592,Nafea,2024,https://doi.org/10.1016/j.envpol.2024.125567,,,,o,570.75,,1141.5,fragment,2023-08-21,2023-08-22,121.89,29.75,,,,,0.00255,,,,0.0008936475218174933,2.0,,,,coastal,EAS,,
2593,Nafea,2024,https://doi.org/10.1016/j.envpol.2024.125567,,,,o,570.75,,1141.5,fragment,2023-09-08,2023-09-09,121.89,29.75,,,,,0.00585,,,,0.0020501325500518965,2.0,,,,coastal,EAS,,
2594,Nafea,2024,https://doi.org/10.1016/j.envpol.2024.125567,,,,o,570.75,,1141.5,fragment,2023-09-14,2023-09-15,121.89,29.75,,,,,0.00255,,,,0.0008936475218174933,2.0,,,,coastal,EAS,,
2595,Nafea,2024,https://doi.org/10.1016/j.envpol.2024.125567,,,,o,570.75,,1141.5,fragment,2023-09-20,2023-09-21,121.89,29.75,,,,,0.0051,,,,0.0017872950436349866,2.0,,,,coastal,EAS,,
2596,Nafea,2024,https://doi.org/10.1016/j.envpol.2024.125567,,,,o,570.75,,1141.5,fragment,2024-09-23,2024-09-24,121.89,29.75,,,,,0.01125,,,,0.003942562596253646,2.0,,,,coastal,EAS,,
2597,Nafea,2024,https://doi.org/10.1016/j.envpol.2024.125567,,,,o,570.75,,1141.5,fragment,2024-09-29,2024-09-30,121.89,29.75,,,,,0.0084,,,,0.0029437800718693894,2.0,,,,coastal,EAS,,
2598,Nafea,2024,https://doi.org/10.1016/j.envpol.2024.125567,,,,o,570.75,,1141.5,fragment,2024-10-05,2024-10-06,121.89,29.75,,,,,0.0168,,,,0.005887560143738779,2.0,,,,coastal,EAS,,
2599,Nafea,2024,https://doi.org/10.1016/j.envpol.2024.125567,,,,o,570.75,,1141.5,fragment,2024-10-11,2024-10-12,121.89,29.75,,,,,0.0168,,,,0.005887560143738779,2.0,,,,coastal,EAS,,
2600,Nafea,2024,https://doi.org/10.1016/j.envpol.2024.125567,,,,o,570.75,,1141.5,fragment,2024-10-17,2024-10-18,121.89,29.75,,,,,0.0225,,,,0.007885125192507293,2.0,,,,coastal,EAS,,
2601,Nafea,2024,https://doi.org/10.1016/j.envpol.2024.125567,,,,o,570.75,,1141.5,fragment,2024-10-23,2024-10-24,121.89,29.75,,,,,0.01965,,,,0.006886342668123036,2.0,,,,coastal,EAS,,
2602,Nafea,2024,https://doi.org/10.1016/j.envpol.2024.125567,,,,o,570.75,,1141.5,fragment,2024-10-29,2024-10-30,121.89,29.75,,,,,0.0168,,,,0.005887560143738779,2.0,,,,coastal,EAS,,
2603,Nafea,2024,https://doi.org/10.1016/j.envpol.2024.125567,,,,o,570.75,,1141.5,fragment,2024-11-04,2024-11-05,121.89,29.75,,,,,0.01965,,,,0.006886342668123036,2.0,,,,coastal,EAS,,
2604,Nafea,2024,https://doi.org/10.1016/j.envpol.2024.125567,,,,o,570.75,,1141.5,fragment,2024-11-10,2024-11-11,121.89,29.75,,,,,0.030899999999999997,,,,0.010828905264376682,2.0,,,,coastal,EAS,,
2605,Nafea,2024,https://doi.org/10.1016/j.envpol.2024.125567,,,,o,570.75,,1141.5,fragment,2024-11-16,2024-11-17,121.89,29.75,,,,,0.0225,,,,0.007885125192507293,2.0,,,,coastal,EAS,,
2606,Nafea,2024,https://doi.org/10.1016/j.envpol.2024.125567,,,,o,570.75,,1141.5,fragment,2024-11-28,2024-11-29,121.89,29.75,,,,,0.02805,,,,0.009830122739992425,2.0,,,,coastal,EAS,,
2607,Nafea,2024,https://doi.org/10.1016/j.envpol.2024.125567,,,,o,570.75,,1141.5,fragment,2024-12-04,2024-12-05,121.89,29.75,,,,,0.0252,,,,0.008831340215608168,2.0,,,,coastal,EAS,,
2608,Nafea,2024,https://doi.org/10.1016/j.envpol.2024.125567,,,,o,570.75,,1141.5,fragment,2024-12-16,2024-12-17,121.89,29.75,,,,,0.0225,,,,0.007885125192507293,2.0,,,,coastal,EAS,,
2609,Nafea,2024,https://doi.org/10.1016/j.envpol.2024.125567,,,,o,570.75,,1141.5,fragment,2024-12-22,2024-12-23,121.89,29.75,,,,,0.005549999999999999,,,,0.0019449975474851323,2.0,,,,coastal,EAS,,
2610,Nafea,2024,https://doi.org/10.1016/j.envpol.2024.125567,,,,o,570.75,,1141.5,fragment,2024-01-02,2024-01-03,121.89,29.75,,,,,0.0336,,,,0.011775120287477557,2.0,,,,coastal,EAS,,
2611,Nafea,2024,https://doi.org/10.1016/j.envpol.2024.125567,,,,o,570.75,,1141.5,fragment,2024-01-08,2024-01-09,121.89,29.75,,,,,0.030899999999999997,,,,0.010828905264376682,2.0,,,,coastal,EAS,,
2612,Nafea,2024,https://doi.org/10.1016/j.envpol.2024.125567,,,,o,570.75,,1141.5,fragment,2024-01-14,2024-01-15,121.89,29.75,,,,,0.0252,,,,0.008831340215608168,2.0,,,,coastal,EAS,,
2613,Nafea,2024,https://doi.org/10.1016/j.envpol.2024.125567,,,,o,570.75,,1141.5,fragment,2024-01-20,2024-01-21,121.89,29.75,,,,,0.02805,,,,0.009830122739992425,2.0,,,,coastal,EAS,,
2614,Nafea,2024,https://doi.org/10.1016/j.envpol.2024.125567,,,,o,570.75,,1141.5,fragment,2024-01-26,2024-01-27,121.89,29.75,,,,,0.02805,,,,0.009830122739992425,2.0,,,,coastal,EAS,,
2615,Nafea,2024,https://doi.org/10.1016/j.envpol.2024.125567,,,,o,570.75,,1141.5,fragment,2024-02-01,2024-02-02,121.89,29.75,,,,,0.036449999999999996,,,,0.012773902811861814,2.0,,,,coastal,EAS,,
2616,Nafea,2024,https://doi.org/10.1016/j.envpol.2024.125567,,,,o,570.75,,1141.5,fragment,2024-02-07,2024-02-08,121.89,29.75,,,,,0.0477,,,,0.01671646540811546,2.0,,,,coastal,EAS,,
2617,Nafea,2024,https://doi.org/10.1016/j.envpol.2024.125567,,,,o,570.75,,1141.5,fragment,2024-02-13,2024-02-14,121.89,29.75,,,,,0.061799999999999994,,,,0.021657810528753364,2.0,,,,coastal,EAS,,
2618,Nafea,2024,https://doi.org/10.1016/j.envpol.2024.125567,,,,o,570.75,,1141.5,fragment,2024-02-19,2024-02-20,121.89,29.75,,,,,0.0225,,,,0.007885125192507293,2.0,,,,coastal,EAS,,
2619,Nafea,2024,https://doi.org/10.1016/j.envpol.2024.125567,,,,o,570.75,,1141.5,fragment,2024-02-25,2024-02-26,121.89,29.75,,,,,0.02805,,,,0.009830122739992425,2.0,,,,coastal,EAS,,
2620,Nafea,2024,https://doi.org/10.1016/j.envpol.2024.125567,,,,o,570.75,,1141.5,fragment,2024-03-02,2024-03-03,121.89,29.75,,,,,0.0336,,,,0.011775120287477557,2.0,,,,coastal,EAS,,
2621,Nafea,2024,https://doi.org/10.1016/j.envpol.2024.125567,,,,o,570.75,,1141.5,fragment,2024-03-14,2024-03-15,121.89,29.75,,,,,0.030899999999999997,,,,0.010828905264376682,2.0,,,,coastal,EAS,,
2622,Nafea,2024,https://doi.org/10.1016/j.envpol.2024.125567,,,,o,570.75,,1141.5,fragment,2024-03-20,2024-03-21,121.89,29.75,,,,,0.0252,,,,0.008831340215608168,2.0,,,,coastal,EAS,,
2623,Elnahas,2024,https://doi.org/10.1021/acsestair.4c00189,,,o,,7.0710678118654755,,282.842712474619,fiber,2023-03-22,2023-04-12,-80.46,37.32,,,,28.560000000000002,,,,0.00038065498332279446,,40.0,,,,land,NAM,,
2624,Elnahas,2024,https://doi.org/10.1021/acsestair.4c00189,,,o,,7.0710678118654755,,282.842712474619,fiber,2023-03-22,2023-04-12,-80.58,37.2,,,,18.87,,,,0.0002515041854097035,,40.0,,,,land,NAM,,
2625,Elnahas,2024,https://doi.org/10.1021/acsestair.4c00189,,,o,,7.0710678118654755,,282.842712474619,fiber,2023-04-27,2023-05-18,-80.46,37.32,,,,29.07,,,,0.0003874523937392729,,40.0,,,,land,NAM,,
2626,Elnahas,2024,https://doi.org/10.1021/acsestair.4c00189,,,o,,7.0710678118654755,,282.842712474619,fiber,2023-04-27,2023-05-18,-80.58,37.2,,,,63.75,,,,0.000849676302059809,,40.0,,,,land,NAM,,
2627,Elnahas,2024,https://doi.org/10.1021/acsestair.4c00189,,,o,,7.0710678118654755,,282.842712474619,fiber,2023-05-31,2023-06-21,-80.46,37.32,,,,40.8,,,,0.0005437928333182776,,40.0,,,,land,NAM,,
2628,Elnahas,2024,https://doi.org/10.1021/acsestair.4c00189,,,o,,7.0710678118654755,,282.842712474619,fiber,2023-05-31,2023-06-21,-80.58,37.2,,,,30.09,,,,0.0004010472145722298,,40.0,,,,land,NAM,,
2629,Elnahas,2024,https://doi.org/10.1021/acsestair.4c00189,,,o,,7.0710678118654755,,282.842712474619,fiber,2023-07-02,2023-07-23,-80.46,37.32,,,,39.27,,,,0.0005234006020688423,,40.0,,,,land,NAM,,
2630,Elnahas,2024,https://doi.org/10.1021/acsestair.4c00189,,,o,,7.0710678118654755,,282.842712474619,fiber,2023-07-02,2023-07-23,-80.58,37.2,,,,17.85,,,,0.00023790936457674652,,40.0,,,,land,NAM,,
2631,Elnahas,2024,https://doi.org/10.1021/acsestair.4c00189,,,o,,7.0710678118654755,,282.842712474619,fiber,2023-08-19,2023-09-09,-80.46,37.32,,,,51.0,,,,0.0006797410416478472,,40.0,,,,land,NAM,,
2632,Elnahas,2024,https://doi.org/10.1021/acsestair.4c00189,,,o,,7.0710678118654755,,282.842712474619,fiber,2023-08-19,2023-09-09,-80.58,37.2,,,,28.560000000000002,,,,0.00038065498332279446,,40.0,,,,land,NAM,,
2633,Elnahas,2024,https://doi.org/10.1021/acsestair.4c00189,,,o,,47.3550419702063,,94.7100839404126,fragment,2023-03-22,2023-04-12,-80.46,37.32,,,,22.400000000000002,,,,0.004483684138799532,,2.0,,,,land,NAM,,
2634,Elnahas,2024,https://doi.org/10.1021/acsestair.4c00189,,,o,,47.3550419702063,,94.7100839404126,fragment,2023-03-22,2023-04-12,-80.58,37.2,,,,14.8,,,,0.0029624341631354044,,2.0,,,,land,NAM,,
2635,Elnahas,2024,https://doi.org/10.1021/acsestair.4c00189,,,o,,47.3550419702063,,94.7100839404126,fragment,2023-04-27,2023-05-18,-80.46,37.32,,,,22.8,,,,0.00456374992699238,,2.0,,,,land,NAM,,
2636,Elnahas,2024,https://doi.org/10.1021/acsestair.4c00189,,,o,,47.3550419702063,,94.7100839404126,fragment,2023-04-27,2023-05-18,-80.58,37.2,,,,50.0,,,,0.010008223524106095,,2.0,,,,land,NAM,,
2637,Elnahas,2024,https://doi.org/10.1021/acsestair.4c00189,,,o,,47.3550419702063,,94.7100839404126,fragment,2023-05-31,2023-06-21,-80.46,37.32,,,,32.0,,,,0.006405263055427901,,2.0,,,,land,NAM,,
2638,Elnahas,2024,https://doi.org/10.1021/acsestair.4c00189,,,o,,47.3550419702063,,94.7100839404126,fragment,2023-05-31,2023-06-21,-80.58,37.2,,,,23.6,,,,0.004723881503378078,,2.0,,,,land,NAM,,
2639,Elnahas,2024,https://doi.org/10.1021/acsestair.4c00189,,,o,,47.3550419702063,,94.7100839404126,fragment,2023-07-02,2023-07-23,-80.46,37.32,,,,30.8,,,,0.006165065690849355,,2.0,,,,land,NAM,,
2640,Elnahas,2024,https://doi.org/10.1021/acsestair.4c00189,,,o,,47.3550419702063,,94.7100839404126,fragment,2023-07-02,2023-07-23,-80.58,37.2,,,,14.0,,,,0.002802302586749707,,2.0,,,,land,NAM,,
2641,Elnahas,2024,https://doi.org/10.1021/acsestair.4c00189,,,o,,47.3550419702063,,94.7100839404126,fragment,2023-08-19,2023-09-09,-80.46,37.32,,,,40.0,,,,0.008006578819284876,,2.0,,,,land,NAM,,
2642,Elnahas,2024,https://doi.org/10.1021/acsestair.4c00189,,,o,,47.3550419702063,,94.7100839404126,fragment,2023-08-19,2023-09-09,-80.58,37.2,,,,22.400000000000002,,,,0.004483684138799532,,2.0,,,,land,NAM,,
2643,Elnahas,2024,https://doi.org/10.1021/acsestair.4c00189,,,o,,,,241.24676163629638,film,2023-03-22,2023-04-12,-80.46,37.32,,,,5.04,,,,2.864773932352007e-05,,48.249352327259274,241.24676163629638,170.5872210923198,5.0,land,NAM,,
2644,Elnahas,2024,https://doi.org/10.1021/acsestair.4c00189,,,o,,,,241.24676163629638,film,2023-03-22,2023-04-12,-80.58,37.2,,,,3.33,,,,1.892797062446862e-05,,48.249352327259274,241.24676163629638,170.5872210923198,5.0,land,NAM,,
2645,Elnahas,2024,https://doi.org/10.1021/acsestair.4c00189,,,o,,,,241.24676163629638,film,2023-04-27,2023-05-18,-80.46,37.32,,,,5.13,,,,2.9159306097154357e-05,,48.249352327259274,241.24676163629638,170.5872210923198,5.0,land,NAM,,
2646,Elnahas,2024,https://doi.org/10.1021/acsestair.4c00189,,,o,,,,241.24676163629638,film,2023-04-27,2023-05-18,-80.58,37.2,,,,11.25,,,,6.394584670428588e-05,,48.249352327259274,241.24676163629638,170.5872210923198,5.0,land,NAM,,
2647,Elnahas,2024,https://doi.org/10.1021/acsestair.4c00189,,,o,,,,241.24676163629638,film,2023-05-31,2023-06-21,-80.46,37.32,,,,7.199999999999999,,,,4.0925341890742956e-05,,48.249352327259274,241.24676163629638,170.5872210923198,5.0,land,NAM,,
2648,Elnahas,2024,https://doi.org/10.1021/acsestair.4c00189,,,o,,,,241.24676163629638,film,2023-05-31,2023-06-21,-80.58,37.2,,,,5.31,,,,3.018243964442293e-05,,48.249352327259274,241.24676163629638,170.5872210923198,5.0,land,NAM,,
2649,Elnahas,2024,https://doi.org/10.1021/acsestair.4c00189,,,o,,,,241.24676163629638,film,2023-07-02,2023-07-23,-80.46,37.32,,,,6.93,,,,3.9390641569840095e-05,,48.249352327259274,241.24676163629638,170.5872210923198,5.0,land,NAM,,
2650,Elnahas,2024,https://doi.org/10.1021/acsestair.4c00189,,,o,,,,241.24676163629638,film,2023-07-02,2023-07-23,-80.58,37.2,,,,3.15,,,,1.7904837077200046e-05,,48.249352327259274,241.24676163629638,170.5872210923198,5.0,land,NAM,,
2651,Elnahas,2024,https://doi.org/10.1021/acsestair.4c00189,,,o,,,,241.24676163629638,film,2023-08-19,2023-09-09,-80.46,37.32,,,,9.0,,,,5.11566773634287e-05,,48.249352327259274,241.24676163629638,170.5872210923198,5.0,land,NAM,,
2652,Elnahas,2024,https://doi.org/10.1021/acsestair.4c00189,,,o,,,,241.24676163629638,film,2023-08-19,2023-09-09,-80.58,37.2,,,,5.04,,,,2.864773932352007e-05,,48.249352327259274,241.24676163629638,170.5872210923198,5.0,land,NAM,,
2653,Illuminati,2024,https://doi.org/10.1016/j.scitotenv.2024.175221,,,o,,4.35,,8.7,fragment,2020-01-07,2020-12-10,161.76666666666668,-74.95,1250.0,,,3.268,,,,5.070352264699498e-07,,2.0,,,,coastal,ANT,,
2654,Illuminati,2024,https://doi.org/10.1016/j.scitotenv.2024.175221,,,o,,4.35,,8.7,fragment,2020-01-07,2020-11-29,163.65,-74.9,20.0,,,2.0235,,,,3.1394913732005613e-07,,2.0,,,,coastal,ANT,,
2655,Illuminati,2024,https://doi.org/10.1016/j.scitotenv.2024.175221,,,o,,4.35,,8.7,fragment,2020-01-20,2020-12-20,164.115,-74.71666666666667,60.0,,,2.6409999999999996,,,,4.0975521208908736e-07,,2.0,,,,coastal,ANT,,
2656,Illuminati,2024,https://doi.org/10.1016/j.scitotenv.2024.175221,,,o,,4.35,,8.7,fragment,2020-01-06,2020-11-18,163.45,-74.16666666666667,1621.0,,,2.7835,,,,4.3186430626655614e-07,,2.0,,,,coastal,ANT,,
2657,Illuminati,2024,https://doi.org/10.1016/j.scitotenv.2024.175221,,,o,,4.35,,8.7,fragment,2020-01-18,2020-11-17,165.13333333333333,-74.33333333333333,30.0,,,0.722,,,,1.1201941049917498e-07,,2.0,,,,coastal,ANT,,
2658,Illuminati,2024,https://doi.org/10.1016/j.scitotenv.2024.175221,,,o,,4.35,,8.7,fragment,2020-01-20,2020-12-05,166.61666666666667,-73.58333333333333,160.0,,,1.3775,,,,2.1372124371553118e-07,,2.0,,,,coastal,ANT,,
2659,Illuminati,2024,https://doi.org/10.1016/j.scitotenv.2024.175221,,,o,,10.0,,400.0,fiber,2020-01-07,2020-12-10,161.76666666666668,-74.95,1250.0,,,0.17200000000000001,,,,6.484056000000001e-06,,40.0,,,,coastal,ANT,,
2660,Illuminati,2024,https://doi.org/10.1016/j.scitotenv.2024.175221,,,o,,10.0,,400.0,fiber,2020-01-07,2020-11-29,163.65,-74.9,20.0,,,0.1065,,,,4.0148370000000005e-06,,40.0,,,,coastal,ANT,,
2661,Illuminati,2024,https://doi.org/10.1016/j.scitotenv.2024.175221,,,o,,10.0,,400.0,fiber,2020-01-20,2020-12-20,164.115,-74.71666666666667,60.0,,,0.13899999999999998,,,,5.240022e-06,,40.0,,,,coastal,ANT,,
2662,Illuminati,2024,https://doi.org/10.1016/j.scitotenv.2024.175221,,,o,,10.0,,400.0,fiber,2020-01-06,2020-11-18,163.45,-74.16666666666667,1621.0,,,0.14650000000000002,,,,5.5227570000000014e-06,,40.0,,,,coastal,ANT,,
2663,Illuminati,2024,https://doi.org/10.1016/j.scitotenv.2024.175221,,,o,,10.0,,400.0,fiber,2020-01-18,2020-11-17,165.13333333333333,-74.33333333333333,30.0,,,0.038000000000000006,,,,1.4325240000000003e-06,,40.0,,,,coastal,ANT,,
2664,Illuminati,2024,https://doi.org/10.1016/j.scitotenv.2024.175221,,,o,,10.0,,400.0,fiber,2020-01-20,2020-12-05,166.61666666666667,-73.58333333333333,160.0,,,0.0725,,,,2.733105e-06,,40.0,,,,coastal,ANT,,
2665,Logvina,2024,https://doi.org/10.3390/microplastics3040043,,,o,,,12-25,17.320508075688775,sphere,2022-09-29,2022-10-13,-8.637068,41.151629,,,,21.0,,,,6.856161596805344e-05,,,,,,coastal,EUR,,
2666,Logvina,2024,https://doi.org/10.3390/microplastics3040043,,,o,,,,17.320508075688775,sphere,2022-10-26,2022-11-09,-8.637068,41.151629,,,,72.0,,,,0.00023506839760475468,,,,,,coastal,EUR,,
2667,Logvina,2024,https://doi.org/10.3390/microplastics3040043,,,o,,,,17.320508075688775,sphere,2022-11-09,2022-11-23,-8.637068,41.151629,,,,7.0,,,,2.2853871989351147e-05,,,,,,coastal,EUR,,
2668,Logvina,2024,https://doi.org/10.3390/microplastics3040043,,,o,,,,17.320508075688775,sphere,2022-11-23,2022-12-07,-8.637068,41.151629,,,,39.0,,,,0.00012732871536924213,,,,,,coastal,EUR,,
2669,Logvina,2024,https://doi.org/10.3390/microplastics3040043,,,o,,,,17.320508075688775,sphere,2022-12-07,2022-12-21,-8.637068,41.151629,,,,5.0,,,,1.6324194278107963e-05,,,,,,coastal,EUR,,
2670,Logvina,2024,https://doi.org/10.3390/microplastics3040043,,,o,,,,17.320508075688775,sphere,2022-12-21,2023-01-04,-8.637068,41.151629,,,,0.0,,,,0.0,,,,,,coastal,EUR,,
2671,Logvina,2024,https://doi.org/10.3390/microplastics3040043,,,o,,,,17.320508075688775,sphere,2023-01-04,2023-01-18,-8.637068,41.151629,,,,2.0,,,,6.529677711243185e-06,,,,,,coastal,EUR,,
2672,Logvina,2024,https://doi.org/10.3390/microplastics3040043,,,o,,,,17.320508075688775,sphere,2023-01-18,2023-02-01,-8.637068,41.151629,,,,0.0,,,,0.0,,,,,,coastal,EUR,,
2673,Logvina,2024,https://doi.org/10.3390/microplastics3040043,,,o,,,,17.320508075688775,sphere,2023-02-01,2023-02-15,-8.637068,41.151629,,,,182.0,,,,0.0005942006717231298,,,,,,coastal,EUR,,
2674,Logvina,2024,https://doi.org/10.3390/microplastics3040043,,,o,,,,17.320508075688775,sphere,2023-02-15,2023-03-01,-8.637068,41.151629,,,,164.0,,,,0.0005354335723219412,,,,,,coastal,EUR,,
2675,Logvina,2024,https://doi.org/10.3390/microplastics3040043,,,o,,,,17.320508075688775,sphere,2023-03-01,2023-03-15,-8.637068,41.151629,,,,171.0,,,,0.0005582874443112924,,,,,,coastal,EUR,,
2676,Logvina,2024,https://doi.org/10.3390/microplastics3040043,,,o,,,,17.320508075688775,sphere,2023-03-15,2023-03-29,-8.637068,41.151629,,,,30.0,,,,9.794516566864778e-05,,,,,,coastal,EUR,,
2677,Logvina,2024,https://doi.org/10.3390/microplastics3040043,,,o,,,,17.320508075688775,sphere,2023-04-26,2023-05-10,-8.637068,41.151629,,,,355.0,,,,0.0011590177937456654,,,,,,coastal,EUR,,
2678,Logvina,2024,https://doi.org/10.3390/microplastics3040043,,,o,,,,17.320508075688775,sphere,2023-05-10,2023-05-24,-8.637068,41.151629,,,,534.0,,,,0.0017434239489019306,,,,,,coastal,EUR,,
2679,Logvina,2024,https://doi.org/10.3390/microplastics3040043,,,o,,,,17.320508075688775,sphere,2023-05-24,2023-06-07,-8.637068,41.151629,,,,341.0,,,,0.001113310049766963,,,,,,coastal,EUR,,
2680,Logvina,2024,https://doi.org/10.3390/microplastics3040043,,,o,,,,17.320508075688775,sphere,2023-06-07,2023-06-21,-8.637068,41.151629,,,,125.0,,,,0.0004081048569526991,,,,,,coastal,EUR,,
2681,Logvina,2024,https://doi.org/10.3390/microplastics3040043,,,o,,,,17.320508075688775,sphere,2023-06-21,2023-07-05,-8.637068,41.151629,,,,186.0,,,,0.0006072600271456162,,,,,,coastal,EUR,,
2682,Logvina,2024,https://doi.org/10.3390/microplastics3040043,,,o,,,,17.320508075688775,sphere,2023-07-05,2023-07-19,-8.637068,41.151629,,,,116.0,,,,0.0003787213072521048,,,,,,coastal,EUR,,
2683,Logvina,2024,https://doi.org/10.3390/microplastics3040043,,,o,,,,17.320508075688775,sphere,2023-12-05,2023-12-19,-8.637068,41.151629,,,,184.0,,,,0.0006007303494343731,,,,,,coastal,EUR,,
2684,Logvina,2024,https://doi.org/10.3390/microplastics3040043,,,o,,,,17.320508075688775,sphere,2023-12-19,2024-01-02,-8.637068,41.151629,,,,139.0,,,,0.00045381260093140137,,,,,,coastal,EUR,,
2685,Logvina,2024,https://doi.org/10.3390/microplastics3040043,,,o,,,,17.320508075688775,sphere,2024-01-23,2024-02-06,-8.637068,41.151629,,,,234.0,,,,0.0007639722922154527,,,,,,coastal,EUR,,
2686,Logvina,2024,https://doi.org/10.3390/microplastics3040043,,,o,,,,17.320508075688775,sphere,2024-02-06,2024-02-20,-8.637068,41.151629,,,,141.0,,,,0.0004603422786426446,,,,,,coastal,EUR,,
2687,Logvina,2024,https://doi.org/10.3390/microplastics3040043,,,o,,,,17.320508075688775,sphere,2024-02-20,2024-03-05,-8.637068,41.151629,,,,155.0,,,,0.0005060500226213468,,,,,,coastal,EUR,,
2688,Logvina,2024,https://doi.org/10.3390/microplastics3040043,,,o,,,,17.320508075688775,sphere,2024-03-05,2024-03-19,-8.637068,41.151629,,,,289.0,,,,0.0009435384292746403,,,,,,coastal,EUR,,
2689,Liu,2022,https://doi.org/10.1016/j.ecoenv.2022.113353,o,,,,3.061862178478973,,122.4744871391589,fiber,2020-02-01,2020-04-30,103.7,36.0,,95.3088,,,,0.00010313551136285045,,,,40.0,,,,land,EAS,added dry deposition data,
2690,Liu,2022,https://doi.org/10.1016/j.ecoenv.2022.113353,o,,,,3.061862178478973,,122.4744871391589,fiber,2020-05-01,2020-06-30,103.7,36.0,,39.6435,,,,4.289900454851137e-05,,,,40.0,,,,land,EAS,added dry deposition data,
2691,Liu,2022,https://doi.org/10.1016/j.ecoenv.2022.113353,o,,,,3.061862178478973,,122.4744871391589,fiber,2020-07-01,2020-08-31,103.7,36.0,,42.8355,,,,4.635313000461006e-05,,,,40.0,,,,land,EAS,added dry deposition data,
2692,Liu,2022,https://doi.org/10.1016/j.ecoenv.2022.113353,o,,,,61.23724356957946,,122.4744871391589,fragment,2020-02-01,2020-04-30,103.7,36.0,,89.0886,,,,0.03856180465014957,,,,2.0,,,,land,EAS,added dry deposition data,
2693,Liu,2022,https://doi.org/10.1016/j.ecoenv.2022.113353,o,,,,61.23724356957946,,122.4744871391589,fragment,2020-05-01,2020-06-30,103.7,36.0,,37.0562,,,,0.016039694702541872,,,,2.0,,,,land,EAS,added dry deposition data,
2694,Liu,2022,https://doi.org/10.1016/j.ecoenv.2022.113353,o,,,,61.23724356957946,,122.4744871391589,fragment,2020-07-01,2020-08-31,103.7,36.0,,40.0399,,,,0.017331182687925543,,,,2.0,,,,land,EAS,added dry deposition data,
